<project version="4">
  <component name="BookmarksManager">
    <option name="groups">
      <GroupState>
        <option name="name" value="BabySmurf" />
      </GroupState>
    </option>
  </component>
  <component name="BranchesTreeState">
    <expand>
      <path>
        <item name="ROOT" type="e8cecc67:BranchNodeDescriptor" />
        <item name="LOCAL_ROOT" type="e8cecc67:BranchNodeDescriptor" />
      </path>
    </expand>
    <select />
  </component>
  <component name="FileEditorManager">
    <leaf SIDE_TABS_SIZE_LIMIT_KEY="-1">
      <file>
        <entry file="file://$PROJECT_DIR$/Tests/UnitTest1.cs">
          <provider selected="true" editor-type-id="text-editor">
            <state relative-caret-position="1288">
              <caret line="68" column="5" selection-start-line="68" selection-start-column="5" selection-end-line="68" selection-end-column="5" />
              <folding>
                <marker date="1695978712000" expanded="true" signature="53:2049" ph="{...}" />
                <marker date="1695978712000" expanded="true" signature="102:677" ph="{...}" />
                <marker date="1695978712000" expanded="true" signature="136:284" ph="{...}" />
                <marker date="1695978712000" expanded="true" signature="845:903" ph="{...}" />
                <marker date="1695978712000" expanded="true" signature="1089:1158" ph="{...}" />
                <marker date="1695978712000" expanded="true" signature="1657:1721" ph="{...}" />
                <marker date="1695978712000" expanded="true" signature="1979:2047" ph="{...}" />
              </folding>
            </state>
          </provider>
        </entry>
      </file>
      <file current-in-tab="false">
        <entry file="file://$PROJECT_DIR$/BabySmurf/SmurfMe/Beginning.cs">
          <provider selected="true" editor-type-id="text-editor">
            <state relative-caret-position="1232">
              <caret line="49" selection-start-line="49" selection-end-line="49" />
              <folding>
                <marker date="1695977081000" expanded="true" signature="87:844" ph="{...}" />
                <marker date="1695977081000" expanded="true" signature="129:174" ph="{...}" />
                <marker date="1695977081000" expanded="true" signature="222:301" ph="{...}" />
                <marker date="1695977081000" expanded="true" signature="346:382" ph="{...}" />
                <marker date="1695977081000" expanded="true" signature="421:462" ph="{...}" />
                <marker date="1695977081000" expanded="true" signature="508:544" ph="{...}" />
                <marker date="1695977081000" expanded="true" signature="592:836" ph="{...}" />
              </folding>
            </state>
          </provider>
        </entry>
      </file>
      <file current-in-tab="false">
        <entry file="file://$PROJECT_DIR$/BabySmurf/Program.cs">
          <provider selected="true" editor-type-id="text-editor">
            <state relative-caret-position="550">
              <caret line="25" column="16" selection-start-line="25" selection-start-column="16" selection-end-line="25" selection-end-column="16" />
            </state>
          </provider>
        </entry>
      </file>
      <file current-in-tab="false">
        <entry file="file://$PROJECT_DIR$/BabySmurf/DebugMe/First.cs">
          <provider selected="true" editor-type-id="text-editor">
            <state relative-caret-position="594">
              <caret line="25" column="5" selection-start-line="25" selection-start-column="5" selection-end-line="25" selection-end-column="5" />
              <folding>
                <marker date="1695978712000" expanded="true" signature="38:578" ph="{...}" />
                <marker date="1695978712000" expanded="true" signature="109:575" ph="{...}" />
              </folding>
            </state>
          </provider>
        </entry>
      </file>
      <file current-in-tab="false">
        <entry file="file://$PROJECT_DIR$/Tests/Usings.cs">
          <provider selected="true" editor-type-id="text-editor">
            <state>
              <caret column="13" selection-start-column="13" selection-end-column="13" />
            </state>
          </provider>
        </entry>
      </file>
      <file current-in-tab="false">
        <entry file="file://$PROJECT_DIR$/BabySmurf/DebugMe/Fourth.cs">
          <provider selected="true" editor-type-id="text-editor">
            <state relative-caret-position="694">
              <caret line="37" column="4" selection-start-line="37" selection-start-column="4" selection-end-line="37" selection-end-column="4" />
              <folding>
                <marker date="1695978712000" expanded="true" signature="39:587" ph="{...}" />
                <marker date="1695978712000" expanded="true" signature="78:117" ph="{...}" />
                <marker date="1695978712000" expanded="true" signature="156:190" ph="{...}" />
                <marker date="1695978712000" expanded="true" signature="230:265" ph="{...}" />
                <marker date="1695978712000" expanded="true" signature="310:575" ph="{...}" />
                <marker date="1695978712000" expanded="true" signature="339:383" ph="{...}" />
                <marker date="1695978712000" expanded="true" signature="411:491" ph="{...}" />
                <marker date="1695978712000" expanded="true" signature="504:551" ph="{...}" />
              </folding>
            </state>
          </provider>
        </entry>
      </file>
      <file current-in-tab="false">
        <entry file="file://$PROJECT_DIR$/BabySmurf/DebugMe/Second.cs">
          <provider selected="true" editor-type-id="text-editor">
            <state relative-caret-position="242">
              <caret line="9" column="4" selection-start-line="9" selection-start-column="4" selection-end-line="9" selection-end-column="4" />
              <folding>
                <marker date="1695978712000" expanded="true" signature="39:143" ph="{...}" />
                <marker date="1695978712000" expanded="true" signature="88:136" ph="{...}" />
              </folding>
            </state>
          </provider>
        </entry>
      </file>
      <file current-in-tab="false">
        <entry file="file://$PROJECT_DIR$/BabySmurf/DebugMe/Third.cs">
          <provider selected="true" editor-type-id="text-editor">
            <state relative-caret-position="484">
              <caret line="20" column="5" selection-start-line="20" selection-start-column="5" selection-end-line="20" selection-end-column="5" />
              <folding>
                <marker date="1695978712000" expanded="true" signature="38:526" ph="{...}" />
                <marker date="1695978712000" expanded="true" signature="83:524" ph="{...}" />
                <marker date="1695978712000" expanded="true" signature="140:498" ph="{...}" />
              </folding>
            </state>
          </provider>
        </entry>
      </file>
      <file current-in-tab="false">
        <entry file="file://$PROJECT_DIR$/BabySmurf/SmurfMe/Division.cs">
          <provider selected="true" editor-type-id="text-editor">
            <state relative-caret-position="1024">
              <caret line="45" column="19" selection-start-line="45" selection-start-column="19" selection-end-line="45" selection-end-column="19" />
              <folding>
                <marker date="1695977081000" expanded="true" signature="51:982" ph="{...}" />
                <marker date="1695977081000" expanded="true" signature="99:468" ph="{...}" />
                <marker date="1695977081000" expanded="true" signature="178:282" ph="{...}" />
                <marker date="1695977081000" expanded="true" signature="519:959" ph="{...}" />
                <marker date="1695977081000" expanded="true" signature="573:679" ph="{...}" />
                <marker date="1695977081000" expanded="true" signature="984:1159" ph="/* else if (a &lt; 0) ... */" />
              </folding>
            </state>
          </provider>
        </entry>
      </file>
    </leaf>
  </component>
  <component name="FileTypeUsageLocalSummary">
    <fileType name="C#">
      <summary usageCount="101" lastUsed="1695978627713" />
    </fileType>
    <fileType name="Csproj">
      <summary usageCount="2" lastUsed="1695642160203" />
    </fileType>
    <fileType name="DIFF">
      <summary usageCount="1" lastUsed="1695827706691" />
    </fileType>
  </component>
  <component name="IdeDocumentHistory">
    <changedPaths>
      <option value="$PROJECT_DIR$/Beginning.cs/Program.cs" />
      <option value="$PROJECT_DIR$/Beginning/Program.cs" />
      <option value="$PROJECT_DIR$/Tests/UnitTest2.cs" />
      <option value="$PROJECT_DIR$/DebugMe/UnitTest1.cs" />
      <option value="$PROJECT_DIR$/DebugMe/First.cs" />
      <option value="$PROJECT_DIR$/DebugMe/Second.cs" />
      <option value="$PROJECT_DIR$/DebugMe/Third.cs" />
      <option value="$PROJECT_DIR$/DebugMe/Fourth.cs" />
      <option value="$PROJECT_DIR$/BabySmurf/Program.cs" />
      <option value="/afs/cri.epita.fr/user/m/ma/marcus.poirot/u/epita-prepa-acdc-PROG-101-P-01-2028-marcus.poirot/BabySmurf/SmurfMe/Division.cs" />
      <option value="$PROJECT_DIR$/BabySmurf/SmurfMe/Program.cs" />
      <option value="$PROJECT_DIR$/BabySmurf/SmurfMe/Division.cs" />
      <option value="$PROJECT_DIR$/BabySmurf/SmurfMe/Beginning.cs" />
      <option value="$PROJECT_DIR$/Tests/UnitTest1.cs" />
      <option value="$PROJECT_DIR$/BabySmurf/DebugMe/Third.cs" />
      <option value="$PROJECT_DIR$/BabySmurf/DebugMe/Fourth.cs" />
      <option value="$PROJECT_DIR$/BabySmurf/DebugMe/First.cs" />
      <option value="$PROJECT_DIR$/BabySmurf/DebugMe/Second.cs" />
    </changedPaths>
  </component>
  <component name="IgnoredFileRootStore">
    <option name="generatedRoots">
      <set>
        <option value="$PROJECT_DIR$/.idea/.idea.BabySmurf/.idea" />
      </set>
    </option>
  </component>
  <component name="LanguageUsageStatistics">
    <language id="C#">
      <summary usageCount="101" lastUsage="1695978627713" />
    </language>
    <language id="MSBuild">
      <summary usageCount="2" lastUsage="1695642160203" />
    </language>
  </component>
  <component name="ProjectView">
    <navigator currentView="SolutionExplorer" proportions="0.9" version="1" />
    <panes>
      <pane id="FileSystemExplorer" />
      <pane id="AssemblyExplorer" />
      <pane id="SolutionExplorer">
        <subPane>
          <expand>
            <path>
              <item name="Project" type="784c90a0:SolutionExplorerRootNode" />
              <item name="BabySmurf" type="24d0babc:SolutionExplorerModelNode" />
            </path>
            <path>
              <item name="Project" type="784c90a0:SolutionExplorerRootNode" />
              <item name="BabySmurf" type="24d0babc:SolutionExplorerModelNode" />
              <item name="BabySmurf" type="24d0babc:SolutionExplorerModelNode" />
            </path>
            <path>
              <item name="Project" type="784c90a0:SolutionExplorerRootNode" />
              <item name="BabySmurf" type="24d0babc:SolutionExplorerModelNode" />
              <item name="BabySmurf" type="24d0babc:SolutionExplorerModelNode" />
              <item name="DebugMe" type="24d0babc:SolutionExplorerModelNode" />
            </path>
            <path>
              <item name="Project" type="784c90a0:SolutionExplorerRootNode" />
              <item name="BabySmurf" type="24d0babc:SolutionExplorerModelNode" />
              <item name="Tests" type="24d0babc:SolutionExplorerModelNode" />
            </path>
          </expand>
          <select>
            <path>
              <item name="Project" type="784c90a0:SolutionExplorerRootNode" />
              <item name="BabySmurf" type="24d0babc:SolutionExplorerModelNode" />
              <item name="Tests" type="24d0babc:SolutionExplorerModelNode" />
              <item name="UnitTest1.cs" type="24d0babc:SolutionExplorerModelNode" />
            </path>
          </select>
        </subPane>
        <option name="show-all-files" value="false" />
        <option name="show-project-imports" value="true" />
        <option name="autoscroll-all" value="false" />
        <option name="show-scratches" value="true" />
        <option name="search-dependencies" value="false" />
        <option name="show-unreal-project-files" value="true" />
      </pane>
    </panes>
  </component>
  <component name="RiderPerAppToolWindowOpenedTWKeeper">
    <option name="map">
      <map>
        <entry key="Bookmarks">
          <value>
            <window_info id="Bookmarks" side_tool="true" />
          </value>
        </entry>
        <entry key="Build">
          <value>
            <window_info anchor="bottom" id="Build" order="4" weight="0.3299712" />
          </value>
        </entry>
        <entry key="Commit">
          <value>
            <window_info id="Commit" weight="0.3300209" />
          </value>
        </entry>
        <entry key="Database">
          <value>
            <window_info anchor="right" id="Database" order="0" />
          </value>
        </entry>
        <entry key="Database Changes">
          <value>
            <window_info anchor="bottom" id="Database Changes" show_stripe_button="false" />
          </value>
        </entry>
        <entry key="Debug">
          <value>
            <window_info anchor="bottom" id="Debug" order="3" weight="0.40009606" />
          </value>
        </entry>
        <entry key="Dynamic Program Analysis">
          <value>
            <window_info anchor="bottom" id="Dynamic Program Analysis" />
          </value>
        </entry>
        <entry key="Endpoints">
          <value>
            <window_info anchor="right" id="Endpoints" order="0" show_stripe_button="false" />
          </value>
        </entry>
        <entry key="File Transfer">
          <value>
            <window_info anchor="bottom" id="File Transfer" />
          </value>
        </entry>
        <entry key="Find">
          <value>
            <window_info anchor="bottom" id="Find" order="1" />
          </value>
        </entry>
        <entry key="IL Viewer">
          <value>
            <window_info anchor="right" id="IL Viewer" />
          </value>
        </entry>
        <entry key="Inspection">
          <value>
            <window_info anchor="bottom" id="Inspection" order="4" weight="0.4" />
          </value>
        </entry>
        <entry key="Notifications">
          <value>
            <window_info anchor="right" id="Notifications" order="0" weight="0.25" />
          </value>
        </entry>
        <entry key="NuGet">
          <value>
            <window_info anchor="bottom" id="NuGet" order="4" />
          </value>
        </entry>
        <entry key="Problems View">
          <value>
            <window_info anchor="bottom" id="Problems View" order="4" weight="0.3299712" />
          </value>
        </entry>
        <entry key="Project">
          <value>
            <window_info active="true" content_ui="combo" id="Project" order="0" visible="true" weight="0.15631524" />
          </value>
        </entry>
        <entry key="Pull Requests">
          <value>
            <window_info id="Pull Requests" />
          </value>
        </entry>
        <entry key="Run">
          <value>
            <window_info anchor="bottom" id="Run" order="2" weight="0.3299712" />
          </value>
        </entry>
        <entry key="Services">
          <value>
            <window_info anchor="bottom" id="Services" order="4" show_stripe_button="false" />
          </value>
        </entry>
        <entry key="Space Code Reviews">
          <value>
            <window_info id="Space Code Reviews" />
          </value>
        </entry>
        <entry key="Structure">
          <value>
            <window_info id="Structure" order="0" side_tool="true" />
          </value>
        </entry>
        <entry key="TODO">
          <value>
            <window_info anchor="bottom" id="TODO" />
          </value>
        </entry>
        <entry key="Terminal">
          <value>
            <window_info anchor="bottom" id="Terminal" order="4" />
          </value>
        </entry>
        <entry key="TypeScript">
          <value>
            <window_info anchor="bottom" id="TypeScript" />
          </value>
        </entry>
        <entry key="Unit Tests">
          <value>
            <window_info anchor="bottom" id="Unit Tests" weight="0.3299712" />
          </value>
        </entry>
        <entry key="Unit Tests Coverage">
          <value>
            <window_info anchor="right" id="Unit Tests Coverage" />
          </value>
        </entry>
        <entry key="Version Control">
          <value>
            <window_info anchor="bottom" id="Version Control" order="0" weight="0.3299712" />
          </value>
        </entry>
        <entry key="documentation.v2">
          <value>
            <window_info anchor="right" id="documentation.v2" side_tool="true" />
          </value>
        </entry>
        <entry key="dotMemory Profiler">
          <value>
            <window_info anchor="bottom" id="dotMemory Profiler" />
          </value>
        </entry>
        <entry key="dotTrace Profiler">
          <value>
            <window_info anchor="bottom" id="dotTrace Profiler" />
          </value>
        </entry>
      </map>
    </option>
  </component>
  <component name="RunConfigurationStartHistory">
    <history>
      <element setting=".NET Project.BabySmurf" />
    </history>
  </component>
  <component name="RunToolbarSettings">
    <option name="slotOrder">
      <option value="34042a56-bafc-4bc8-96c1-533e4fb23ad1" />
    </option>
    <slots>
      <entry key="34042a56-bafc-4bc8-96c1-533e4fb23ad1" value=".NET Project.BabySmurf" />
    </slots>
  </component>
  <component name="TimeTrackingManager">
    <option name="totallyTimeSpent" value="25236000" />
  </component>
  <component name="TodoView">
    <todo-panel id="selected-file">
      <is-autoscroll-to-source value="true" />
    </todo-panel>
    <todo-panel id="all">
      <are-packages-shown value="true" />
      <is-autoscroll-to-source value="true" />
    </todo-panel>
  </component>
  <component name="ToolWindowManager">
    <editor active="true" />
    <layout>
      <window_info id="Space Code Reviews" />
      <window_info id="Bookmarks" side_tool="true" />
      <window_info id="Pull Requests" />
      <window_info id="Commit" weight="0.3300209" />
      <window_info id="Structure" order="0" side_tool="true" />
      <window_info active="true" content_ui="combo" id="Project" order="0" visible="true" weight="0.15631524" />
      <window_info anchor="bottom" id="Database Changes" show_stripe_button="false" />
      <window_info anchor="bottom" id="TypeScript" />
      <window_info anchor="bottom" id="Dynamic Program Analysis" />
      <window_info anchor="bottom" id="TODO" />
      <window_info anchor="bottom" id="Unit Tests" weight="0.3299712" />
      <window_info anchor="bottom" id="dotTrace Profiler" />
      <window_info anchor="bottom" id="File Transfer" />
      <window_info anchor="bottom" id="dotMemory Profiler" />
      <window_info anchor="bottom" id="Version Control" order="0" weight="0.3299712" />
      <window_info anchor="bottom" id="Find" order="1" />
      <window_info anchor="bottom" id="Run" order="2" weight="0.3299712" />
      <window_info anchor="bottom" id="Debug" order="3" weight="0.40009606" />
      <window_info anchor="bottom" id="Build" order="4" weight="0.3299712" />
      <window_info anchor="bottom" id="Inspection" order="4" weight="0.4" />
      <window_info anchor="bottom" id="Problems View" order="4" weight="0.3299712" />
      <window_info anchor="bottom" id="Terminal" order="4" />
      <window_info anchor="bottom" id="NuGet" order="4" />
      <window_info anchor="bottom" id="Services" order="4" show_stripe_button="false" />
      <window_info anchor="right" id="Unit Tests Coverage" />
      <window_info anchor="right" id="IL Viewer" />
      <window_info anchor="right" id="documentation.v2" side_tool="true" />
      <window_info anchor="right" id="Endpoints" order="0" show_stripe_button="false" />
      <window_info anchor="right" id="Database" order="0" />
      <window_info anchor="right" id="Notifications" order="0" weight="0.25" />
      <unified_weights bottom="0.3299712" left="0.15631524" />
    </layout>
    <recentWindows>
      <value>Project</value>
      <value>Problems View</value>
    </recentWindows>
  </component>
  <component name="WindowStateProjectService">
    <state x="867" y="192" width="1053" height="701" key="#com.intellij.execution.impl.EditConfigurationsDialog" timestamp="1695645082225">
      <screen x="0" y="0" width="1920" height="1080" />
    </state>
    <state x="867" y="192" width="1053" height="701" key="#com.intellij.execution.impl.EditConfigurationsDialog/0.0.1920.1080@0.0.1920.1080" timestamp="1695645082225" />
    <state x="627" y="288" key="FileChooserDialogImpl" timestamp="1695978522933">
      <screen x="0" y="0" width="1920" height="1080" />
    </state>
    <state x="627" y="288" key="FileChooserDialogImpl/0.0.1920.1080@0.0.1920.1080" timestamp="1695978522933" />
    <state width="914" height="388" key="GridCell.Tab.0.bottom" timestamp="1695978460713">
      <screen x="0" y="0" width="1920" height="1080" />
    </state>
    <state width="914" height="388" key="GridCell.Tab.0.bottom/0.0.1920.1080@0.0.1920.1080" timestamp="1695978460713" />
    <state width="914" height="388" key="GridCell.Tab.0.center" timestamp="1695978460713">
      <screen x="0" y="0" width="1920" height="1080" />
    </state>
    <state width="914" height="388" key="GridCell.Tab.0.center/0.0.1920.1080@0.0.1920.1080" timestamp="1695978460713" />
    <state width="914" height="388" key="GridCell.Tab.0.left" timestamp="1695978460713">
      <screen x="0" y="0" width="1920" height="1080" />
    </state>
    <state width="914" height="388" key="GridCell.Tab.0.left/0.0.1920.1080@0.0.1920.1080" timestamp="1695978460713" />
    <state width="914" height="388" key="GridCell.Tab.0.right" timestamp="1695978460713">
      <screen x="0" y="0" width="1920" height="1080" />
    </state>
    <state width="914" height="388" key="GridCell.Tab.0.right/0.0.1920.1080@0.0.1920.1080" timestamp="1695978460713" />
    <state width="914" height="388" key="GridCell.Tab.1.bottom" timestamp="1695978460713">
      <screen x="0" y="0" width="1920" height="1080" />
    </state>
    <state width="914" height="388" key="GridCell.Tab.1.bottom/0.0.1920.1080@0.0.1920.1080" timestamp="1695978460713" />
    <state width="914" height="388" key="GridCell.Tab.1.center" timestamp="1695978460713">
      <screen x="0" y="0" width="1920" height="1080" />
    </state>
    <state width="914" height="388" key="GridCell.Tab.1.center/0.0.1920.1080@0.0.1920.1080" timestamp="1695978460713" />
    <state width="914" height="388" key="GridCell.Tab.1.left" timestamp="1695978460713">
      <screen x="0" y="0" width="1920" height="1080" />
    </state>
    <state width="914" height="388" key="GridCell.Tab.1.left/0.0.1920.1080@0.0.1920.1080" timestamp="1695978460713" />
    <state width="914" height="388" key="GridCell.Tab.1.right" timestamp="1695978460713">
      <screen x="0" y="0" width="1920" height="1080" />
    </state>
    <state width="914" height="388" key="GridCell.Tab.1.right/0.0.1920.1080@0.0.1920.1080" timestamp="1695978460713" />
    <state width="914" height="388" key="GridCell.Tab.2.bottom" timestamp="1695978460713">
      <screen x="0" y="0" width="1920" height="1080" />
    </state>
    <state width="914" height="388" key="GridCell.Tab.2.bottom/0.0.1920.1080@0.0.1920.1080" timestamp="1695978460713" />
    <state width="914" height="388" key="GridCell.Tab.2.center" timestamp="1695978460713">
      <screen x="0" y="0" width="1920" height="1080" />
    </state>
    <state width="914" height="388" key="GridCell.Tab.2.center/0.0.1920.1080@0.0.1920.1080" timestamp="1695978460713" />
    <state width="914" height="388" key="GridCell.Tab.2.left" timestamp="1695978460713">
      <screen x="0" y="0" width="1920" height="1080" />
    </state>
    <state width="914" height="388" key="GridCell.Tab.2.left/0.0.1920.1080@0.0.1920.1080" timestamp="1695978460713" />
    <state width="914" height="388" key="GridCell.Tab.2.right" timestamp="1695978460713">
      <screen x="0" y="0" width="1920" height="1080" />
    </state>
    <state width="914" height="388" key="GridCell.Tab.2.right/0.0.1920.1080@0.0.1920.1080" timestamp="1695978460713" />
    <state width="914" height="388" key="GridCell.Tab.3.bottom" timestamp="1695978460713">
      <screen x="0" y="0" width="1920" height="1080" />
    </state>
    <state width="914" height="388" key="GridCell.Tab.3.bottom/0.0.1920.1080@0.0.1920.1080" timestamp="1695978460713" />
    <state width="914" height="388" key="GridCell.Tab.3.center" timestamp="1695978460713">
      <screen x="0" y="0" width="1920" height="1080" />
    </state>
    <state width="914" height="388" key="GridCell.Tab.3.center/0.0.1920.1080@0.0.1920.1080" timestamp="1695978460713" />
    <state width="914" height="388" key="GridCell.Tab.3.left" timestamp="1695978460713">
      <screen x="0" y="0" width="1920" height="1080" />
    </state>
    <state width="914" height="388" key="GridCell.Tab.3.left/0.0.1920.1080@0.0.1920.1080" timestamp="1695978460713" />
    <state width="914" height="388" key="GridCell.Tab.3.right" timestamp="1695978460713">
      <screen x="0" y="0" width="1920" height="1080" />
    </state>
    <state width="914" height="388" key="GridCell.Tab.3.right/0.0.1920.1080@0.0.1920.1080" timestamp="1695978460713" />
    <state width="914" height="388" key="GridCell.Tab.4.bottom" timestamp="1695978460713">
      <screen x="0" y="0" width="1920" height="1080" />
    </state>
    <state width="914" height="388" key="GridCell.Tab.4.bottom/0.0.1920.1080@0.0.1920.1080" timestamp="1695978460713" />
    <state width="914" height="388" key="GridCell.Tab.4.center" timestamp="1695978460713">
      <screen x="0" y="0" width="1920" height="1080" />
    </state>
    <state width="914" height="388" key="GridCell.Tab.4.center/0.0.1920.1080@0.0.1920.1080" timestamp="1695978460713" />
    <state width="914" height="388" key="GridCell.Tab.4.left" timestamp="1695978460713">
      <screen x="0" y="0" width="1920" height="1080" />
    </state>
    <state width="914" height="388" key="GridCell.Tab.4.left/0.0.1920.1080@0.0.1920.1080" timestamp="1695978460713" />
    <state width="914" height="388" key="GridCell.Tab.4.right" timestamp="1695978460713">
      <screen x="0" y="0" width="1920" height="1080" />
    </state>
    <state width="914" height="388" key="GridCell.Tab.4.right/0.0.1920.1080@0.0.1920.1080" timestamp="1695978460713" />
    <state x="1035" y="265" width="804" height="520" key="Rider.ProjectTemplateDialog.Size" timestamp="1695648049618">
      <screen x="0" y="0" width="1920" height="1080" />
    </state>
    <state x="1035" y="265" width="804" height="520" key="Rider.ProjectTemplateDialog.Size/0.0.1920.1080@0.0.1920.1080" timestamp="1695648049618" />
    <state x="635" y="210" key="SettingsEditor" timestamp="1695827825025">
      <screen x="0" y="0" width="1920" height="1080" />
    </state>
    <state x="635" y="210" key="SettingsEditor/0.0.1920.1080@0.0.1920.1080" timestamp="1695827825025" />
    <state x="1280" y="0" width="640" height="1061" key="dock-window-1" timestamp="1695829742633">
      <screen x="0" y="0" width="1920" height="1080" />
    </state>
    <state x="1280" y="0" width="640" height="1061" key="dock-window-1/0.0.1920.1080@0.0.1920.1080" timestamp="1695829742633" />
    <state x="600" y="245" key="run.anything.popup" timestamp="1695829543318">
      <screen x="0" y="0" width="1920" height="1080" />
    </state>
    <state x="600" y="245" key="run.anything.popup/0.0.1920.1080@0.0.1920.1080" timestamp="1695829543318" />
    <state x="568" y="43" width="672" height="685" key="search.everywhere.popup" timestamp="1695828956236">
      <screen x="0" y="0" width="1920" height="1080" />
    </state>
    <state x="568" y="43" width="672" height="685" key="search.everywhere.popup/0.0.1920.1080@0.0.1920.1080" timestamp="1695828956236" />
  </component>
  <component name="editorHistoryManager">
    <entry file="file://$PROJECT_DIR$/Beginning.cs/Beginning.cs.csproj" />
    <entry file="file://$PROJECT_DIR$/Beginning.cs/Program.cs" />
    <entry file="file://$PROJECT_DIR$/Beginning/Program.cs" />
    <entry file="file://$PROJECT_DIR$/Tests/UnitTest2.cs" />
    <entry file="file://$APPLICATION_CONFIG_DIR$/resharper-host/SourcesCache/f5545b2656401abe1a371ad2756d7d2328a38293f7ee8b163801bbf55cee8/TestInvoker.cs">
      <provider selected="true" editor-type-id="text-editor">
        <state relative-caret-position="498">
          <caret line="149" column="15" selection-start-line="149" selection-start-column="15" selection-end-line="149" selection-end-column="15" />
          <folding>
            <marker date="1695721878000" expanded="false" signature="6:160" ph="..." />
            <marker date="1695721878000" expanded="true" signature="181:13363" ph="{...}" />
            <marker date="1695721878000" expanded="true" signature="188:599" ph="/// A base class that provides default behavior to invoke a test method. This includes ... " />
            <marker date="1695721878000" expanded="true" signature="684:13361" ph="{...}" />
            <marker date="1695721878000" expanded="true" signature="756:1672" ph="/// Initializes a new instance of the &lt;see cref=&quot;TestInvoker{TTestCase}&quot;/&gt; class. ... " />
            <marker date="1695721878000" expanded="true" signature="2129:2676" ph="{...}" />
            <marker date="1695721878000" expanded="true" signature="2686:2813" ph="/// Gets or sets the exception aggregator used to run code and collect exceptions. ... " />
            <marker date="1695721878000" expanded="true" signature="2886:3012" ph="/// Gets or sets the task cancellation token source, used to cancel the test run. ... " />
            <marker date="1695721878000" expanded="true" signature="3102:3223" ph="/// Gets or sets the constructor arguments used to construct the test class. ... " />
            <marker date="1695721878000" expanded="true" signature="3295:3386" ph="/// Gets the display name of the invoked test. ... " />
            <marker date="1695721878000" expanded="true" signature="3470:3572" ph="/// Gets or sets the message bus to report run status to. ... " />
            <marker date="1695721878000" expanded="true" signature="3637:3718" ph="/// Gets or sets the test to be run. ... " />
            <marker date="1695721878000" expanded="true" signature="3771:3849" ph="/// Gets the test case to be run. ... " />
            <marker date="1695721878000" expanded="true" signature="3941:4063" ph="/// Gets or sets the runtime type of the class that contains the test method. ... " />
            <marker date="1695721878000" expanded="true" signature="4120:4238" ph="/// Gets or sets the runtime method of the method that contains the test. ... " />
            <marker date="1695721878000" expanded="true" signature="4302:4429" ph="/// Gets or sets the arguments to pass to the test method when it's being invoked. ... " />
            <marker date="1695721878000" expanded="true" signature="4500:4603" ph="/// Gets or sets the object which measures execution time. ... " />
            <marker date="1695721878000" expanded="true" signature="4690:5400" ph="/// Creates the test class, unless the test method is static or there have already been errors. Note that ... " />
            <marker date="1695721878000" expanded="true" signature="5451:5734" ph="{...}" />
            <marker date="1695721878000" expanded="true" signature="5744:5976" ph="/// This method is called just after the test method has finished executing. ... " />
            <marker date="1695721878000" expanded="true" signature="6085:6306" ph="/// This method is called just before the test method is invoked. ... " />
            <marker date="1695721878000" expanded="true" signature="6416:6800" ph="/// This method calls the test method via reflection. This is an available override point ... " />
            <marker date="1695721878000" expanded="true" signature="6958:7365" ph="/// Given an object, will determine if it is an instance of &lt;see cref=&quot;Task&quot;/&gt; (in which case, it is ... " />
            <marker date="1695721878000" expanded="true" signature="7422:8400" ph="{...}" />
            <marker date="1695721878000" expanded="true" signature="7751:8364" ph="{...}" />
            <marker date="1695721878000" expanded="true" signature="8410:8681" ph="/// Creates the test class (if necessary), and invokes the test method. ... " />
            <marker date="1695721878000" expanded="true" signature="8721:10090" ph="{...}" />
            <marker date="1695721878000" expanded="true" signature="8795:10078" ph="{...}" />
            <marker date="1695721878000" expanded="true" signature="8866:10027" ph="{...}" />
            <marker date="1695721878000" expanded="true" signature="8972:9805" ph="{...}" />
            <marker date="1695721878000" expanded="true" signature="9272:9648" ph="{...}" />
            <marker date="1695721878000" expanded="true" signature="9833:10009" ph="{...}" />
            <marker date="1695721878000" expanded="true" signature="10100:10735" ph="/// Invokes the test method on the given test class instance. This method sets up support for &quot;async void&quot; ... " />
            <marker date="1695721878000" expanded="true" signature="10829:13171" ph="{...}" />
            <marker date="1695721878000" expanded="true" signature="10921:13021" ph="{...}" />
            <marker date="1695721878000" expanded="true" signature="11230:12966" ph="{...}" />
            <marker date="1695721878000" expanded="true" signature="11484:11978" ph="{...}" />
            <marker date="1695721878000" expanded="true" signature="12011:12940" ph="{...}" />
            <marker date="1695721878000" expanded="true" signature="12241:12599" ph="{...}" />
            <marker date="1695721878000" expanded="true" signature="12636:12910" ph="{...}" />
            <marker date="1695721878000" expanded="true" signature="13041:13128" ph="{...}" />
          </folding>
        </state>
      </provider>
    </entry>
    <entry file="file://$APPLICATION_CONFIG_DIR$/resharper-host/SourcesCache/988459b66dccae2acdc95860b1e7e912c65c13673bb58a3e11caf11710fd5231/SR.cs">
      <provider selected="true" editor-type-id="text-editor">
        <state relative-caret-position="151">
          <caret line="19" column="12" selection-start-line="19" selection-start-column="12" selection-end-line="19" selection-end-column="12" />
          <folding>
            <marker date="1695723614000" expanded="false" signature="0:136" ph="// Licensed to the .NET Foundation under one or more agreements...." />
            <marker date="1695723614000" expanded="true" signature="179:4649" ph="{...}" />
            <marker date="1695723614000" expanded="true" signature="218:4647" ph="{...}" />
            <marker date="1695723614000" expanded="true" signature="416:914" ph="/* This method is used to decide if we need to append the exception message parameters to the message when callin ... */" />
            <marker date="1695723614000" expanded="true" signature="1056:1599" ph="{...}" />
            <marker date="1695723614000" expanded="true" signature="1103:1167" ph="{...}" />
            <marker date="1695723614000" expanded="true" signature="1227:1461" ph="{...}" />
            <marker date="1695723614000" expanded="true" signature="1691:1889" ph="{...}" />
            <marker date="1695723614000" expanded="true" signature="1963:2165" ph="{...}" />
            <marker date="1695723614000" expanded="true" signature="2010:2100" ph="{...}" />
            <marker date="1695723614000" expanded="true" signature="2251:2461" ph="{...}" />
            <marker date="1695723614000" expanded="true" signature="2298:2392" ph="{...}" />
            <marker date="1695723614000" expanded="true" signature="2559:2777" ph="{...}" />
            <marker date="1695723614000" expanded="true" signature="2606:2704" ph="{...}" />
            <marker date="1695723614000" expanded="true" signature="2863:3191" ph="{...}" />
            <marker date="1695723614000" expanded="true" signature="2903:3145" ph="{...}" />
            <marker date="1695723614000" expanded="true" signature="2958:3070" ph="{...}" />
            <marker date="1695723614000" expanded="true" signature="3292:3504" ph="{...}" />
            <marker date="1695723614000" expanded="true" signature="3339:3429" ph="{...}" />
            <marker date="1695723614000" expanded="true" signature="3617:3837" ph="{...}" />
            <marker date="1695723614000" expanded="true" signature="3664:3758" ph="{...}" />
            <marker date="1695723614000" expanded="true" signature="3962:4190" ph="{...}" />
            <marker date="1695723614000" expanded="true" signature="4009:4107" ph="{...}" />
            <marker date="1695723614000" expanded="true" signature="4303:4641" ph="{...}" />
            <marker date="1695723614000" expanded="true" signature="4343:4595" ph="{...}" />
            <marker date="1695723614000" expanded="true" signature="4398:4510" ph="{...}" />
          </folding>
        </state>
      </provider>
    </entry>
    <entry file="file://$APPLICATION_CONFIG_DIR$/resharper-host/SourcesCache/fd495755bc5b3363eba9fd4b7bbd653483c3b258d07289d887a6a83bb7e1071/TargetInvocationException.cs">
      <provider selected="true" editor-type-id="text-editor">
        <state relative-caret-position="35">
          <caret line="12" column="14" selection-start-line="12" selection-start-column="14" selection-end-line="12" selection-end-column="14" />
          <folding>
            <marker date="1695646229000" expanded="false" signature="0:136" ph="// Licensed to the .NET Foundation under one or more agreements...." />
            <marker date="1695646229000" expanded="true" signature="202:973" ph="{...}" />
            <marker date="1695646229000" expanded="true" signature="431:971" ph="{...}" />
            <marker date="1695646229000" expanded="true" signature="556:631" ph="{...}" />
            <marker date="1695646229000" expanded="true" signature="743:818" ph="{...}" />
            <marker date="1695646229000" expanded="true" signature="945:965" ph="{...}" />
          </folding>
        </state>
      </provider>
    </entry>
    <entry file="file://$APPLICATION_CONFIG_DIR$/resharper-host/SourcesCache/ec11489f13fea2ba3e5dfbdea086f41dac024556d53f318c75a75a2cbd73/EqualityAsserts.cs">
      <provider selected="true" editor-type-id="text-editor">
        <state>
          <caret line="95" column="24" selection-start-line="95" selection-start-column="24" selection-end-line="95" selection-end-column="24" />
          <folding>
            <marker date="1695646221000" expanded="false" signature="90:202" ph="..." />
            <marker date="1695646221000" expanded="true" signature="219:15570" ph="{...}" />
            <marker date="1695646221000" expanded="true" signature="304:15568" ph="{...}" />
            <marker date="1695646221000" expanded="true" signature="325:927" ph="/* Verifies that two arrays of unmanaged type T are equal, using Span&amp;lt;T&amp;gt;.SequenceEqual. ... */" />
            <marker date="1695646221000" expanded="true" signature="1406:1795" ph="/// Verifies that two objects are equal, using a default comparer. ... " />
            <marker date="1695646221000" expanded="true" signature="1955:2017" ph="{...}" />
            <marker date="1695646221000" expanded="true" signature="2021:2501" ph="/// Verifies that two objects are equal, using a custom equatable comparer. ... " />
            <marker date="1695646221000" expanded="true" signature="2723:3443" ph="{...}" />
            <marker date="1695646221000" expanded="true" signature="3041:3343" ph="{...}" />
            <marker date="1695646221000" expanded="true" signature="3133:3338" ph="{...}" />
            <marker date="1695646221000" expanded="true" signature="3447:3963" ph="/// Verifies that two &lt;see cref=&quot;double&quot;/&gt; values are equal, within the number of decimal ... " />
            <marker date="1695646221000" expanded="true" signature="4037:4447" ph="{...}" />
            <marker date="1695646221000" expanded="true" signature="4451:5068" ph="/// Verifies that two &lt;see cref=&quot;double&quot;/&gt; values are equal, within the number of decimal ... " />
            <marker date="1695646221000" expanded="true" signature="5169:5599" ph="{...}" />
            <marker date="1695646221000" expanded="true" signature="5603:6170" ph="/// Verifies that two &lt;see cref=&quot;double&quot;/&gt; values are equal, within the tolerance given by ... " />
            <marker date="1695646221000" expanded="true" signature="6247:6709" ph="{...}" />
            <marker date="1695646221000" expanded="true" signature="6713:7279" ph="/// Verifies that two &lt;see cref=&quot;float&quot;/&gt; values are equal, within the tolerance given by ... " />
            <marker date="1695646221000" expanded="true" signature="7353:7810" ph="{...}" />
            <marker date="1695646221000" expanded="true" signature="7814:8331" ph="/// Verifies that two &lt;see cref=&quot;decimal&quot;/&gt; values are equal, within the number of decimal ... " />
            <marker date="1695646221000" expanded="true" signature="8407:8803" ph="{...}" />
            <marker date="1695646221000" expanded="true" signature="8807:9290" ph="/// Verifies that two &lt;see cref=&quot;DateTime&quot;/&gt; values are equal, within the precision ... " />
            <marker date="1695646221000" expanded="true" signature="9373:9737" ph="{...}" />
            <marker date="1695646221000" expanded="true" signature="9460:9733" ph="{...}" />
            <marker date="1695646221000" expanded="true" signature="9741:10148" ph="/// Verifies that two objects are strictly equal, using the type's default comparer. ... " />
            <marker date="1695646221000" expanded="true" signature="10460:10890" ph="/* Verifies that two arrays of unmanaged type T are not equal, using Span&amp;lt;T&amp;gt;.SequenceEqual. ... */" />
            <marker date="1695646221000" expanded="true" signature="11424:11802" ph="/// Verifies that two objects are not equal, using a default comparer. ... " />
            <marker date="1695646221000" expanded="true" signature="11968:12033" ph="{...}" />
            <marker date="1695646221000" expanded="true" signature="12037:12501" ph="/// Verifies that two objects are not equal, using a custom equality comparer. ... " />
            <marker date="1695646221000" expanded="true" signature="12729:12936" ph="{...}" />
            <marker date="1695646221000" expanded="true" signature="12940:13414" ph="/// Verifies that two &lt;see cref=&quot;double&quot;/&gt; values are not equal, within the number of decimal ... " />
            <marker date="1695646221000" expanded="true" signature="13491:13903" ph="{...}" />
            <marker date="1695646221000" expanded="true" signature="13907:14382" ph="/// Verifies that two &lt;see cref=&quot;decimal&quot;/&gt; values are not equal, within the number of decimal ... " />
            <marker date="1695646221000" expanded="true" signature="14461:14860" ph="{...}" />
            <marker date="1695646221000" expanded="true" signature="14864:15260" ph="/// Verifies that two objects are strictly not equal, using the type's default comparer. ... " />
          </folding>
        </state>
      </provider>
    </entry>
    <entry file="file:///afs/cri.epita.fr/user/m/ma/marcus.poirot/u/epita-prepa-acdc-PROG-101-P-01-2028-marcus.poirot/BabySmurf/SmurfMe/Division.cs">
      <provider selected="true" editor-type-id="text-editor">
        <state relative-caret-position="400">
          <caret line="18" selection-start-line="18" selection-end-line="18" />
          <folding>
            <marker date="1695832490000" expanded="true" signature="51:303" ph="{...}" />
            <marker date="1695832490000" expanded="true" signature="99:301" ph="{...}" />
            <marker date="1695832490000" expanded="true" signature="125:229" ph="{...}" />
            <marker date="1695832490000" expanded="true" signature="242:294" ph="{...}" />
          </folding>
        </state>
      </provider>
    </entry>
    <entry file="file://$PROJECT_DIR$/DebugMe/First.cs" />
    <entry file="file://$PROJECT_DIR$/DebugMe/Second.cs" />
    <entry file="file://$PROJECT_DIR$/DebugMe/Usings.cs" />
    <entry file="file://$PROJECT_DIR$/DebugMe/Third.cs" />
    <entry file="file://$PROJECT_DIR$/DebugMe/UnitTest1.cs" />
    <entry file="file://$PROJECT_DIR$/DebugMe/Fourth.cs" />
    <entry file="file://$PROJECT_DIR$/BabySmurf/SmurfMe/Program.cs" />
    <entry file="file://$PROJECT_DIR$/BabySmurf/SmurfMe/Division.cs">
      <provider selected="true" editor-type-id="text-editor">
        <state relative-caret-position="1024">
          <caret line="45" column="19" selection-start-line="45" selection-start-column="19" selection-end-line="45" selection-end-column="19" />
          <folding>
            <marker date="1695977081000" expanded="true" signature="51:982" ph="{...}" />
            <marker date="1695977081000" expanded="true" signature="99:468" ph="{...}" />
            <marker date="1695977081000" expanded="true" signature="178:282" ph="{...}" />
            <marker date="1695977081000" expanded="true" signature="519:959" ph="{...}" />
            <marker date="1695977081000" expanded="true" signature="573:679" ph="{...}" />
            <marker date="1695977081000" expanded="true" signature="984:1159" ph="/* else if (a &lt; 0) ... */" />
          </folding>
        </state>
      </provider>
    </entry>
    <entry file="file://$PROJECT_DIR$/BabySmurf/SmurfMe/Beginning.cs">
      <provider selected="true" editor-type-id="text-editor">
        <state relative-caret-position="1232">
          <caret line="49" selection-start-line="49" selection-end-line="49" />
          <folding>
            <marker date="1695977081000" expanded="true" signature="87:844" ph="{...}" />
            <marker date="1695977081000" expanded="true" signature="129:174" ph="{...}" />
            <marker date="1695977081000" expanded="true" signature="222:301" ph="{...}" />
            <marker date="1695977081000" expanded="true" signature="346:382" ph="{...}" />
            <marker date="1695977081000" expanded="true" signature="421:462" ph="{...}" />
            <marker date="1695977081000" expanded="true" signature="508:544" ph="{...}" />
            <marker date="1695977081000" expanded="true" signature="592:836" ph="{...}" />
          </folding>
        </state>
      </provider>
    </entry>
    <entry file="file://$PROJECT_DIR$/BabySmurf/Program.cs">
      <provider selected="true" editor-type-id="text-editor">
        <state relative-caret-position="550">
          <caret line="25" column="16" selection-start-line="25" selection-start-column="16" selection-end-line="25" selection-end-column="16" />
        </state>
      </provider>
    </entry>
    <entry file="file://$PROJECT_DIR$/Tests/Usings.cs">
      <provider selected="true" editor-type-id="text-editor">
        <state>
          <caret column="13" selection-start-column="13" selection-end-column="13" />
        </state>
      </provider>
    </entry>
    <entry file="file://$PROJECT_DIR$/BabySmurf/DebugMe/Third.cs">
      <provider selected="true" editor-type-id="text-editor">
        <state relative-caret-position="484">
          <caret line="20" column="5" selection-start-line="20" selection-start-column="5" selection-end-line="20" selection-end-column="5" />
          <folding>
            <marker date="1695978712000" expanded="true" signature="38:526" ph="{...}" />
            <marker date="1695978712000" expanded="true" signature="83:524" ph="{...}" />
            <marker date="1695978712000" expanded="true" signature="140:498" ph="{...}" />
          </folding>
        </state>
      </provider>
    </entry>
    <entry file="file://$PROJECT_DIR$/BabySmurf/DebugMe/Fourth.cs">
      <provider selected="true" editor-type-id="text-editor">
        <state relative-caret-position="694">
          <caret line="37" column="4" selection-start-line="37" selection-start-column="4" selection-end-line="37" selection-end-column="4" />
          <folding>
            <marker date="1695978712000" expanded="true" signature="39:587" ph="{...}" />
            <marker date="1695978712000" expanded="true" signature="78:117" ph="{...}" />
            <marker date="1695978712000" expanded="true" signature="156:190" ph="{...}" />
            <marker date="1695978712000" expanded="true" signature="230:265" ph="{...}" />
            <marker date="1695978712000" expanded="true" signature="310:575" ph="{...}" />
            <marker date="1695978712000" expanded="true" signature="339:383" ph="{...}" />
            <marker date="1695978712000" expanded="true" signature="411:491" ph="{...}" />
            <marker date="1695978712000" expanded="true" signature="504:551" ph="{...}" />
          </folding>
        </state>
      </provider>
    </entry>
    <entry file="file://$PROJECT_DIR$/BabySmurf/DebugMe/First.cs">
      <provider selected="true" editor-type-id="text-editor">
        <state relative-caret-position="594">
          <caret line="25" column="5" selection-start-line="25" selection-start-column="5" selection-end-line="25" selection-end-column="5" />
          <folding>
            <marker date="1695978712000" expanded="true" signature="38:578" ph="{...}" />
            <marker date="1695978712000" expanded="true" signature="109:575" ph="{...}" />
          </folding>
        </state>
      </provider>
    </entry>
    <entry file="file://$PROJECT_DIR$/BabySmurf/DebugMe/Second.cs">
      <provider selected="true" editor-type-id="text-editor">
        <state relative-caret-position="242">
          <caret line="9" column="4" selection-start-line="9" selection-start-column="4" selection-end-line="9" selection-end-column="4" />
          <folding>
            <marker date="1695978712000" expanded="true" signature="39:143" ph="{...}" />
            <marker date="1695978712000" expanded="true" signature="88:136" ph="{...}" />
          </folding>
        </state>
      </provider>
    </entry>
    <entry file="file://$PROJECT_DIR$/Tests/UnitTest1.cs">
      <provider selected="true" editor-type-id="text-editor">
        <state relative-caret-position="1288">
          <caret line="68" column="5" selection-start-line="68" selection-start-column="5" selection-end-line="68" selection-end-column="5" />
          <folding>
            <marker date="1695978712000" expanded="true" signature="53:2049" ph="{...}" />
            <marker date="1695978712000" expanded="true" signature="102:677" ph="{...}" />
            <marker date="1695978712000" expanded="true" signature="136:284" ph="{...}" />
            <marker date="1695978712000" expanded="true" signature="845:903" ph="{...}" />
            <marker date="1695978712000" expanded="true" signature="1089:1158" ph="{...}" />
            <marker date="1695978712000" expanded="true" signature="1657:1721" ph="{...}" />
            <marker date="1695978712000" expanded="true" signature="1979:2047" ph="{...}" />
          </folding>
        </state>
      </provider>
    </entry>
  </component>
  <component name="masterDetails">
    <states>
      <state key="ScopeChooserConfigurable.UI">
        <settings>
          <splitter-proportions>
            <option name="proportions">
              <list>
                <option value="0.2" />
              </list>
            </option>
          </splitter-proportions>
        </settings>
      </state>
    </states>
  </component>
</project>