<project version="4">
  <component name="BookmarksManager">
    <option name="groups">
      <GroupState>
        <option name="name" value="SmurfLooping" />
      </GroupState>
    </option>
  </component>
  <component name="FileEditorManager">
    <leaf SIDE_TABS_SIZE_LIMIT_KEY="-1">
      <file>
        <entry file="file://$PROJECT_DIR$/SmurfLooping/Problems.cs">
          <provider selected="true" editor-type-id="text-editor">
            <state relative-caret-position="461">
              <caret line="166" lean-forward="true" selection-start-line="166" selection-end-line="166" />
              <folding>
                <marker date="1697214520000" expanded="true" signature="99:4190" ph="{...}" />
                <marker date="1697214520000" expanded="true" signature="265:744" ph="{...}" />
                <marker date="1697214520000" expanded="true" signature="449:717" ph="{...}" />
                <marker date="1697214520000" expanded="true" signature="564:707" ph="{...}" />
                <marker date="1697214520000" expanded="true" signature="789:1107" ph="{...}" />
                <marker date="1697214520000" expanded="true" signature="1230:1359" ph="/* public static int KingOfTheHill(string s) ... */" />
                <marker date="1697214520000" expanded="true" signature="1515:1612" ph="{...}" />
                <marker date="1697214520000" expanded="true" signature="1654:2015" ph="{...}" />
                <marker date="1697214520000" expanded="true" signature="1812:1967" ph="{...}" />
                <marker date="1697214520000" expanded="true" signature="2052:2224" ph="{...}" />
                <marker date="1697214520000" expanded="true" signature="2140:2199" ph="{...}" />
                <marker date="1697214520000" expanded="true" signature="2404:2717" ph="{...}" />
                <marker date="1697214520000" expanded="true" signature="2510:2620" ph="{...}" />
                <marker date="1697214520000" expanded="true" signature="2900:3134" ph="{...}" />
                <marker date="1697214520000" expanded="true" signature="3006:3099" ph="{...}" />
                <marker date="1697214520000" expanded="true" signature="3172:4016" ph="{...}" />
                <marker date="1697214520000" expanded="true" signature="3197:3991" ph="{...}" />
                <marker date="1697214520000" expanded="true" signature="3229:3255" ph="..." />
                <marker date="1697214520000" expanded="true" signature="3277:3303" ph="..." />
                <marker date="1697214520000" expanded="true" signature="3325:3351" ph="..." />
                <marker date="1697214520000" expanded="true" signature="3373:3399" ph="..." />
                <marker date="1697214520000" expanded="true" signature="3421:3447" ph="..." />
                <marker date="1697214520000" expanded="true" signature="3469:3495" ph="..." />
                <marker date="1697214520000" expanded="true" signature="3517:3543" ph="..." />
                <marker date="1697214520000" expanded="true" signature="3565:3591" ph="..." />
                <marker date="1697214520000" expanded="true" signature="3613:3639" ph="..." />
                <marker date="1697214520000" expanded="true" signature="3661:3687" ph="..." />
                <marker date="1697214520000" expanded="true" signature="3709:3736" ph="..." />
                <marker date="1697214520000" expanded="true" signature="3758:3785" ph="..." />
                <marker date="1697214520000" expanded="true" signature="3807:3834" ph="..." />
                <marker date="1697214520000" expanded="true" signature="3856:3883" ph="..." />
                <marker date="1697214520000" expanded="true" signature="3905:3932" ph="..." />
                <marker date="1697214520000" expanded="true" signature="3954:3981" ph="..." />
                <marker date="1697214520000" expanded="true" signature="4060:4185" ph="{...}" />
              </folding>
            </state>
          </provider>
        </entry>
      </file>
      <file current-in-tab="false">
        <entry file="file://$PROJECT_DIR$/SmurfLooping/SmurfLooping.csproj">
          <provider selected="true" editor-type-id="text-editor">
            <state>
              <caret column="33" selection-start-column="33" selection-end-column="33" />
            </state>
          </provider>
        </entry>
      </file>
      <file current-in-tab="false">
        <entry file="file://$PROJECT_DIR$/SmurfLooping/Lessons.cs">
          <provider selected="true" editor-type-id="text-editor">
            <state relative-caret-position="482">
              <caret line="40" column="21" selection-start-line="40" selection-start-column="21" selection-end-line="40" selection-end-column="21" />
              <folding>
                <marker date="1697044689000" expanded="false" signature="6:63" ph="..." />
                <marker date="1697044689000" expanded="true" signature="110:2892" ph="{...}" />
                <marker date="1697044689000" expanded="true" signature="268:342" ph="{...}" />
                <marker date="1697044689000" expanded="true" signature="506:820" ph="{...}" />
                <marker date="1697044689000" expanded="true" signature="978:1374" ph="{...}" />
                <marker date="1697044689000" expanded="true" signature="1235:1347" ph="{...}" />
                <marker date="1697044689000" expanded="true" signature="1532:1770" ph="{...}" />
                <marker date="1697044689000" expanded="true" signature="1695:1742" ph="{...}" />
                <marker date="1697044689000" expanded="true" signature="1933:2165" ph="{...}" />
                <marker date="1697044689000" expanded="true" signature="2049:2091" ph="{...}" />
                <marker date="1697044689000" expanded="true" signature="2333:2510" ph="{...}" />
                <marker date="1697044689000" expanded="true" signature="2419:2483" ph="{...}" />
                <marker date="1697044689000" expanded="true" signature="2683:2890" ph="{...}" />
                <marker date="1697044689000" expanded="true" signature="2771:2863" ph="{...}" />
              </folding>
            </state>
          </provider>
        </entry>
      </file>
      <file current-in-tab="false">
        <entry file="file://$PROJECT_DIR$/SmurfLooping/Travel.cs">
          <provider selected="true" editor-type-id="text-editor">
            <state relative-caret-position="347">
              <caret line="100" column="24" selection-start-line="100" selection-start-column="24" selection-end-line="100" selection-end-column="24" />
              <folding>
                <marker date="1697044373000" expanded="true" signature="81:2918" ph="{...}" />
                <marker date="1697044373000" expanded="true" signature="239:313" ph="{...}" />
                <marker date="1697044373000" expanded="true" signature="474:988" ph="{...}" />
                <marker date="1697044373000" expanded="true" signature="637:954" ph="{...}" />
                <marker date="1697044373000" expanded="true" signature="1153:1596" ph="{...}" />
                <marker date="1697044373000" expanded="true" signature="1233:1440" ph="{...}" />
                <marker date="1697044373000" expanded="true" signature="1342:1413" ph="{...}" />
                <marker date="1697044373000" expanded="true" signature="1506:1553" ph="{...}" />
                <marker date="1697044373000" expanded="true" signature="1758:2028" ph="{...}" />
                <marker date="1697044373000" expanded="true" signature="1851:1941" ph="{...}" />
                <marker date="1697044373000" expanded="true" signature="2189:2434" ph="{...}" />
                <marker date="1697044373000" expanded="true" signature="2324:2409" ph="{...}" />
                <marker date="1697044373000" expanded="true" signature="2596:2911" ph="{...}" />
                <marker date="1697044373000" expanded="true" signature="2806:2884" ph="{...}" />
              </folding>
            </state>
          </provider>
        </entry>
      </file>
      <file current-in-tab="false">
        <entry file="file://$PROJECT_DIR$/SmurfLooping/Program.cs">
          <provider selected="true" editor-type-id="text-editor">
            <state relative-caret-position="-44">
              <caret line="115" column="25" selection-start-line="115" selection-start-column="25" selection-end-line="115" selection-end-column="25" />
              <folding>
                <marker date="1697214022000" expanded="true" signature="65:4419" ph="/* string a1 = SmurfLooping.Lessons.PrintNumbers(2);   // a1 == &quot;1 2&quot; ... */" />
                <marker date="1697214022000" expanded="true" signature="4743:6019" ph="/* int m1 = SmurfLooping.Problems.KingOfTheHill(&quot;1 1 1&quot;);                 // m1 == 1 ... */" />
                <marker date="1697214022000" expanded="true" signature="6020:6327" ph="/* int q1 = SmurfLooping.Problems.Base16ToDecimal(&quot;2A&quot;);     // q1 == 42 ... */" />
              </folding>
            </state>
          </provider>
        </entry>
      </file>
    </leaf>
  </component>
  <component name="FileTypeUsageLocalSummary">
    <fileType name="C#">
      <summary usageCount="15" lastUsed="1697212088839" />
    </fileType>
    <fileType name="Csproj">
      <summary usageCount="3" lastUsed="1697212088499" />
    </fileType>
  </component>
  <component name="FindInProjectRecents">
    <findStrings>
      <find>Strin</find>
      <find>Con</find>
      <find>tree</find>
    </findStrings>
  </component>
  <component name="IdeDocumentHistory">
    <changedPaths>
      <option value="$PROJECT_DIR$/SmurfLooping/SmurfLooping.csproj" />
      <option value="$PROJECT_DIR$/SmurfLooping/Travel.cs" />
      <option value="$PROJECT_DIR$/SmurfLooping/Lessons.cs" />
      <option value="$PROJECT_DIR$/SmurfLooping/Program.cs" />
      <option value="$PROJECT_DIR$/SmurfLooping/Problems.cs" />
    </changedPaths>
  </component>
  <component name="IgnoredFileRootStore">
    <option name="generatedRoots">
      <set>
        <option value="$PROJECT_DIR$/.idea/.idea.SmurfLooping/.idea" />
      </set>
    </option>
  </component>
  <component name="LanguageUsageStatistics">
    <language id="C#">
      <summary usageCount="15" lastUsage="1697212088839" />
    </language>
    <language id="MSBuild">
      <summary usageCount="3" lastUsage="1697212088499" />
    </language>
  </component>
  <component name="ProjectView">
    <navigator currentView="SolutionExplorer" proportions="0.9" version="1" />
    <panes>
      <pane id="SolutionExplorer">
        <subPane>
          <expand>
            <path>
              <item name="Project" type="784c90a0:SolutionExplorerRootNode" />
              <item name="SmurfLooping" type="24d0babc:SolutionExplorerModelNode" />
            </path>
          </expand>
          <select>
            <path>
              <item name="Project" type="784c90a0:SolutionExplorerRootNode" />
              <item name="SmurfLooping" type="24d0babc:SolutionExplorerModelNode" />
            </path>
          </select>
        </subPane>
        <option name="show-all-files" value="false" />
        <option name="show-project-imports" value="true" />
        <option name="autoscroll-all" value="false" />
        <option name="show-scratches" value="true" />
        <option name="search-dependencies" value="false" />
        <option name="show-unreal-project-files" value="true" />
      </pane>
      <pane id="FileSystemExplorer" />
      <pane id="AssemblyExplorer" />
    </panes>
  </component>
  <component name="RiderPerAppToolWindowOpenedTWKeeper">
    <option name="map">
      <map>
        <entry key="Bookmarks">
          <value>
            <window_info id="Bookmarks" side_tool="true" />
          </value>
        </entry>
        <entry key="Build">
          <value>
            <window_info anchor="bottom" id="Build" order="4" weight="0.3299712" />
          </value>
        </entry>
        <entry key="Commit">
          <value>
            <window_info x="959" y="131" width="315" height="949" id="Commit" type="FLOATING" weight="0.3300209" />
          </value>
        </entry>
        <entry key="Database">
          <value>
            <window_info anchor="right" id="Database" order="0" />
          </value>
        </entry>
        <entry key="Database Changes">
          <value>
            <window_info anchor="bottom" id="Database Changes" show_stripe_button="false" />
          </value>
        </entry>
        <entry key="Debug">
          <value>
            <window_info anchor="bottom" id="Debug" order="3" weight="0.40009606" />
          </value>
        </entry>
        <entry key="Dynamic Program Analysis">
          <value>
            <window_info anchor="bottom" id="Dynamic Program Analysis" />
          </value>
        </entry>
        <entry key="Endpoints">
          <value>
            <window_info anchor="right" id="Endpoints" order="0" show_stripe_button="false" />
          </value>
        </entry>
        <entry key="File Transfer">
          <value>
            <window_info anchor="bottom" id="File Transfer" />
          </value>
        </entry>
        <entry key="Find">
          <value>
            <window_info anchor="bottom" id="Find" order="1" />
          </value>
        </entry>
        <entry key="IL Viewer">
          <value>
            <window_info anchor="right" id="IL Viewer" />
          </value>
        </entry>
        <entry key="Inspection">
          <value>
            <window_info anchor="bottom" id="Inspection" order="4" weight="0.4" />
          </value>
        </entry>
        <entry key="Notifications">
          <value>
            <window_info anchor="right" id="Notifications" order="0" weight="0.25" />
          </value>
        </entry>
        <entry key="NuGet">
          <value>
            <window_info anchor="bottom" id="NuGet" order="4" weight="0.3299712" />
          </value>
        </entry>
        <entry key="Problems View">
          <value>
            <window_info anchor="bottom" id="Problems View" order="4" weight="0.3299712" />
          </value>
        </entry>
        <entry key="Project">
          <value>
            <window_info content_ui="combo" id="Project" order="0" weight="0.08002092" />
          </value>
        </entry>
        <entry key="Pull Requests">
          <value>
            <window_info id="Pull Requests" />
          </value>
        </entry>
        <entry key="Run">
          <value>
            <window_info anchor="bottom" id="Run" order="2" visible="true" weight="0.3299712" />
          </value>
        </entry>
        <entry key="Services">
          <value>
            <window_info anchor="bottom" id="Services" order="4" show_stripe_button="false" />
          </value>
        </entry>
        <entry key="Space Code Reviews">
          <value>
            <window_info id="Space Code Reviews" />
          </value>
        </entry>
        <entry key="Structure">
          <value>
            <window_info id="Structure" order="0" side_tool="true" />
          </value>
        </entry>
        <entry key="TODO">
          <value>
            <window_info anchor="bottom" id="TODO" />
          </value>
        </entry>
        <entry key="Terminal">
          <value>
            <window_info anchor="bottom" id="Terminal" order="4" />
          </value>
        </entry>
        <entry key="TypeScript">
          <value>
            <window_info anchor="bottom" id="TypeScript" />
          </value>
        </entry>
        <entry key="Unit Tests">
          <value>
            <window_info anchor="bottom" id="Unit Tests" weight="0.3299712" />
          </value>
        </entry>
        <entry key="Unit Tests Coverage">
          <value>
            <window_info anchor="right" id="Unit Tests Coverage" />
          </value>
        </entry>
        <entry key="Version Control">
          <value>
            <window_info anchor="bottom" id="Version Control" order="0" weight="0.3299712" />
          </value>
        </entry>
        <entry key="documentation.v2">
          <value>
            <window_info anchor="right" id="documentation.v2" side_tool="true" />
          </value>
        </entry>
        <entry key="dotMemory Profiler">
          <value>
            <window_info anchor="bottom" id="dotMemory Profiler" />
          </value>
        </entry>
        <entry key="dotTrace Profiler">
          <value>
            <window_info anchor="bottom" id="dotTrace Profiler" />
          </value>
        </entry>
      </map>
    </option>
  </component>
  <component name="RunConfigurationStartHistory">
    <history>
      <element setting=".NET Project.SmurfLooping" />
    </history>
  </component>
  <component name="RunToolbarSettings">
    <option name="slotOrder">
      <option value="21fa6e6f-3bde-4ee9-83ec-e79fa3f74b7e" />
    </option>
    <slots>
      <entry key="21fa6e6f-3bde-4ee9-83ec-e79fa3f74b7e" value=".NET Project.SmurfLooping" />
    </slots>
  </component>
  <component name="TimeTrackingManager">
    <option name="totallyTimeSpent" value="6715000" />
  </component>
  <component name="TodoView">
    <todo-panel id="selected-file">
      <is-autoscroll-to-source value="true" />
    </todo-panel>
    <todo-panel id="all">
      <are-packages-shown value="true" />
      <is-autoscroll-to-source value="true" />
    </todo-panel>
  </component>
  <component name="ToolWindowManager">
    <editor active="true" />
    <layout>
      <window_info id="Space Code Reviews" />
      <window_info id="Bookmarks" side_tool="true" />
      <window_info id="Pull Requests" />
      <window_info x="959" y="131" width="315" height="949" id="Commit" type="FLOATING" weight="0.3300209" />
      <window_info id="Structure" order="0" side_tool="true" />
      <window_info content_ui="combo" id="Project" order="0" weight="0.08002092" />
      <window_info anchor="bottom" id="Database Changes" show_stripe_button="false" />
      <window_info anchor="bottom" id="TypeScript" />
      <window_info anchor="bottom" id="Dynamic Program Analysis" />
      <window_info anchor="bottom" id="TODO" />
      <window_info anchor="bottom" id="Unit Tests" weight="0.3299712" />
      <window_info anchor="bottom" id="dotTrace Profiler" />
      <window_info anchor="bottom" id="File Transfer" />
      <window_info anchor="bottom" id="dotMemory Profiler" />
      <window_info anchor="bottom" id="Version Control" order="0" weight="0.3299712" />
      <window_info anchor="bottom" id="Find" order="1" />
      <window_info anchor="bottom" id="Run" order="2" visible="true" weight="0.3299712" />
      <window_info anchor="bottom" id="Debug" order="3" weight="0.40009606" />
      <window_info anchor="bottom" id="Build" order="4" weight="0.3299712" />
      <window_info anchor="bottom" id="Inspection" order="4" weight="0.4" />
      <window_info anchor="bottom" id="Problems View" order="4" weight="0.3299712" />
      <window_info anchor="bottom" id="Terminal" order="4" />
      <window_info anchor="bottom" id="NuGet" order="4" weight="0.3299712" />
      <window_info anchor="bottom" id="Services" order="4" show_stripe_button="false" />
      <window_info anchor="right" id="Unit Tests Coverage" />
      <window_info anchor="right" id="IL Viewer" />
      <window_info anchor="right" id="documentation.v2" side_tool="true" />
      <window_info anchor="right" id="Endpoints" order="0" show_stripe_button="false" />
      <window_info anchor="right" id="Database" order="0" />
      <window_info anchor="right" id="Notifications" order="0" weight="0.25" />
      <unified_weights bottom="0.3299712" left="0.08002092" />
    </layout>
    <recentWindows>
      <value>Run</value>
      <value>Build</value>
    </recentWindows>
  </component>
  <component name="WindowStateProjectService">
    <state width="1874" height="315" key="GridCell.Tab.0.bottom" timestamp="1697214166702">
      <screen x="0" y="0" width="1920" height="1080" />
    </state>
    <state width="1874" height="315" key="GridCell.Tab.0.bottom/0.0.1920.1080@0.0.1920.1080" timestamp="1697214166702" />
    <state width="1874" height="315" key="GridCell.Tab.0.center" timestamp="1697214166702">
      <screen x="0" y="0" width="1920" height="1080" />
    </state>
    <state width="1874" height="315" key="GridCell.Tab.0.center/0.0.1920.1080@0.0.1920.1080" timestamp="1697214166702" />
    <state width="1874" height="315" key="GridCell.Tab.0.left" timestamp="1697214166702">
      <screen x="0" y="0" width="1920" height="1080" />
    </state>
    <state width="1874" height="315" key="GridCell.Tab.0.left/0.0.1920.1080@0.0.1920.1080" timestamp="1697214166702" />
    <state width="1874" height="315" key="GridCell.Tab.0.right" timestamp="1697214166702">
      <screen x="0" y="0" width="1920" height="1080" />
    </state>
    <state width="1874" height="315" key="GridCell.Tab.0.right/0.0.1920.1080@0.0.1920.1080" timestamp="1697214166702" />
    <state x="651" y="245" key="run.anything.popup" timestamp="1697041661202">
      <screen x="0" y="0" width="1920" height="1080" />
    </state>
    <state x="651" y="245" key="run.anything.popup/0.0.1920.1080@0.0.1920.1080" timestamp="1697041661202" />
  </component>
  <component name="editorHistoryManager">
    <entry file="file://$PROJECT_DIR$/SmurfLooping/SmurfLooping.csproj">
      <provider selected="true" editor-type-id="text-editor">
        <state>
          <caret column="33" selection-start-column="33" selection-end-column="33" />
        </state>
      </provider>
    </entry>
    <entry file="file://$PROJECT_DIR$/SmurfLooping/Lessons.cs">
      <provider selected="true" editor-type-id="text-editor">
        <state relative-caret-position="482">
          <caret line="40" column="21" selection-start-line="40" selection-start-column="21" selection-end-line="40" selection-end-column="21" />
          <folding>
            <marker date="1697044689000" expanded="false" signature="6:63" ph="..." />
            <marker date="1697044689000" expanded="true" signature="110:2892" ph="{...}" />
            <marker date="1697044689000" expanded="true" signature="268:342" ph="{...}" />
            <marker date="1697044689000" expanded="true" signature="506:820" ph="{...}" />
            <marker date="1697044689000" expanded="true" signature="978:1374" ph="{...}" />
            <marker date="1697044689000" expanded="true" signature="1235:1347" ph="{...}" />
            <marker date="1697044689000" expanded="true" signature="1532:1770" ph="{...}" />
            <marker date="1697044689000" expanded="true" signature="1695:1742" ph="{...}" />
            <marker date="1697044689000" expanded="true" signature="1933:2165" ph="{...}" />
            <marker date="1697044689000" expanded="true" signature="2049:2091" ph="{...}" />
            <marker date="1697044689000" expanded="true" signature="2333:2510" ph="{...}" />
            <marker date="1697044689000" expanded="true" signature="2419:2483" ph="{...}" />
            <marker date="1697044689000" expanded="true" signature="2683:2890" ph="{...}" />
            <marker date="1697044689000" expanded="true" signature="2771:2863" ph="{...}" />
          </folding>
        </state>
      </provider>
    </entry>
    <entry file="file://$PROJECT_DIR$/SmurfLooping/Travel.cs">
      <provider selected="true" editor-type-id="text-editor">
        <state relative-caret-position="347">
          <caret line="100" column="24" selection-start-line="100" selection-start-column="24" selection-end-line="100" selection-end-column="24" />
          <folding>
            <marker date="1697044373000" expanded="true" signature="81:2918" ph="{...}" />
            <marker date="1697044373000" expanded="true" signature="239:313" ph="{...}" />
            <marker date="1697044373000" expanded="true" signature="474:988" ph="{...}" />
            <marker date="1697044373000" expanded="true" signature="637:954" ph="{...}" />
            <marker date="1697044373000" expanded="true" signature="1153:1596" ph="{...}" />
            <marker date="1697044373000" expanded="true" signature="1233:1440" ph="{...}" />
            <marker date="1697044373000" expanded="true" signature="1342:1413" ph="{...}" />
            <marker date="1697044373000" expanded="true" signature="1506:1553" ph="{...}" />
            <marker date="1697044373000" expanded="true" signature="1758:2028" ph="{...}" />
            <marker date="1697044373000" expanded="true" signature="1851:1941" ph="{...}" />
            <marker date="1697044373000" expanded="true" signature="2189:2434" ph="{...}" />
            <marker date="1697044373000" expanded="true" signature="2324:2409" ph="{...}" />
            <marker date="1697044373000" expanded="true" signature="2596:2911" ph="{...}" />
            <marker date="1697044373000" expanded="true" signature="2806:2884" ph="{...}" />
          </folding>
        </state>
      </provider>
    </entry>
    <entry file="file://$PROJECT_DIR$/SmurfLooping/Program.cs">
      <provider selected="true" editor-type-id="text-editor">
        <state relative-caret-position="-44">
          <caret line="115" column="25" selection-start-line="115" selection-start-column="25" selection-end-line="115" selection-end-column="25" />
          <folding>
            <marker date="1697214022000" expanded="true" signature="65:4419" ph="/* string a1 = SmurfLooping.Lessons.PrintNumbers(2);   // a1 == &quot;1 2&quot; ... */" />
            <marker date="1697214022000" expanded="true" signature="4743:6019" ph="/* int m1 = SmurfLooping.Problems.KingOfTheHill(&quot;1 1 1&quot;);                 // m1 == 1 ... */" />
            <marker date="1697214022000" expanded="true" signature="6020:6327" ph="/* int q1 = SmurfLooping.Problems.Base16ToDecimal(&quot;2A&quot;);     // q1 == 42 ... */" />
          </folding>
        </state>
      </provider>
    </entry>
    <entry file="file://$PROJECT_DIR$/SmurfLooping/Problems.cs">
      <provider selected="true" editor-type-id="text-editor">
        <state relative-caret-position="461">
          <caret line="166" lean-forward="true" selection-start-line="166" selection-end-line="166" />
          <folding>
            <marker date="1697214520000" expanded="true" signature="99:4190" ph="{...}" />
            <marker date="1697214520000" expanded="true" signature="265:744" ph="{...}" />
            <marker date="1697214520000" expanded="true" signature="449:717" ph="{...}" />
            <marker date="1697214520000" expanded="true" signature="564:707" ph="{...}" />
            <marker date="1697214520000" expanded="true" signature="789:1107" ph="{...}" />
            <marker date="1697214520000" expanded="true" signature="1230:1359" ph="/* public static int KingOfTheHill(string s) ... */" />
            <marker date="1697214520000" expanded="true" signature="1515:1612" ph="{...}" />
            <marker date="1697214520000" expanded="true" signature="1654:2015" ph="{...}" />
            <marker date="1697214520000" expanded="true" signature="1812:1967" ph="{...}" />
            <marker date="1697214520000" expanded="true" signature="2052:2224" ph="{...}" />
            <marker date="1697214520000" expanded="true" signature="2140:2199" ph="{...}" />
            <marker date="1697214520000" expanded="true" signature="2404:2717" ph="{...}" />
            <marker date="1697214520000" expanded="true" signature="2510:2620" ph="{...}" />
            <marker date="1697214520000" expanded="true" signature="2900:3134" ph="{...}" />
            <marker date="1697214520000" expanded="true" signature="3006:3099" ph="{...}" />
            <marker date="1697214520000" expanded="true" signature="3172:4016" ph="{...}" />
            <marker date="1697214520000" expanded="true" signature="3197:3991" ph="{...}" />
            <marker date="1697214520000" expanded="true" signature="3229:3255" ph="..." />
            <marker date="1697214520000" expanded="true" signature="3277:3303" ph="..." />
            <marker date="1697214520000" expanded="true" signature="3325:3351" ph="..." />
            <marker date="1697214520000" expanded="true" signature="3373:3399" ph="..." />
            <marker date="1697214520000" expanded="true" signature="3421:3447" ph="..." />
            <marker date="1697214520000" expanded="true" signature="3469:3495" ph="..." />
            <marker date="1697214520000" expanded="true" signature="3517:3543" ph="..." />
            <marker date="1697214520000" expanded="true" signature="3565:3591" ph="..." />
            <marker date="1697214520000" expanded="true" signature="3613:3639" ph="..." />
            <marker date="1697214520000" expanded="true" signature="3661:3687" ph="..." />
            <marker date="1697214520000" expanded="true" signature="3709:3736" ph="..." />
            <marker date="1697214520000" expanded="true" signature="3758:3785" ph="..." />
            <marker date="1697214520000" expanded="true" signature="3807:3834" ph="..." />
            <marker date="1697214520000" expanded="true" signature="3856:3883" ph="..." />
            <marker date="1697214520000" expanded="true" signature="3905:3932" ph="..." />
            <marker date="1697214520000" expanded="true" signature="3954:3981" ph="..." />
            <marker date="1697214520000" expanded="true" signature="4060:4185" ph="{...}" />
          </folding>
        </state>
      </provider>
    </entry>
  </component>
</project>