<project version="4">
  <component name="BookmarksManager">
    <option name="groups">
      <GroupState>
        <option name="name" value="SmurfRecursion" />
      </GroupState>
    </option>
  </component>
  <component name="FileEditorManager">
    <leaf SIDE_TABS_SIZE_LIMIT_KEY="-1">
      <file current-in-tab="false">
        <entry file="file://$PROJECT_DIR$/Tests/UnitTest1.cs">
          <provider selected="true" editor-type-id="text-editor">
            <state relative-caret-position="176">
              <caret line="8" column="1" selection-start-line="8" selection-start-column="1" selection-end-line="8" selection-end-column="1" />
            </state>
          </provider>
        </entry>
      </file>
      <file current-in-tab="false">
        <entry file="file://$PROJECT_DIR$/Tests/Usings.cs">
          <provider selected="true" editor-type-id="text-editor">
            <state relative-caret-position="22">
              <caret line="1" column="27" selection-start-line="1" selection-start-column="13" selection-end-line="1" selection-end-column="27" />
            </state>
          </provider>
        </entry>
      </file>
      <file current-in-tab="false">
        <entry file="file://$PROJECT_DIR$/SmurfRecursion/Program.cs">
          <provider selected="true" editor-type-id="text-editor" />
        </entry>
      </file>
      <file current-in-tab="false">
        <entry file="file://$PROJECT_DIR$/SmurfRecursion/Basics.cs">
          <provider selected="true" editor-type-id="text-editor">
            <state relative-caret-position="110">
              <caret line="6" column="8" selection-start-line="6" selection-start-column="8" selection-end-line="6" selection-end-column="8" />
            </state>
          </provider>
        </entry>
      </file>
      <file>
        <entry file="file://$PROJECT_DIR$/SmurfRecursion/Gargamel.cs">
          <provider selected="true" editor-type-id="text-editor">
            <state relative-caret-position="-802">
              <caret line="2" column="13" selection-start-line="2" selection-start-column="13" selection-end-line="2" selection-end-column="13" />
              <folding>
                <marker date="1696521395000" expanded="true" signature="48:2285" ph="{...}" />
                <marker date="1696521395000" expanded="true" signature="212:443" ph="{...}" />
                <marker date="1696521395000" expanded="true" signature="606:777" ph="{...}" />
                <marker date="1696521395000" expanded="true" signature="832:1022" ph="{...}" />
                <marker date="1696521395000" expanded="true" signature="1180:1311" ph="{...}" />
                <marker date="1696521395000" expanded="true" signature="1373:1721" ph="{...}" />
                <marker date="1696521395000" expanded="true" signature="1404:1614" ph="{...}" />
                <marker date="1696521395000" expanded="true" signature="1878:2046" ph="{...}" />
                <marker date="1696521395000" expanded="true" signature="2121:2281" ph="{...}" />
              </folding>
            </state>
          </provider>
        </entry>
      </file>
    </leaf>
  </component>
  <component name="FileTypeUsageLocalSummary">
    <fileType name="C#">
      <summary usageCount="11" lastUsed="1697213199909" />
    </fileType>
  </component>
  <component name="IdeDocumentHistory">
    <changedPaths>
      <option value="$PROJECT_DIR$/Tests/UnitTest1.cs" />
      <option value="$PROJECT_DIR$/Tests/Usings.cs" />
      <option value="$PROJECT_DIR$/SmurfRecursion/Program.cs" />
      <option value="$PROJECT_DIR$/SmurfRecursion/Basics.cs" />
    </changedPaths>
  </component>
  <component name="IgnoredFileRootStore">
    <option name="generatedRoots">
      <set>
        <option value="$PROJECT_DIR$/.idea/.idea.SmurfRecursion/.idea" />
      </set>
    </option>
  </component>
  <component name="LanguageUsageStatistics">
    <language id="C#">
      <summary usageCount="11" lastUsage="1697213199909" />
    </language>
  </component>
  <component name="ProjectView">
    <navigator currentView="SolutionExplorer" proportions="0.9" version="1" />
    <panes>
      <pane id="SolutionExplorer">
        <subPane>
          <expand>
            <path>
              <item name="Project" type="784c90a0:SolutionExplorerRootNode" />
              <item name="SmurfRecursion" type="24d0babc:SolutionExplorerModelNode" />
            </path>
            <path>
              <item name="Project" type="784c90a0:SolutionExplorerRootNode" />
              <item name="SmurfRecursion" type="24d0babc:SolutionExplorerModelNode" />
              <item name="SmurfRecursion" type="24d0babc:SolutionExplorerModelNode" />
            </path>
            <path>
              <item name="Project" type="784c90a0:SolutionExplorerRootNode" />
              <item name="SmurfRecursion" type="24d0babc:SolutionExplorerModelNode" />
              <item name="Tests" type="24d0babc:SolutionExplorerModelNode" />
            </path>
          </expand>
          <select>
            <path>
              <item name="Project" type="784c90a0:SolutionExplorerRootNode" />
              <item name="SmurfRecursion" type="24d0babc:SolutionExplorerModelNode" />
              <item name="SmurfRecursion" type="24d0babc:SolutionExplorerModelNode" />
              <item name="Gargamel.cs" type="24d0babc:SolutionExplorerModelNode" />
            </path>
          </select>
        </subPane>
        <option name="show-all-files" value="false" />
        <option name="show-project-imports" value="true" />
        <option name="autoscroll-all" value="false" />
        <option name="show-scratches" value="true" />
        <option name="search-dependencies" value="false" />
        <option name="show-unreal-project-files" value="true" />
      </pane>
      <pane id="FileSystemExplorer" />
      <pane id="AssemblyExplorer" />
    </panes>
  </component>
  <component name="RiderPerAppToolWindowOpenedTWKeeper">
    <option name="map">
      <map>
        <entry key="Bookmarks">
          <value>
            <window_info id="Bookmarks" side_tool="true" />
          </value>
        </entry>
        <entry key="Build">
          <value>
            <window_info anchor="bottom" id="Build" order="4" weight="0.3299712" />
          </value>
        </entry>
        <entry key="Commit">
          <value>
            <window_info x="959" y="131" width="315" height="949" id="Commit" type="FLOATING" weight="0.3300209" />
          </value>
        </entry>
        <entry key="Database">
          <value>
            <window_info anchor="right" id="Database" order="0" />
          </value>
        </entry>
        <entry key="Database Changes">
          <value>
            <window_info anchor="bottom" id="Database Changes" show_stripe_button="false" />
          </value>
        </entry>
        <entry key="Debug">
          <value>
            <window_info anchor="bottom" id="Debug" order="3" weight="0.40009606" />
          </value>
        </entry>
        <entry key="Dynamic Program Analysis">
          <value>
            <window_info anchor="bottom" id="Dynamic Program Analysis" />
          </value>
        </entry>
        <entry key="Endpoints">
          <value>
            <window_info anchor="right" id="Endpoints" order="0" show_stripe_button="false" />
          </value>
        </entry>
        <entry key="File Transfer">
          <value>
            <window_info anchor="bottom" id="File Transfer" />
          </value>
        </entry>
        <entry key="Find">
          <value>
            <window_info anchor="bottom" id="Find" order="1" />
          </value>
        </entry>
        <entry key="IL Viewer">
          <value>
            <window_info anchor="right" id="IL Viewer" />
          </value>
        </entry>
        <entry key="Inspection">
          <value>
            <window_info anchor="bottom" id="Inspection" order="4" weight="0.4" />
          </value>
        </entry>
        <entry key="Notifications">
          <value>
            <window_info anchor="right" id="Notifications" order="0" weight="0.25" />
          </value>
        </entry>
        <entry key="NuGet">
          <value>
            <window_info anchor="bottom" id="NuGet" order="4" weight="0.3299712" />
          </value>
        </entry>
        <entry key="Problems View">
          <value>
            <window_info anchor="bottom" id="Problems View" order="4" weight="0.3299712" />
          </value>
        </entry>
        <entry key="Project">
          <value>
            <window_info content_ui="combo" id="Project" order="0" visible="true" weight="0.08002092" />
          </value>
        </entry>
        <entry key="Pull Requests">
          <value>
            <window_info id="Pull Requests" />
          </value>
        </entry>
        <entry key="Run">
          <value>
            <window_info anchor="bottom" id="Run" order="2" visible="true" weight="0.3299712" />
          </value>
        </entry>
        <entry key="Services">
          <value>
            <window_info anchor="bottom" id="Services" order="4" show_stripe_button="false" />
          </value>
        </entry>
        <entry key="Space Code Reviews">
          <value>
            <window_info id="Space Code Reviews" />
          </value>
        </entry>
        <entry key="Structure">
          <value>
            <window_info id="Structure" order="0" side_tool="true" />
          </value>
        </entry>
        <entry key="TODO">
          <value>
            <window_info anchor="bottom" id="TODO" />
          </value>
        </entry>
        <entry key="Terminal">
          <value>
            <window_info anchor="bottom" id="Terminal" order="4" />
          </value>
        </entry>
        <entry key="TypeScript">
          <value>
            <window_info anchor="bottom" id="TypeScript" />
          </value>
        </entry>
        <entry key="Unit Tests">
          <value>
            <window_info anchor="bottom" id="Unit Tests" weight="0.3299712" />
          </value>
        </entry>
        <entry key="Unit Tests Coverage">
          <value>
            <window_info anchor="right" id="Unit Tests Coverage" />
          </value>
        </entry>
        <entry key="Version Control">
          <value>
            <window_info anchor="bottom" id="Version Control" order="0" weight="0.3299712" />
          </value>
        </entry>
        <entry key="documentation.v2">
          <value>
            <window_info anchor="right" id="documentation.v2" side_tool="true" />
          </value>
        </entry>
        <entry key="dotMemory Profiler">
          <value>
            <window_info anchor="bottom" id="dotMemory Profiler" />
          </value>
        </entry>
        <entry key="dotTrace Profiler">
          <value>
            <window_info anchor="bottom" id="dotTrace Profiler" />
          </value>
        </entry>
      </map>
    </option>
  </component>
  <component name="RunToolbarSettings">
    <option name="slotOrder">
      <option value="948756af-33c6-4ed5-915f-286a891dc6dd" />
    </option>
    <slots>
      <entry key="948756af-33c6-4ed5-915f-286a891dc6dd" value=".NET Project.SmurfRecursion" />
    </slots>
  </component>
  <component name="TimeTrackingManager">
    <option name="totallyTimeSpent" value="3306000" />
  </component>
  <component name="TodoView">
    <todo-panel id="selected-file">
      <is-autoscroll-to-source value="true" />
    </todo-panel>
    <todo-panel id="all">
      <are-packages-shown value="true" />
      <is-autoscroll-to-source value="true" />
    </todo-panel>
  </component>
  <component name="ToolWindowManager">
    <editor active="true" />
    <layout>
      <window_info id="Space Code Reviews" />
      <window_info id="Bookmarks" side_tool="true" />
      <window_info id="Pull Requests" />
      <window_info x="959" y="131" width="315" height="949" id="Commit" type="FLOATING" weight="0.3300209" />
      <window_info id="Structure" order="0" side_tool="true" />
      <window_info content_ui="combo" id="Project" order="0" visible="true" weight="0.08002092" />
      <window_info anchor="bottom" id="Database Changes" show_stripe_button="false" />
      <window_info anchor="bottom" id="TypeScript" />
      <window_info anchor="bottom" id="Dynamic Program Analysis" />
      <window_info anchor="bottom" id="TODO" />
      <window_info anchor="bottom" id="Unit Tests" weight="0.3299712" />
      <window_info anchor="bottom" id="dotTrace Profiler" />
      <window_info anchor="bottom" id="File Transfer" />
      <window_info anchor="bottom" id="dotMemory Profiler" />
      <window_info anchor="bottom" id="Version Control" order="0" weight="0.3299712" />
      <window_info anchor="bottom" id="Find" order="1" />
      <window_info anchor="bottom" id="Run" order="2" visible="true" weight="0.3299712" />
      <window_info anchor="bottom" id="Debug" order="3" weight="0.40009606" />
      <window_info anchor="bottom" id="Build" order="4" weight="0.3299712" />
      <window_info anchor="bottom" id="Inspection" order="4" weight="0.4" />
      <window_info anchor="bottom" id="Problems View" order="4" weight="0.3299712" />
      <window_info anchor="bottom" id="Terminal" order="4" />
      <window_info anchor="bottom" id="NuGet" order="4" weight="0.3299712" />
      <window_info anchor="bottom" id="Services" order="4" show_stripe_button="false" />
      <window_info anchor="right" id="Unit Tests Coverage" />
      <window_info anchor="right" id="IL Viewer" />
      <window_info anchor="right" id="documentation.v2" side_tool="true" />
      <window_info anchor="right" id="Endpoints" order="0" show_stripe_button="false" />
      <window_info anchor="right" id="Database" order="0" />
      <window_info anchor="right" id="Notifications" order="0" weight="0.25" />
      <unified_weights bottom="0.3299712" left="0.08002092" />
    </layout>
    <recentWindows>
      <value>Project</value>
    </recentWindows>
  </component>
  <component name="WindowStateProjectService">
    <state x="662" y="283" key="FileChooserDialogImpl" timestamp="1696258517213">
      <screen x="0" y="0" width="1920" height="1080" />
    </state>
    <state x="662" y="283" key="FileChooserDialogImpl/0.0.1920.1080@0.0.1920.1080" timestamp="1696258517213" />
    <state x="555" y="265" width="804" height="520" key="Rider.ProjectTemplateDialog.Size" timestamp="1696258999646">
      <screen x="0" y="0" width="1920" height="1080" />
    </state>
    <state x="555" y="265" width="804" height="520" key="Rider.ProjectTemplateDialog.Size/0.0.1920.1080@0.0.1920.1080" timestamp="1696258999646" />
  </component>
  <component name="editorHistoryManager">
    <entry file="file://$PROJECT_DIR$/Tests/UnitTest1.cs">
      <provider selected="true" editor-type-id="text-editor">
        <state relative-caret-position="176">
          <caret line="8" column="1" selection-start-line="8" selection-start-column="1" selection-end-line="8" selection-end-column="1" />
        </state>
      </provider>
    </entry>
    <entry file="file://$PROJECT_DIR$/Tests/Usings.cs">
      <provider selected="true" editor-type-id="text-editor">
        <state relative-caret-position="22">
          <caret line="1" column="27" selection-start-line="1" selection-start-column="13" selection-end-line="1" selection-end-column="27" />
        </state>
      </provider>
    </entry>
    <entry file="file://$PROJECT_DIR$/SmurfRecursion/Program.cs">
      <provider selected="true" editor-type-id="text-editor" />
    </entry>
    <entry file="file://$PROJECT_DIR$/SmurfRecursion/Basics.cs">
      <provider selected="true" editor-type-id="text-editor">
        <state relative-caret-position="110">
          <caret line="6" column="8" selection-start-line="6" selection-start-column="8" selection-end-line="6" selection-end-column="8" />
        </state>
      </provider>
    </entry>
    <entry file="file://$PROJECT_DIR$/SmurfRecursion/Gargamel.cs">
      <provider selected="true" editor-type-id="text-editor">
        <state relative-caret-position="-802">
          <caret line="2" column="13" selection-start-line="2" selection-start-column="13" selection-end-line="2" selection-end-column="13" />
          <folding>
            <marker date="1696521395000" expanded="true" signature="48:2285" ph="{...}" />
            <marker date="1696521395000" expanded="true" signature="212:443" ph="{...}" />
            <marker date="1696521395000" expanded="true" signature="606:777" ph="{...}" />
            <marker date="1696521395000" expanded="true" signature="832:1022" ph="{...}" />
            <marker date="1696521395000" expanded="true" signature="1180:1311" ph="{...}" />
            <marker date="1696521395000" expanded="true" signature="1373:1721" ph="{...}" />
            <marker date="1696521395000" expanded="true" signature="1404:1614" ph="{...}" />
            <marker date="1696521395000" expanded="true" signature="1878:2046" ph="{...}" />
            <marker date="1696521395000" expanded="true" signature="2121:2281" ph="{...}" />
          </folding>
        </state>
      </provider>
    </entry>
  </component>
</project>