<project version="4">
  <component name="BookmarksManager">
    <option name="groups">
      <GroupState>
        <option name="name" value="SmurfAdventures" />
      </GroupState>
    </option>
  </component>
  <component name="FileEditorManager">
    <leaf SIDE_TABS_SIZE_LIMIT_KEY="-1">
      <file current-in-tab="false">
        <entry file="file://$PROJECT_DIR$/SmurfAdventures/Fundamentals/Basics.cs">
          <provider selected="true" editor-type-id="text-editor">
            <state relative-caret-position="1">
              <caret line="27" column="34" selection-start-line="27" selection-start-column="34" selection-end-line="27" selection-end-column="34" />
              <folding>
                <marker date="1697636277000" expanded="true" signature="6:77" ph="..." />
                <marker date="1697636277000" expanded="true" signature="139:1996" ph="{...}" />
                <marker date="1697636277000" expanded="true" signature="315:367" ph="{...}" />
                <marker date="1697636277000" expanded="true" signature="544:796" ph="{...}" />
                <marker date="1697636277000" expanded="true" signature="562:706" ph="{...}" />
                <marker date="1697636277000" expanded="true" signature="652:696" ph="{...}" />
                <marker date="1697636277000" expanded="true" signature="744:790" ph="{...}" />
                <marker date="1697636277000" expanded="true" signature="981:1306" ph="{...}" />
                <marker date="1697636277000" expanded="true" signature="999:1228" ph="{...}" />
                <marker date="1697636277000" expanded="true" signature="1254:1300" ph="{...}" />
                <marker date="1697636277000" expanded="true" signature="1475:1865" ph="{...}" />
                <marker date="1697636277000" expanded="true" signature="1519:1705" ph="{...}" />
                <marker date="1697636277000" expanded="true" signature="1609:1695" ph="{...}" />
                <marker date="1697636277000" expanded="true" signature="1743:1839" ph="{...}" />
              </folding>
            </state>
          </provider>
        </entry>
      </file>
      <file current-in-tab="false">
        <entry file="file://$PROJECT_DIR$/SmurfAdventures/Fundamentals/SmurfVillageParty.cs">
          <provider selected="true" editor-type-id="text-editor">
            <state relative-caret-position="-1561">
              <caret line="103" column="53" selection-start-line="103" selection-start-column="53" selection-end-line="103" selection-end-column="53" />
              <folding>
                <marker date="1697803830000" expanded="true" signature="73:5460" ph="{...}" />
                <marker date="1697803830000" expanded="true" signature="245:601" ph="{...}" />
                <marker date="1697803830000" expanded="true" signature="289:470" ph="{...}" />
                <marker date="1697803830000" expanded="true" signature="403:460" ph="{...}" />
                <marker date="1697803830000" expanded="true" signature="508:571" ph="{...}" />
                <marker date="1697803830000" expanded="true" signature="788:1072" ph="{...}" />
                <marker date="1697803830000" expanded="true" signature="806:981" ph="{...}" />
                <marker date="1697803830000" expanded="true" signature="1019:1066" ph="{...}" />
                <marker date="1697803830000" expanded="true" signature="1262:1972" ph="{...}" />
                <marker date="1697803830000" expanded="true" signature="1305:1826" ph="{...}" />
                <marker date="1697803830000" expanded="true" signature="1393:1653" ph="{...}" />
                <marker date="1697803830000" expanded="true" signature="1434:1610" ph="{...}" />
                <marker date="1697803830000" expanded="true" signature="1734:1816" ph="{...}" />
                <marker date="1697803830000" expanded="true" signature="1864:1965" ph="{...}" />
                <marker date="1697803830000" expanded="true" signature="2160:2422" ph="{...}" />
                <marker date="1697803830000" expanded="true" signature="2280:2378" ph="{...}" />
                <marker date="1697803830000" expanded="true" signature="2608:2824" ph="{...}" />
                <marker date="1697803830000" expanded="true" signature="2714:2795" ph="{...}" />
                <marker date="1697803830000" expanded="true" signature="3001:3812" ph="{...}" />
                <marker date="1697803830000" expanded="true" signature="3071:3679" ph="{...}" />
                <marker date="1697803830000" expanded="true" signature="3159:3509" ph="{...}" />
                <marker date="1697803830000" expanded="true" signature="3200:3466" ph="{...}" />
                <marker date="1697803830000" expanded="true" signature="3590:3669" ph="{...}" />
                <marker date="1697803830000" expanded="true" signature="3717:3785" ph="{...}" />
                <marker date="1697803830000" expanded="true" signature="4011:5326" ph="{...}" />
                <marker date="1697803830000" expanded="true" signature="4017:4261" ph="/* bool res = false; ... */" />
                <marker date="1697803830000" expanded="true" signature="4355:5206" ph="{...}" />
                <marker date="1697803830000" expanded="true" signature="4446:4610" ph="{...}" />
                <marker date="1697803830000" expanded="true" signature="4487:4566" ph="{...}" />
                <marker date="1697803830000" expanded="true" signature="4690:5032" ph="{...}" />
                <marker date="1697803830000" expanded="true" signature="4731:4988" ph="{...}" />
                <marker date="1697803830000" expanded="true" signature="5113:5196" ph="{...}" />
                <marker date="1697803830000" expanded="true" signature="5232:5299" ph="{...}" />
              </folding>
            </state>
          </provider>
        </entry>
      </file>
      <file current-in-tab="false">
        <entry file="file://$PROJECT_DIR$/SmurfAdventures/Fundamentals/Letters.cs">
          <provider selected="true" editor-type-id="text-editor">
            <state relative-caret-position="539">
              <caret line="121" column="15" selection-start-line="121" selection-start-column="15" selection-end-line="121" selection-end-column="15" />
              <folding>
                <marker date="1697822096000" expanded="true" signature="6:76" ph="..." />
                <marker date="1697822096000" expanded="true" signature="139:3406" ph="{...}" />
                <marker date="1697822096000" expanded="true" signature="348:851" ph="{...}" />
                <marker date="1697822096000" expanded="true" signature="457:731" ph="{...}" />
                <marker date="1697822096000" expanded="true" signature="618:721" ph="{...}" />
                <marker date="1697822096000" expanded="true" signature="773:845" ph="{...}" />
                <marker date="1697822096000" expanded="true" signature="1032:1557" ph="{...}" />
                <marker date="1697822096000" expanded="true" signature="1088:1446" ph="{...}" />
                <marker date="1697822096000" expanded="true" signature="1172:1260" ph="{...}" />
                <marker date="1697822096000" expanded="true" signature="1354:1436" ph="{...}" />
                <marker date="1697822096000" expanded="true" signature="1484:1551" ph="{...}" />
                <marker date="1697822096000" expanded="true" signature="1728:1888" ph="{...}" />
                <marker date="1697822096000" expanded="true" signature="1811:1862" ph="{...}" />
                <marker date="1697822096000" expanded="true" signature="1951:2476" ph="{...}" />
                <marker date="1697822096000" expanded="true" signature="1999:2398" ph="{...}" />
                <marker date="1697822096000" expanded="true" signature="2088:2186" ph="{...}" />
                <marker date="1697822096000" expanded="true" signature="2276:2362" ph="{...}" />
                <marker date="1697822096000" expanded="true" signature="2424:2470" ph="{...}" />
                <marker date="1697822096000" expanded="true" signature="2639:2779" ph="{...}" />
                <marker date="1697822096000" expanded="true" signature="2702:2750" ph="{...}" />
                <marker date="1697822096000" expanded="true" signature="2839:3403" ph="{...}" />
                <marker date="1697822096000" expanded="true" signature="2884:3285" ph="{...}" />
                <marker date="1697822096000" expanded="true" signature="3080:3274" ph="{...}" />
                <marker date="1697822096000" expanded="true" signature="3139:3260" ph="{...}" />
                <marker date="1697822096000" expanded="true" signature="3311:3374" ph="{...}" />
              </folding>
            </state>
          </provider>
        </entry>
      </file>
      <file current-in-tab="false">
        <entry file="file://$PROJECT_DIR$/SmurfAdventures/Fundamentals/sierpinski.txt">
          <provider selected="true" editor-type-id="text-editor" />
        </entry>
      </file>
      <file current-in-tab="false">
        <entry file="file://$PROJECT_DIR$/SmurfAdventures/Fundamentals/wordList.txt">
          <provider selected="true" editor-type-id="text-editor" />
        </entry>
      </file>
      <file current-in-tab="false">
        <entry file="file:///afs/cri.epita.fr/user/m/ma/marcus.poirot/u/epita-prepa-acdc-PROG-101-P-04-2028-marcus.poirot/SmurfAdventures/Fundamentals/Letters.cs">
          <provider selected="true" editor-type-id="text-editor">
            <state relative-caret-position="99">
              <caret line="100" selection-start-line="100" selection-end-line="100" />
              <folding>
                <marker date="1697822096000" expanded="false" signature="6:76" ph="..." />
                <marker date="1697822096000" expanded="true" signature="139:3406" ph="{...}" />
                <marker date="1697822096000" expanded="true" signature="348:851" ph="{...}" />
                <marker date="1697822096000" expanded="true" signature="457:731" ph="{...}" />
                <marker date="1697822096000" expanded="true" signature="618:721" ph="{...}" />
                <marker date="1697822096000" expanded="true" signature="773:845" ph="{...}" />
                <marker date="1697822096000" expanded="true" signature="1032:1557" ph="{...}" />
                <marker date="1697822096000" expanded="true" signature="1088:1446" ph="{...}" />
                <marker date="1697822096000" expanded="true" signature="1172:1260" ph="{...}" />
                <marker date="1697822096000" expanded="true" signature="1354:1436" ph="{...}" />
                <marker date="1697822096000" expanded="true" signature="1484:1551" ph="{...}" />
                <marker date="1697822096000" expanded="true" signature="1728:1888" ph="{...}" />
                <marker date="1697822096000" expanded="true" signature="1811:1862" ph="{...}" />
                <marker date="1697822096000" expanded="true" signature="1951:2476" ph="{...}" />
                <marker date="1697822096000" expanded="true" signature="1999:2398" ph="{...}" />
                <marker date="1697822096000" expanded="true" signature="2088:2186" ph="{...}" />
                <marker date="1697822096000" expanded="true" signature="2276:2362" ph="{...}" />
                <marker date="1697822096000" expanded="true" signature="2424:2470" ph="{...}" />
                <marker date="1697822096000" expanded="true" signature="2639:2779" ph="{...}" />
                <marker date="1697822096000" expanded="true" signature="2702:2750" ph="{...}" />
                <marker date="1697822096000" expanded="true" signature="2839:3403" ph="{...}" />
                <marker date="1697822096000" expanded="true" signature="2884:3285" ph="{...}" />
                <marker date="1697822096000" expanded="true" signature="3080:3274" ph="{...}" />
                <marker date="1697822096000" expanded="true" signature="3139:3260" ph="{...}" />
                <marker date="1697822096000" expanded="true" signature="3311:3374" ph="{...}" />
              </folding>
            </state>
          </provider>
        </entry>
      </file>
      <file>
        <entry file="file://$PROJECT_DIR$/SmurfAdventures/Proficiencies/HelpExplorerSmurf.cs">
          <provider selected="true" editor-type-id="text-editor">
            <state relative-caret-position="859">
              <caret line="45" column="46" selection-start-line="45" selection-start-column="46" selection-end-line="45" selection-end-column="46" />
              <folding>
                <marker date="1697823488000" expanded="true" signature="72:1814" ph="{...}" />
                <marker date="1697823488000" expanded="true" signature="291:1691" ph="{...}" />
                <marker date="1697823488000" expanded="true" signature="334:1592" ph="{...}" />
                <marker date="1697823488000" expanded="true" signature="395:818" ph="{...}" />
                <marker date="1697823488000" expanded="true" signature="537:804" ph="{...}" />
                <marker date="1697823488000" expanded="true" signature="951:1413" ph="{...}" />
                <marker date="1697823488000" expanded="true" signature="1501:1581" ph="{...}" />
                <marker date="1697823488000" expanded="true" signature="1618:1685" ph="{...}" />
              </folding>
            </state>
          </provider>
        </entry>
      </file>
      <file current-in-tab="false">
        <entry file="file://$PROJECT_DIR$/SmurfAdventures/Enhancements/MayorElection.cs">
          <provider selected="true" editor-type-id="text-editor">
            <state relative-caret-position="-8">
              <caret line="23" column="1" selection-start-line="23" selection-start-column="1" selection-end-line="23" selection-end-column="1" />
              <folding>
                <marker date="1697819308000" expanded="true" signature="67:776" ph="{...}" />
                <marker date="1697819308000" expanded="true" signature="273:294" ph="{...}" />
                <marker date="1697819308000" expanded="true" signature="494:515" ph="{...}" />
                <marker date="1697819308000" expanded="true" signature="745:766" ph="{...}" />
              </folding>
            </state>
          </provider>
        </entry>
      </file>
      <file current-in-tab="false">
        <entry file="file://$PROJECT_DIR$/Tests/Tests.cs">
          <provider selected="true" editor-type-id="text-editor">
            <state relative-caret-position="20">
              <caret line="1" column="6" selection-start-line="1" selection-start-column="6" selection-end-line="1" selection-end-column="6" />
              <folding>
                <marker date="1697819494000" expanded="true" signature="6:26" ph="..." />
                <marker date="1697819494000" expanded="true" signature="43:176" ph="{...}" />
                <marker date="1697819494000" expanded="true" signature="68:174" ph="{...}" />
                <marker date="1697819494000" expanded="true" signature="117:168" ph="{...}" />
              </folding>
            </state>
          </provider>
        </entry>
      </file>
      <file current-in-tab="false">
        <entry file="file://$PROJECT_DIR$/SmurfAdventures/Program.cs">
          <provider selected="true" editor-type-id="text-editor">
            <state relative-caret-position="419">
              <caret line="78" selection-start-line="78" selection-end-line="78" />
              <folding>
                <marker date="1697822120000" expanded="true" signature="28:1546" ph="/* bool a1 = SmurfAdventures.Fundamentals.Basics.CheckExistence(&quot;/home/marcus.poirot/afs/epita-prepa-acdc-PROG-10 ... */" />
                <marker date="1697822120000" expanded="true" signature="1548:5750" ph="/* string d1 = SmurfAdventures.Fundamentals.Basics.MyRead(&quot;/home/marcus.poirot/afs/epita-prepa-acdc-PROG-101-P-04 ... */" />
              </folding>
            </state>
          </provider>
        </entry>
      </file>
    </leaf>
  </component>
  <component name="FileTypeUsageLocalSummary">
    <fileType name="C#">
      <summary usageCount="27" lastUsed="1697821216370" />
    </fileType>
    <fileType name="PLAIN_TEXT">
      <summary usageCount="4" lastUsed="1697822326011" />
    </fileType>
  </component>
  <component name="FindInProjectRecents">
    <findStrings>
      <find>contains</find>
    </findStrings>
  </component>
  <component name="IdeDocumentHistory">
    <changedPaths>
      <option value="/afs/cri.epita.fr/user/m/ma/marcus.poirot/u/epita-prepa-acdc-PROG-101-P-04-2028-marcus.poirot/SmurfAdventures/Fundamentals/Basics.cs" />
      <option value="$PROJECT_DIR$/SmurfAdventures/Fundamentals/Basics.cs" />
      <option value="$PROJECT_DIR$/SmurfAdventures/Fundamentals/SmurfVillageParty.cs" />
      <option value="$PROJECT_DIR$/SmurfAdventures/Fundamentals/sierpinski.txt" />
      <option value="$PROJECT_DIR$/SmurfAdventures/Enhancements/MayorElection.cs" />
      <option value="$PROJECT_DIR$/Tests/Tests.cs" />
      <option value="/afs/cri.epita.fr/user/m/ma/marcus.poirot/u/epita-prepa-acdc-PROG-101-P-04-2028-marcus.poirot/SmurfAdventures/Fundamentals/Letters.cs" />
      <option value="$PROJECT_DIR$/SmurfAdventures/Fundamentals/Letters.cs" />
      <option value="$PROJECT_DIR$/SmurfAdventures/Program.cs" />
      <option value="$PROJECT_DIR$/SmurfAdventures/Proficiencies/HelpExplorerSmurf.cs" />
    </changedPaths>
  </component>
  <component name="IgnoredFileRootStore">
    <option name="generatedRoots">
      <set>
        <option value="$PROJECT_DIR$/.idea/.idea.SmurfAdventures/.idea" />
      </set>
    </option>
  </component>
  <component name="LanguageUsageStatistics">
    <language id="C#">
      <summary usageCount="27" lastUsage="1697821216370" />
    </language>
    <language id="TEXT">
      <summary usageCount="4" lastUsage="1697822326011" />
    </language>
  </component>
  <component name="ProjectView">
    <navigator currentView="SolutionExplorer" proportions="0.9" version="1" />
    <panes>
      <pane id="FileSystemExplorer" />
      <pane id="AssemblyExplorer" />
      <pane id="SolutionExplorer">
        <subPane>
          <expand>
            <path>
              <item name="Project" type="784c90a0:SolutionExplorerRootNode" />
              <item name="SmurfAdventures" type="24d0babc:SolutionExplorerModelNode" />
            </path>
            <path>
              <item name="Project" type="784c90a0:SolutionExplorerRootNode" />
              <item name="SmurfAdventures" type="24d0babc:SolutionExplorerModelNode" />
              <item name="SmurfAdventures" type="24d0babc:SolutionExplorerModelNode" />
            </path>
            <path>
              <item name="Project" type="784c90a0:SolutionExplorerRootNode" />
              <item name="SmurfAdventures" type="24d0babc:SolutionExplorerModelNode" />
              <item name="SmurfAdventures" type="24d0babc:SolutionExplorerModelNode" />
              <item name="Enhancements" type="24d0babc:SolutionExplorerModelNode" />
            </path>
            <path>
              <item name="Project" type="784c90a0:SolutionExplorerRootNode" />
              <item name="SmurfAdventures" type="24d0babc:SolutionExplorerModelNode" />
              <item name="SmurfAdventures" type="24d0babc:SolutionExplorerModelNode" />
              <item name="Fundamentals" type="24d0babc:SolutionExplorerModelNode" />
            </path>
            <path>
              <item name="Project" type="784c90a0:SolutionExplorerRootNode" />
              <item name="SmurfAdventures" type="24d0babc:SolutionExplorerModelNode" />
              <item name="SmurfAdventures" type="24d0babc:SolutionExplorerModelNode" />
              <item name="Proficiencies" type="24d0babc:SolutionExplorerModelNode" />
            </path>
          </expand>
          <select>
            <path>
              <item name="Project" type="784c90a0:SolutionExplorerRootNode" />
              <item name="SmurfAdventures" type="24d0babc:SolutionExplorerModelNode" />
              <item name="SmurfAdventures" type="24d0babc:SolutionExplorerModelNode" />
              <item name="Proficiencies" type="24d0babc:SolutionExplorerModelNode" />
              <item name="HelpExplorerSmurf.cs" type="24d0babc:SolutionExplorerModelNode" />
            </path>
          </select>
        </subPane>
        <option name="show-all-files" value="false" />
        <option name="show-project-imports" value="true" />
        <option name="autoscroll-all" value="false" />
        <option name="show-scratches" value="true" />
        <option name="search-dependencies" value="false" />
        <option name="show-unreal-project-files" value="true" />
      </pane>
    </panes>
  </component>
  <component name="RiderPerAppToolWindowOpenedTWKeeper">
    <option name="map">
      <map>
        <entry key="Bookmarks">
          <value>
            <window_info active="true" id="Bookmarks" sideWeight="0.499183" side_tool="true" visible="true" weight="0.19493738" />
          </value>
        </entry>
        <entry key="Build">
          <value>
            <window_info anchor="bottom" id="Build" order="4" weight="0.3299712" />
          </value>
        </entry>
        <entry key="Commit">
          <value>
            <window_info x="959" y="131" width="315" height="949" id="Commit" type="FLOATING" weight="0.3300209" />
          </value>
        </entry>
        <entry key="Database">
          <value>
            <window_info anchor="right" id="Database" order="0" />
          </value>
        </entry>
        <entry key="Database Changes">
          <value>
            <window_info anchor="bottom" id="Database Changes" show_stripe_button="false" />
          </value>
        </entry>
        <entry key="Debug">
          <value>
            <window_info anchor="bottom" id="Debug" order="3" weight="0.40009606" />
          </value>
        </entry>
        <entry key="Dynamic Program Analysis">
          <value>
            <window_info anchor="bottom" id="Dynamic Program Analysis" />
          </value>
        </entry>
        <entry key="Endpoints">
          <value>
            <window_info anchor="right" id="Endpoints" order="0" show_stripe_button="false" />
          </value>
        </entry>
        <entry key="File Transfer">
          <value>
            <window_info anchor="bottom" id="File Transfer" />
          </value>
        </entry>
        <entry key="Find">
          <value>
            <window_info anchor="bottom" id="Find" order="1" />
          </value>
        </entry>
        <entry key="IL Viewer">
          <value>
            <window_info anchor="right" id="IL Viewer" />
          </value>
        </entry>
        <entry key="Inspection">
          <value>
            <window_info anchor="bottom" id="Inspection" order="4" weight="0.4" />
          </value>
        </entry>
        <entry key="Notifications">
          <value>
            <window_info anchor="right" id="Notifications" order="0" weight="0.25" />
          </value>
        </entry>
        <entry key="NuGet">
          <value>
            <window_info anchor="bottom" id="NuGet" order="4" weight="0.3299712" />
          </value>
        </entry>
        <entry key="Problems View">
          <value>
            <window_info anchor="bottom" id="Problems View" order="4" weight="0.3299712" />
          </value>
        </entry>
        <entry key="Project">
          <value>
            <window_info active="true" content_ui="combo" id="Project" order="0" sideWeight="0.500817" visible="true" weight="0.19493738" />
          </value>
        </entry>
        <entry key="Pull Requests">
          <value>
            <window_info id="Pull Requests" />
          </value>
        </entry>
        <entry key="Run">
          <value>
            <window_info anchor="bottom" id="Run" order="2" visible="true" weight="0.32420748" />
          </value>
        </entry>
        <entry key="Services">
          <value>
            <window_info anchor="bottom" id="Services" order="4" show_stripe_button="false" />
          </value>
        </entry>
        <entry key="Space Code Reviews">
          <value>
            <window_info id="Space Code Reviews" />
          </value>
        </entry>
        <entry key="Structure">
          <value>
            <window_info id="Structure" order="0" side_tool="true" />
          </value>
        </entry>
        <entry key="TODO">
          <value>
            <window_info anchor="bottom" id="TODO" />
          </value>
        </entry>
        <entry key="Terminal">
          <value>
            <window_info anchor="bottom" id="Terminal" order="4" />
          </value>
        </entry>
        <entry key="TypeScript">
          <value>
            <window_info anchor="bottom" id="TypeScript" />
          </value>
        </entry>
        <entry key="Unit Tests">
          <value>
            <window_info anchor="bottom" id="Unit Tests" weight="0.3299712" />
          </value>
        </entry>
        <entry key="Unit Tests Coverage">
          <value>
            <window_info anchor="right" id="Unit Tests Coverage" />
          </value>
        </entry>
        <entry key="Version Control">
          <value>
            <window_info anchor="bottom" id="Version Control" order="0" weight="0.3299712" />
          </value>
        </entry>
        <entry key="documentation.v2">
          <value>
            <window_info anchor="right" id="documentation.v2" side_tool="true" />
          </value>
        </entry>
        <entry key="dotMemory Profiler">
          <value>
            <window_info anchor="bottom" id="dotMemory Profiler" />
          </value>
        </entry>
        <entry key="dotTrace Profiler">
          <value>
            <window_info anchor="bottom" id="dotTrace Profiler" />
          </value>
        </entry>
      </map>
    </option>
  </component>
  <component name="RunConfigurationStartHistory">
    <history>
      <element setting=".NET Project.SmurfAdventures" />
    </history>
  </component>
  <component name="RunToolbarSettings">
    <option name="slotOrder">
      <option value="dec84d8e-5a7f-4d67-b0ca-3d4e3353899c" />
    </option>
    <slots>
      <entry key="dec84d8e-5a7f-4d67-b0ca-3d4e3353899c" value=".NET Project.SmurfAdventures" />
    </slots>
  </component>
  <component name="TimeTrackingManager">
    <option name="totallyTimeSpent" value="39393000" />
  </component>
  <component name="TodoView">
    <todo-panel id="selected-file">
      <is-autoscroll-to-source value="true" />
    </todo-panel>
    <todo-panel id="all">
      <are-packages-shown value="true" />
      <is-autoscroll-to-source value="true" />
    </todo-panel>
  </component>
  <component name="ToolWindowManager">
    <layout>
      <window_info id="Space Code Reviews" />
      <window_info active="true" id="Bookmarks" sideWeight="0.499183" side_tool="true" visible="true" weight="0.19493738" />
      <window_info id="Pull Requests" />
      <window_info x="959" y="131" width="315" height="949" id="Commit" type="FLOATING" weight="0.3300209" />
      <window_info id="Structure" order="0" side_tool="true" />
      <window_info active="true" content_ui="combo" id="Project" order="0" sideWeight="0.500817" visible="true" weight="0.19493738" />
      <window_info anchor="bottom" id="Database Changes" show_stripe_button="false" />
      <window_info anchor="bottom" id="TypeScript" />
      <window_info anchor="bottom" id="Dynamic Program Analysis" />
      <window_info anchor="bottom" id="TODO" />
      <window_info anchor="bottom" id="Unit Tests" weight="0.3299712" />
      <window_info anchor="bottom" id="dotTrace Profiler" />
      <window_info anchor="bottom" id="File Transfer" />
      <window_info anchor="bottom" id="dotMemory Profiler" />
      <window_info anchor="bottom" id="Version Control" order="0" weight="0.3299712" />
      <window_info anchor="bottom" id="Find" order="1" />
      <window_info anchor="bottom" id="Run" order="2" visible="true" weight="0.32420748" />
      <window_info anchor="bottom" id="Debug" order="3" weight="0.40009606" />
      <window_info anchor="bottom" id="Build" order="4" weight="0.3299712" />
      <window_info anchor="bottom" id="Inspection" order="4" weight="0.4" />
      <window_info anchor="bottom" id="Problems View" order="4" weight="0.3299712" />
      <window_info anchor="bottom" id="Terminal" order="4" />
      <window_info anchor="bottom" id="NuGet" order="4" weight="0.3299712" />
      <window_info anchor="bottom" id="Services" order="4" show_stripe_button="false" />
      <window_info anchor="right" id="Unit Tests Coverage" />
      <window_info anchor="right" id="IL Viewer" />
      <window_info anchor="right" id="documentation.v2" side_tool="true" />
      <window_info anchor="right" id="Endpoints" order="0" show_stripe_button="false" />
      <window_info anchor="right" id="Database" order="0" />
      <window_info anchor="right" id="Notifications" order="0" weight="0.25" />
      <unified_weights bottom="0.3299712" left="0.19493738" />
    </layout>
    <recentWindows>
      <value>Project</value>
      <value>Run</value>
      <value>Build</value>
      <value>Problems View</value>
      <value>Bookmarks</value>
    </recentWindows>
  </component>
  <component name="WindowStateProjectService">
    <state x="433" y="192" width="1053" height="803" key="#com.intellij.execution.impl.EditConfigurationsDialog" timestamp="1697819319308">
      <screen x="0" y="0" width="1920" height="1080" />
    </state>
    <state x="433" y="192" width="1053" height="701" key="#com.intellij.execution.impl.EditConfigurationsDialog/0.0.1920.1080@0.0.1920.1080" timestamp="1697819319308" />
    <state x="433" y="213" width="1053" height="803" key="#com.intellij.execution.impl.EditConfigurationsDialog/0.0.1920.1200@0.0.1920.1200" timestamp="1697641179548" />
    <state x="606" y="300" key="FileChooserDialogImpl" timestamp="1697819317236">
      <screen x="0" y="0" width="1920" height="1080" />
    </state>
    <state x="606" y="300" key="FileChooserDialogImpl/0.0.1920.1080@0.0.1920.1080" timestamp="1697819317236" />
    <state width="1874" height="309" key="GridCell.Tab.0.bottom" timestamp="1697822123495">
      <screen x="0" y="0" width="1920" height="1080" />
    </state>
    <state width="1874" height="309" key="GridCell.Tab.0.bottom/0.0.1920.1080@0.0.1920.1080" timestamp="1697822123495" />
    <state width="1874" height="348" key="GridCell.Tab.0.bottom/0.0.1920.1200@0.0.1920.1200" timestamp="1697648907912" />
    <state width="1874" height="309" key="GridCell.Tab.0.center" timestamp="1697822123495">
      <screen x="0" y="0" width="1920" height="1080" />
    </state>
    <state width="1874" height="309" key="GridCell.Tab.0.center/0.0.1920.1080@0.0.1920.1080" timestamp="1697822123495" />
    <state width="1874" height="348" key="GridCell.Tab.0.center/0.0.1920.1200@0.0.1920.1200" timestamp="1697648907912" />
    <state width="1874" height="309" key="GridCell.Tab.0.left" timestamp="1697822123495">
      <screen x="0" y="0" width="1920" height="1080" />
    </state>
    <state width="1874" height="309" key="GridCell.Tab.0.left/0.0.1920.1080@0.0.1920.1080" timestamp="1697822123495" />
    <state width="1874" height="348" key="GridCell.Tab.0.left/0.0.1920.1200@0.0.1920.1200" timestamp="1697648907912" />
    <state width="1874" height="309" key="GridCell.Tab.0.right" timestamp="1697822123495">
      <screen x="0" y="0" width="1920" height="1080" />
    </state>
    <state width="1874" height="309" key="GridCell.Tab.0.right/0.0.1920.1080@0.0.1920.1080" timestamp="1697822123495" />
    <state width="1874" height="348" key="GridCell.Tab.0.right/0.0.1920.1200@0.0.1920.1200" timestamp="1697648907912" />
    <state width="1874" height="388" key="GridCell.Tab.1.bottom" timestamp="1697635607295">
      <screen x="0" y="0" width="1920" height="1080" />
    </state>
    <state width="1874" height="388" key="GridCell.Tab.1.bottom/0.0.1920.1080@0.0.1920.1080" timestamp="1697635607295" />
    <state width="1874" height="388" key="GridCell.Tab.1.center" timestamp="1697635607295">
      <screen x="0" y="0" width="1920" height="1080" />
    </state>
    <state width="1874" height="388" key="GridCell.Tab.1.center/0.0.1920.1080@0.0.1920.1080" timestamp="1697635607295" />
    <state width="1874" height="388" key="GridCell.Tab.1.left" timestamp="1697635607295">
      <screen x="0" y="0" width="1920" height="1080" />
    </state>
    <state width="1874" height="388" key="GridCell.Tab.1.left/0.0.1920.1080@0.0.1920.1080" timestamp="1697635607295" />
    <state width="1874" height="388" key="GridCell.Tab.1.right" timestamp="1697635607295">
      <screen x="0" y="0" width="1920" height="1080" />
    </state>
    <state width="1874" height="388" key="GridCell.Tab.1.right/0.0.1920.1080@0.0.1920.1080" timestamp="1697635607295" />
    <state width="1874" height="388" key="GridCell.Tab.2.bottom" timestamp="1697635607295">
      <screen x="0" y="0" width="1920" height="1080" />
    </state>
    <state width="1874" height="388" key="GridCell.Tab.2.bottom/0.0.1920.1080@0.0.1920.1080" timestamp="1697635607295" />
    <state width="1874" height="388" key="GridCell.Tab.2.center" timestamp="1697635607295">
      <screen x="0" y="0" width="1920" height="1080" />
    </state>
    <state width="1874" height="388" key="GridCell.Tab.2.center/0.0.1920.1080@0.0.1920.1080" timestamp="1697635607295" />
    <state width="1874" height="388" key="GridCell.Tab.2.left" timestamp="1697635607295">
      <screen x="0" y="0" width="1920" height="1080" />
    </state>
    <state width="1874" height="388" key="GridCell.Tab.2.left/0.0.1920.1080@0.0.1920.1080" timestamp="1697635607295" />
    <state width="1874" height="388" key="GridCell.Tab.2.right" timestamp="1697635607295">
      <screen x="0" y="0" width="1920" height="1080" />
    </state>
    <state width="1874" height="388" key="GridCell.Tab.2.right/0.0.1920.1080@0.0.1920.1080" timestamp="1697635607295" />
    <state width="1874" height="388" key="GridCell.Tab.3.bottom" timestamp="1697635607295">
      <screen x="0" y="0" width="1920" height="1080" />
    </state>
    <state width="1874" height="388" key="GridCell.Tab.3.bottom/0.0.1920.1080@0.0.1920.1080" timestamp="1697635607295" />
    <state width="1874" height="388" key="GridCell.Tab.3.center" timestamp="1697635607295">
      <screen x="0" y="0" width="1920" height="1080" />
    </state>
    <state width="1874" height="388" key="GridCell.Tab.3.center/0.0.1920.1080@0.0.1920.1080" timestamp="1697635607295" />
    <state width="1874" height="388" key="GridCell.Tab.3.left" timestamp="1697635607295">
      <screen x="0" y="0" width="1920" height="1080" />
    </state>
    <state width="1874" height="388" key="GridCell.Tab.3.left/0.0.1920.1080@0.0.1920.1080" timestamp="1697635607295" />
    <state width="1874" height="388" key="GridCell.Tab.3.right" timestamp="1697635607295">
      <screen x="0" y="0" width="1920" height="1080" />
    </state>
    <state width="1874" height="388" key="GridCell.Tab.3.right/0.0.1920.1080@0.0.1920.1080" timestamp="1697635607295" />
    <state width="1874" height="388" key="GridCell.Tab.4.bottom" timestamp="1697635607295">
      <screen x="0" y="0" width="1920" height="1080" />
    </state>
    <state width="1874" height="388" key="GridCell.Tab.4.bottom/0.0.1920.1080@0.0.1920.1080" timestamp="1697635607295" />
    <state width="1874" height="388" key="GridCell.Tab.4.center" timestamp="1697635607295">
      <screen x="0" y="0" width="1920" height="1080" />
    </state>
    <state width="1874" height="388" key="GridCell.Tab.4.center/0.0.1920.1080@0.0.1920.1080" timestamp="1697635607295" />
    <state width="1874" height="388" key="GridCell.Tab.4.left" timestamp="1697635607295">
      <screen x="0" y="0" width="1920" height="1080" />
    </state>
    <state width="1874" height="388" key="GridCell.Tab.4.left/0.0.1920.1080@0.0.1920.1080" timestamp="1697635607295" />
    <state width="1874" height="388" key="GridCell.Tab.4.right" timestamp="1697635607295">
      <screen x="0" y="0" width="1920" height="1080" />
    </state>
    <state width="1874" height="388" key="GridCell.Tab.4.right/0.0.1920.1080@0.0.1920.1080" timestamp="1697635607295" />
    <state x="555" y="265" width="804" height="520" key="Rider.ProjectTemplateDialog.Size" timestamp="1697819494780">
      <screen x="0" y="0" width="1920" height="1080" />
    </state>
    <state x="555" y="265" width="804" height="520" key="Rider.ProjectTemplateDialog.Size/0.0.1920.1080@0.0.1920.1080" timestamp="1697819494780" />
    <state x="693" y="238" width="528" height="574" key="com.intellij.openapi.editor.actions.MultiplePasteAction$ClipboardContentChooser" timestamp="1697636366919">
      <screen x="0" y="0" width="1920" height="1080" />
    </state>
    <state x="693" y="238" width="528" height="574" key="com.intellij.openapi.editor.actions.MultiplePasteAction$ClipboardContentChooser/0.0.1920.1080@0.0.1920.1080" timestamp="1697636366919" />
    <state x="622" y="245" key="run.anything.popup" timestamp="1697814023066">
      <screen x="0" y="0" width="1920" height="1080" />
    </state>
    <state x="622" y="245" key="run.anything.popup/0.0.1920.1080@0.0.1920.1080" timestamp="1697814023066" />
    <state x="623" y="234" width="672" height="685" key="search.everywhere.popup" timestamp="1697821569609">
      <screen x="0" y="0" width="1920" height="1080" />
    </state>
    <state x="623" y="234" width="672" height="685" key="search.everywhere.popup/0.0.1920.1080@0.0.1920.1080" timestamp="1697821569609" />
  </component>
  <component name="editorHistoryManager">
    <entry file="file://$PROJECT_DIR$/SmurfAdventures/guests.txt" />
    <entry file="file:///afs/cri.epita.fr/user/m/ma/marcus.poirot/u/epita-prepa-acdc-PROG-101-P-04-2028-marcus.poirot/SmurfAdventures/Fundamentals/Basics.cs">
      <provider selected="true" editor-type-id="text-editor">
        <state relative-caret-position="590">
          <caret line="41" selection-start-line="41" selection-end-line="41" />
          <folding>
            <marker date="1697635285000" expanded="true" signature="1865:1867" ph="{...}" />
          </folding>
        </state>
      </provider>
    </entry>
    <entry file="file://$PROJECT_DIR$/SmurfAdventures/Fundamentals/Basics.cs">
      <provider selected="true" editor-type-id="text-editor">
        <state relative-caret-position="1">
          <caret line="27" column="34" selection-start-line="27" selection-start-column="34" selection-end-line="27" selection-end-column="34" />
          <folding>
            <marker date="1697636277000" expanded="true" signature="6:77" ph="..." />
            <marker date="1697636277000" expanded="true" signature="139:1996" ph="{...}" />
            <marker date="1697636277000" expanded="true" signature="315:367" ph="{...}" />
            <marker date="1697636277000" expanded="true" signature="544:796" ph="{...}" />
            <marker date="1697636277000" expanded="true" signature="562:706" ph="{...}" />
            <marker date="1697636277000" expanded="true" signature="652:696" ph="{...}" />
            <marker date="1697636277000" expanded="true" signature="744:790" ph="{...}" />
            <marker date="1697636277000" expanded="true" signature="981:1306" ph="{...}" />
            <marker date="1697636277000" expanded="true" signature="999:1228" ph="{...}" />
            <marker date="1697636277000" expanded="true" signature="1254:1300" ph="{...}" />
            <marker date="1697636277000" expanded="true" signature="1475:1865" ph="{...}" />
            <marker date="1697636277000" expanded="true" signature="1519:1705" ph="{...}" />
            <marker date="1697636277000" expanded="true" signature="1609:1695" ph="{...}" />
            <marker date="1697636277000" expanded="true" signature="1743:1839" ph="{...}" />
          </folding>
        </state>
      </provider>
    </entry>
    <entry file="file://$PROJECT_DIR$/SmurfAdventures/Enhancements/MayorElection.cs">
      <provider selected="true" editor-type-id="text-editor">
        <state relative-caret-position="-8">
          <caret line="23" column="1" selection-start-line="23" selection-start-column="1" selection-end-line="23" selection-end-column="1" />
          <folding>
            <marker date="1697819308000" expanded="true" signature="67:776" ph="{...}" />
            <marker date="1697819308000" expanded="true" signature="273:294" ph="{...}" />
            <marker date="1697819308000" expanded="true" signature="494:515" ph="{...}" />
            <marker date="1697819308000" expanded="true" signature="745:766" ph="{...}" />
          </folding>
        </state>
      </provider>
    </entry>
    <entry file="file://$PROJECT_DIR$/Tests/Tests.cs">
      <provider selected="true" editor-type-id="text-editor">
        <state relative-caret-position="20">
          <caret line="1" column="6" selection-start-line="1" selection-start-column="6" selection-end-line="1" selection-end-column="6" />
          <folding>
            <marker date="1697819494000" expanded="true" signature="6:26" ph="..." />
            <marker date="1697819494000" expanded="true" signature="43:176" ph="{...}" />
            <marker date="1697819494000" expanded="true" signature="68:174" ph="{...}" />
            <marker date="1697819494000" expanded="true" signature="117:168" ph="{...}" />
          </folding>
        </state>
      </provider>
    </entry>
    <entry file="file://$PROJECT_DIR$/SmurfAdventures/Program.cs">
      <provider selected="true" editor-type-id="text-editor">
        <state relative-caret-position="419">
          <caret line="78" lean-forward="true" selection-start-line="78" selection-end-line="78" />
          <folding>
            <marker date="1697822120000" expanded="true" signature="28:1546" ph="/* bool a1 = SmurfAdventures.Fundamentals.Basics.CheckExistence(&quot;/home/marcus.poirot/afs/epita-prepa-acdc-PROG-10 ... */" />
            <marker date="1697822120000" expanded="true" signature="1548:5750" ph="/* string d1 = SmurfAdventures.Fundamentals.Basics.MyRead(&quot;/home/marcus.poirot/afs/epita-prepa-acdc-PROG-101-P-04 ... */" />
          </folding>
        </state>
      </provider>
    </entry>
    <entry file="file:///afs/cri.epita.fr/user/m/ma/marcus.poirot/u/epita-prepa-acdc-PROG-101-P-04-2028-marcus.poirot/SmurfAdventures/Fundamentals/Letters.cs">
      <provider selected="true" editor-type-id="text-editor">
        <state relative-caret-position="99">
          <caret line="100" selection-start-line="100" selection-end-line="100" />
          <folding>
            <marker date="1697822096000" expanded="false" signature="6:76" ph="..." />
            <marker date="1697822096000" expanded="true" signature="139:3406" ph="{...}" />
            <marker date="1697822096000" expanded="true" signature="348:851" ph="{...}" />
            <marker date="1697822096000" expanded="true" signature="457:731" ph="{...}" />
            <marker date="1697822096000" expanded="true" signature="618:721" ph="{...}" />
            <marker date="1697822096000" expanded="true" signature="773:845" ph="{...}" />
            <marker date="1697822096000" expanded="true" signature="1032:1557" ph="{...}" />
            <marker date="1697822096000" expanded="true" signature="1088:1446" ph="{...}" />
            <marker date="1697822096000" expanded="true" signature="1172:1260" ph="{...}" />
            <marker date="1697822096000" expanded="true" signature="1354:1436" ph="{...}" />
            <marker date="1697822096000" expanded="true" signature="1484:1551" ph="{...}" />
            <marker date="1697822096000" expanded="true" signature="1728:1888" ph="{...}" />
            <marker date="1697822096000" expanded="true" signature="1811:1862" ph="{...}" />
            <marker date="1697822096000" expanded="true" signature="1951:2476" ph="{...}" />
            <marker date="1697822096000" expanded="true" signature="1999:2398" ph="{...}" />
            <marker date="1697822096000" expanded="true" signature="2088:2186" ph="{...}" />
            <marker date="1697822096000" expanded="true" signature="2276:2362" ph="{...}" />
            <marker date="1697822096000" expanded="true" signature="2424:2470" ph="{...}" />
            <marker date="1697822096000" expanded="true" signature="2639:2779" ph="{...}" />
            <marker date="1697822096000" expanded="true" signature="2702:2750" ph="{...}" />
            <marker date="1697822096000" expanded="true" signature="2839:3403" ph="{...}" />
            <marker date="1697822096000" expanded="true" signature="2884:3285" ph="{...}" />
            <marker date="1697822096000" expanded="true" signature="3080:3274" ph="{...}" />
            <marker date="1697822096000" expanded="true" signature="3139:3260" ph="{...}" />
            <marker date="1697822096000" expanded="true" signature="3311:3374" ph="{...}" />
          </folding>
        </state>
      </provider>
    </entry>
    <entry file="file://$PROJECT_DIR$/SmurfAdventures/Fundamentals/Letters.cs">
      <provider selected="true" editor-type-id="text-editor">
        <state relative-caret-position="539">
          <caret line="121" column="15" selection-start-line="121" selection-start-column="15" selection-end-line="121" selection-end-column="15" />
          <folding>
            <marker date="1697822096000" expanded="true" signature="6:76" ph="..." />
            <marker date="1697822096000" expanded="true" signature="139:3406" ph="{...}" />
            <marker date="1697822096000" expanded="true" signature="348:851" ph="{...}" />
            <marker date="1697822096000" expanded="true" signature="457:731" ph="{...}" />
            <marker date="1697822096000" expanded="true" signature="618:721" ph="{...}" />
            <marker date="1697822096000" expanded="true" signature="773:845" ph="{...}" />
            <marker date="1697822096000" expanded="true" signature="1032:1557" ph="{...}" />
            <marker date="1697822096000" expanded="true" signature="1088:1446" ph="{...}" />
            <marker date="1697822096000" expanded="true" signature="1172:1260" ph="{...}" />
            <marker date="1697822096000" expanded="true" signature="1354:1436" ph="{...}" />
            <marker date="1697822096000" expanded="true" signature="1484:1551" ph="{...}" />
            <marker date="1697822096000" expanded="true" signature="1728:1888" ph="{...}" />
            <marker date="1697822096000" expanded="true" signature="1811:1862" ph="{...}" />
            <marker date="1697822096000" expanded="true" signature="1951:2476" ph="{...}" />
            <marker date="1697822096000" expanded="true" signature="1999:2398" ph="{...}" />
            <marker date="1697822096000" expanded="true" signature="2088:2186" ph="{...}" />
            <marker date="1697822096000" expanded="true" signature="2276:2362" ph="{...}" />
            <marker date="1697822096000" expanded="true" signature="2424:2470" ph="{...}" />
            <marker date="1697822096000" expanded="true" signature="2639:2779" ph="{...}" />
            <marker date="1697822096000" expanded="true" signature="2702:2750" ph="{...}" />
            <marker date="1697822096000" expanded="true" signature="2839:3403" ph="{...}" />
            <marker date="1697822096000" expanded="true" signature="2884:3285" ph="{...}" />
            <marker date="1697822096000" expanded="true" signature="3080:3274" ph="{...}" />
            <marker date="1697822096000" expanded="true" signature="3139:3260" ph="{...}" />
            <marker date="1697822096000" expanded="true" signature="3311:3374" ph="{...}" />
          </folding>
        </state>
      </provider>
    </entry>
    <entry file="file://$PROJECT_DIR$/SmurfAdventures/Fundamentals/sierpinski.txt">
      <provider selected="true" editor-type-id="text-editor" />
    </entry>
    <entry file="file://$PROJECT_DIR$/SmurfAdventures/Fundamentals/wordList.txt">
      <provider selected="true" editor-type-id="text-editor" />
    </entry>
    <entry file="file://$PROJECT_DIR$/SmurfAdventures/Fundamentals/SmurfVillageParty.cs">
      <provider selected="true" editor-type-id="text-editor">
        <state relative-caret-position="-1561">
          <caret line="103" column="53" selection-start-line="103" selection-start-column="53" selection-end-line="103" selection-end-column="53" />
          <folding>
            <marker date="1697803830000" expanded="true" signature="73:5460" ph="{...}" />
            <marker date="1697803830000" expanded="true" signature="245:601" ph="{...}" />
            <marker date="1697803830000" expanded="true" signature="289:470" ph="{...}" />
            <marker date="1697803830000" expanded="true" signature="403:460" ph="{...}" />
            <marker date="1697803830000" expanded="true" signature="508:571" ph="{...}" />
            <marker date="1697803830000" expanded="true" signature="788:1072" ph="{...}" />
            <marker date="1697803830000" expanded="true" signature="806:981" ph="{...}" />
            <marker date="1697803830000" expanded="true" signature="1019:1066" ph="{...}" />
            <marker date="1697803830000" expanded="true" signature="1262:1972" ph="{...}" />
            <marker date="1697803830000" expanded="true" signature="1305:1826" ph="{...}" />
            <marker date="1697803830000" expanded="true" signature="1393:1653" ph="{...}" />
            <marker date="1697803830000" expanded="true" signature="1434:1610" ph="{...}" />
            <marker date="1697803830000" expanded="true" signature="1734:1816" ph="{...}" />
            <marker date="1697803830000" expanded="true" signature="1864:1965" ph="{...}" />
            <marker date="1697803830000" expanded="true" signature="2160:2422" ph="{...}" />
            <marker date="1697803830000" expanded="true" signature="2280:2378" ph="{...}" />
            <marker date="1697803830000" expanded="true" signature="2608:2824" ph="{...}" />
            <marker date="1697803830000" expanded="true" signature="2714:2795" ph="{...}" />
            <marker date="1697803830000" expanded="true" signature="3001:3812" ph="{...}" />
            <marker date="1697803830000" expanded="true" signature="3071:3679" ph="{...}" />
            <marker date="1697803830000" expanded="true" signature="3159:3509" ph="{...}" />
            <marker date="1697803830000" expanded="true" signature="3200:3466" ph="{...}" />
            <marker date="1697803830000" expanded="true" signature="3590:3669" ph="{...}" />
            <marker date="1697803830000" expanded="true" signature="3717:3785" ph="{...}" />
            <marker date="1697803830000" expanded="true" signature="4011:5326" ph="{...}" />
            <marker date="1697803830000" expanded="true" signature="4017:4261" ph="/* bool res = false; ... */" />
            <marker date="1697803830000" expanded="true" signature="4355:5206" ph="{...}" />
            <marker date="1697803830000" expanded="true" signature="4446:4610" ph="{...}" />
            <marker date="1697803830000" expanded="true" signature="4487:4566" ph="{...}" />
            <marker date="1697803830000" expanded="true" signature="4690:5032" ph="{...}" />
            <marker date="1697803830000" expanded="true" signature="4731:4988" ph="{...}" />
            <marker date="1697803830000" expanded="true" signature="5113:5196" ph="{...}" />
            <marker date="1697803830000" expanded="true" signature="5232:5299" ph="{...}" />
          </folding>
        </state>
      </provider>
    </entry>
    <entry file="file://$PROJECT_DIR$/SmurfAdventures/Proficiencies/HelpExplorerSmurf.cs">
      <provider selected="true" editor-type-id="text-editor">
        <state relative-caret-position="859">
          <caret line="45" column="46" selection-start-line="45" selection-start-column="46" selection-end-line="45" selection-end-column="46" />
          <folding>
            <marker date="1697823488000" expanded="true" signature="72:1814" ph="{...}" />
            <marker date="1697823488000" expanded="true" signature="291:1691" ph="{...}" />
            <marker date="1697823488000" expanded="true" signature="334:1592" ph="{...}" />
            <marker date="1697823488000" expanded="true" signature="395:818" ph="{...}" />
            <marker date="1697823488000" expanded="true" signature="537:804" ph="{...}" />
            <marker date="1697823488000" expanded="true" signature="951:1413" ph="{...}" />
            <marker date="1697823488000" expanded="true" signature="1501:1581" ph="{...}" />
            <marker date="1697823488000" expanded="true" signature="1618:1685" ph="{...}" />
          </folding>
        </state>
      </provider>
    </entry>
  </component>
</project>