<project version="4">
  <component name="BookmarksManager">
    <option name="groups">
      <GroupState>
        <option name="name" value="SmurfasticFibo" />
      </GroupState>
    </option>
  </component>
  <component name="FileEditorManager">
    <leaf SIDE_TABS_SIZE_LIMIT_KEY="-1">
      <file current-in-tab="false">
        <entry file="file://$PROJECT_DIR$/SmurfasticFibo/Program.cs">
          <provider selected="true" editor-type-id="text-editor">
            <state relative-caret-position="4608">
              <caret line="192" column="2" selection-start-line="192" selection-start-column="2" selection-end-line="192" selection-end-column="2" />
              <folding>
                <marker date="1698427030000" expanded="true" signature="30:894" ph="/* long a1 = SmurfasticFibo.Fundamentals.HomeWork.FibonacciRecursive(0);    // a1 == 0 ... */" />
                <marker date="1698427030000" expanded="true" signature="895:2409" ph="/* long c1 = SmurfasticFibo.Fundamentals.DebugMe.Tribonacci(0);   // c1 == 0 ... */" />
                <marker date="1698427030000" expanded="true" signature="2411:5210" ph="/* char g1 = SmurfasticFibo.Fundamentals.FibonacciCoding.DecodeCharacterFibo(&quot;010001011&quot;);     // g1 == '1' ... */" />
                <marker date="1698427030000" expanded="true" signature="5211:5388" ph="/* Key: &quot;KEY&quot; ... */" />
                <marker date="1698427030000" expanded="true" signature="5390:9725" ph="/* string k1 = SmurfasticFibo.Fundamentals.VigenereCipher.EncodeVigenere(&quot;Hello world!&quot;, &quot;KEY&quot;);   // k1 == &quot;Rijv ... */" />
              </folding>
            </state>
          </provider>
        </entry>
      </file>
      <file>
        <entry file="file://$PROJECT_DIR$/SmurfasticFibo/Fundamentals/DebugMe.cs">
          <provider selected="true" editor-type-id="text-editor">
            <state relative-caret-position="936">
              <caret line="68" column="9" lean-forward="true" selection-start-line="68" selection-start-column="9" selection-end-line="68" selection-end-column="9" />
              <folding>
                <marker date="1698427380000" expanded="true" signature="6:49" ph="..." />
                <marker date="1698427380000" expanded="true" signature="118:2112" ph="{...}" />
                <marker date="1698427380000" expanded="true" signature="165:440" ph="{...}" />
                <marker date="1698427380000" expanded="true" signature="277:415" ph="{...}" />
                <marker date="1698427380000" expanded="true" signature="486:686" ph="{...}" />
                <marker date="1698427380000" expanded="true" signature="597:659" ph="{...}" />
                <marker date="1698427380000" expanded="true" signature="725:1517" ph="{...}" />
                <marker date="1698427380000" expanded="true" signature="1010:1477" ph="{...}" />
                <marker date="1698427380000" expanded="true" signature="1096:1222" ph="{...}" />
                <marker date="1698427380000" expanded="true" signature="1239:1454" ph="{...}" />
                <marker date="1698427380000" expanded="true" signature="1577:2110" ph="{...}" />
                <marker date="1698427380000" expanded="true" signature="1730:2083" ph="{...}" />
                <marker date="1698427380000" expanded="true" signature="1833:1908" ph="{...}" />
                <marker date="1698427380000" expanded="true" signature="1985:2043" ph="{...}" />
              </folding>
            </state>
          </provider>
        </entry>
      </file>
      <file current-in-tab="false">
        <entry file="file://$PROJECT_DIR$/SmurfasticFibo/Proficiencies/WarmUp.cs">
          <provider selected="true" editor-type-id="text-editor">
            <state relative-caret-position="593">
              <caret line="71" column="22" selection-start-line="71" selection-start-column="22" selection-end-line="71" selection-end-column="22" />
              <folding>
                <marker date="1698426849000" expanded="true" signature="6:53" ph="..." />
                <marker date="1698426849000" expanded="true" signature="122:1530" ph="{...}" />
                <marker date="1698426849000" expanded="true" signature="160:269" ph="{...}" />
                <marker date="1698426849000" expanded="true" signature="221:263" ph="{...}" />
                <marker date="1698426849000" expanded="true" signature="327:881" ph="{...}" />
                <marker date="1698426849000" expanded="true" signature="480:667" ph="{...}" />
                <marker date="1698426849000" expanded="true" signature="680:875" ph="{...}" />
                <marker date="1698426849000" expanded="true" signature="942:1337" ph="{...}" />
                <marker date="1698426849000" expanded="true" signature="1138:1223" ph="{...}" />
                <marker date="1698426849000" expanded="true" signature="1393:1428" ph="{...}" />
                <marker date="1698426849000" expanded="true" signature="1486:1521" ph="{...}" />
              </folding>
            </state>
          </provider>
        </entry>
      </file>
      <file current-in-tab="false">
        <entry file="file://$PROJECT_DIR$/SmurfasticFibo/Proficiencies/NegaFibonacciCoding.cs">
          <provider selected="true" editor-type-id="text-editor">
            <state relative-caret-position="384">
              <caret line="13" selection-start-line="13" selection-end-line="13" />
              <folding>
                <marker date="1698426891000" expanded="true" signature="80:282" ph="{...}" />
                <marker date="1698426891000" expanded="true" signature="146:181" ph="{...}" />
                <marker date="1698426891000" expanded="true" signature="248:278" ph="{...}" />
              </folding>
            </state>
          </provider>
        </entry>
      </file>
      <file current-in-tab="false">
        <entry file="file://$PROJECT_DIR$/SmurfasticFibo/Fundamentals/HomeWork.cs">
          <provider selected="true" editor-type-id="text-editor">
            <state relative-caret-position="240">
              <caret line="8" column="20" selection-start-line="8" selection-start-column="20" selection-end-line="8" selection-end-column="20" />
              <folding>
                <marker date="1698250533000" expanded="true" signature="68:683" ph="{...}" />
                <marker date="1698250533000" expanded="true" signature="123:358" ph="{...}" />
                <marker date="1698250533000" expanded="true" signature="182:224" ph="{...}" />
                <marker date="1698250533000" expanded="true" signature="237:352" ph="{...}" />
                <marker date="1698250533000" expanded="true" signature="417:679" ph="{...}" />
                <marker date="1698250533000" expanded="true" signature="515:653" ph="{...}" />
              </folding>
            </state>
          </provider>
        </entry>
      </file>
      <file current-in-tab="false">
        <entry file="file://$PROJECT_DIR$/SmurfasticFibo/Enhancements/Recover.cs">
          <provider selected="true" editor-type-id="text-editor">
            <state relative-caret-position="360">
              <caret line="22" column="8" selection-start-line="22" selection-start-column="8" selection-end-line="22" selection-end-column="8" />
              <folding>
                <marker date="1698426394000" expanded="true" signature="6:54" ph="..." />
                <marker date="1698426394000" expanded="true" signature="123:2643" ph="{...}" />
                <marker date="1698426394000" expanded="true" signature="172:571" ph="{...}" />
                <marker date="1698426394000" expanded="true" signature="433:479" ph="{...}" />
                <marker date="1698426394000" expanded="true" signature="625:1017" ph="{...}" />
                <marker date="1698426394000" expanded="true" signature="911:981" ph="{...}" />
                <marker date="1698426394000" expanded="true" signature="1094:1648" ph="{...}" />
                <marker date="1698426394000" expanded="true" signature="1143:1352" ph="{...}" />
                <marker date="1698426394000" expanded="true" signature="1408:1452" ph="{...}" />
                <marker date="1698426394000" expanded="true" signature="1532:1576" ph="{...}" />
                <marker date="1698426394000" expanded="true" signature="1703:2020" ph="{...}" />
                <marker date="1698426394000" expanded="true" signature="1890:1993" ph="{...}" />
                <marker date="1698426394000" expanded="true" signature="2091:2640" ph="{...}" />
                <marker date="1698426394000" expanded="true" signature="2165:2304" ph="{...}" />
                <marker date="1698426394000" expanded="true" signature="2202:2294" ph="{...}" />
                <marker date="1698426394000" expanded="true" signature="2317:2604" ph="{...}" />
                <marker date="1698426394000" expanded="true" signature="2472:2581" ph="{...}" />
              </folding>
            </state>
          </provider>
        </entry>
      </file>
      <file current-in-tab="false">
        <entry file="file://$PROJECT_DIR$/SmurfasticFibo/Enhancements/BinaryCoding.cs">
          <provider selected="true" editor-type-id="text-editor">
            <state relative-caret-position="452">
              <caret line="50" selection-start-line="50" selection-end-line="50" />
              <folding>
                <marker date="1698426926000" expanded="true" signature="72:1290" ph="{...}" />
                <marker date="1698426926000" expanded="true" signature="148:1171" ph="{...}" />
                <marker date="1698426926000" expanded="true" signature="197:321" ph="{...}" />
                <marker date="1698426926000" expanded="true" signature="493:1165" ph="{...}" />
                <marker date="1698426926000" expanded="true" signature="530:784" ph="{...}" />
                <marker date="1698426926000" expanded="true" signature="818:1099" ph="{...}" />
                <marker date="1698426926000" expanded="true" signature="1252:1287" ph="{...}" />
              </folding>
            </state>
          </provider>
        </entry>
      </file>
    </leaf>
  </component>
  <component name="FileTypeUsageLocalSummary">
    <fileType name="AUTO_DETECTED">
      <summary usageCount="1" lastUsed="1698419356034" />
    </fileType>
    <fileType name="C#">
      <summary usageCount="45" lastUsed="1698427190236" />
    </fileType>
    <fileType name="PLAIN_TEXT">
      <summary usageCount="3" lastUsed="1698246863140" />
    </fileType>
  </component>
  <component name="IdeDocumentHistory">
    <changedPaths>
      <option value="$PROJECT_DIR$/SmurfasticFibo/Fundamentals/TestFibo1.fibo" />
      <option value="$PROJECT_DIR$/SmurfasticFibo/Fundamentals/HomeWork.cs" />
      <option value="$PROJECT_DIR$/SmurfasticFibo/Fundamentals/FibonacciCoding.cs" />
      <option value="$PROJECT_DIR$/SmurfasticFibo/Fundamentals/VigenereCipher.cs" />
      <option value="/afs/cri.epita.fr/user/m/ma/marcus.poirot/u/epita-prepa-acdc-PROG-101-P-05-2028-marcus.poirot/SmurfasticFibo/Program.cs" />
      <option value="$PROJECT_DIR$/SmurfasticFibo/Enhancements/Recover.cs" />
      <option value="$PROJECT_DIR$/SmurfasticFibo/Proficiencies/WarmUp.cs" />
      <option value="$PROJECT_DIR$/SmurfasticFibo/Proficiencies/NegaFibonacciCoding.cs" />
      <option value="$PROJECT_DIR$/SmurfasticFibo/Enhancements/BinaryCoding.cs" />
      <option value="$PROJECT_DIR$/SmurfasticFibo/Program.cs" />
      <option value="$PROJECT_DIR$/SmurfasticFibo/Fundamentals/DebugMe.cs" />
    </changedPaths>
  </component>
  <component name="IgnoredFileRootStore">
    <option name="generatedRoots">
      <set>
        <option value="$PROJECT_DIR$/.idea/.idea.SmurfasticFibo/.idea" />
      </set>
    </option>
  </component>
  <component name="LanguageUsageStatistics">
    <language id="C#">
      <summary usageCount="45" lastUsage="1698427190236" />
    </language>
    <language id="TEXT">
      <summary usageCount="3" lastUsage="1698246863140" />
    </language>
  </component>
  <component name="ProjectView">
    <navigator currentView="SolutionExplorer" proportions="0.9" version="1" />
    <panes>
      <pane id="SolutionExplorer">
        <subPane>
          <expand>
            <path>
              <item name="Project" type="784c90a0:SolutionExplorerRootNode" />
              <item name="SmurfasticFibo" type="24d0babc:SolutionExplorerModelNode" />
            </path>
            <path>
              <item name="Project" type="784c90a0:SolutionExplorerRootNode" />
              <item name="SmurfasticFibo" type="24d0babc:SolutionExplorerModelNode" />
              <item name="SmurfasticFibo" type="24d0babc:SolutionExplorerModelNode" />
            </path>
            <path>
              <item name="Project" type="784c90a0:SolutionExplorerRootNode" />
              <item name="SmurfasticFibo" type="24d0babc:SolutionExplorerModelNode" />
              <item name="SmurfasticFibo" type="24d0babc:SolutionExplorerModelNode" />
              <item name="Enhancements" type="24d0babc:SolutionExplorerModelNode" />
            </path>
            <path>
              <item name="Project" type="784c90a0:SolutionExplorerRootNode" />
              <item name="SmurfasticFibo" type="24d0babc:SolutionExplorerModelNode" />
              <item name="SmurfasticFibo" type="24d0babc:SolutionExplorerModelNode" />
              <item name="Fundamentals" type="24d0babc:SolutionExplorerModelNode" />
            </path>
            <path>
              <item name="Project" type="784c90a0:SolutionExplorerRootNode" />
              <item name="SmurfasticFibo" type="24d0babc:SolutionExplorerModelNode" />
              <item name="SmurfasticFibo" type="24d0babc:SolutionExplorerModelNode" />
              <item name="Proficiencies" type="24d0babc:SolutionExplorerModelNode" />
            </path>
          </expand>
          <select>
            <path>
              <item name="Project" type="784c90a0:SolutionExplorerRootNode" />
              <item name="SmurfasticFibo" type="24d0babc:SolutionExplorerModelNode" />
              <item name="SmurfasticFibo" type="24d0babc:SolutionExplorerModelNode" />
              <item name="Fundamentals" type="24d0babc:SolutionExplorerModelNode" />
              <item name="DebugMe.cs" type="24d0babc:SolutionExplorerModelNode" />
            </path>
          </select>
        </subPane>
        <option name="show-all-files" value="false" />
        <option name="show-project-imports" value="true" />
        <option name="autoscroll-all" value="false" />
        <option name="show-scratches" value="true" />
        <option name="search-dependencies" value="false" />
        <option name="show-unreal-project-files" value="true" />
      </pane>
      <pane id="FileSystemExplorer" />
      <pane id="AssemblyExplorer" />
    </panes>
  </component>
  <component name="RiderPerAppToolWindowOpenedTWKeeper">
    <option name="map">
      <map>
        <entry key="Bookmarks">
          <value>
            <window_info id="Bookmarks" sideWeight="0.499183" side_tool="true" weight="0.19493738" />
          </value>
        </entry>
        <entry key="Build">
          <value>
            <window_info anchor="bottom" id="Build" order="4" weight="0.3303187" />
          </value>
        </entry>
        <entry key="Commit">
          <value>
            <window_info x="959" y="131" width="315" height="949" id="Commit" type="FLOATING" weight="0.3300209" />
          </value>
        </entry>
        <entry key="Database">
          <value>
            <window_info anchor="right" id="Database" order="0" />
          </value>
        </entry>
        <entry key="Database Changes">
          <value>
            <window_info anchor="bottom" id="Database Changes" show_stripe_button="false" />
          </value>
        </entry>
        <entry key="Debug">
          <value>
            <window_info anchor="bottom" id="Debug" order="3" weight="0.40008613" />
          </value>
        </entry>
        <entry key="Dynamic Program Analysis">
          <value>
            <window_info anchor="bottom" id="Dynamic Program Analysis" />
          </value>
        </entry>
        <entry key="Endpoints">
          <value>
            <window_info anchor="right" id="Endpoints" order="0" show_stripe_button="false" />
          </value>
        </entry>
        <entry key="File Transfer">
          <value>
            <window_info anchor="bottom" id="File Transfer" />
          </value>
        </entry>
        <entry key="Find">
          <value>
            <window_info anchor="bottom" id="Find" order="1" />
          </value>
        </entry>
        <entry key="IL Viewer">
          <value>
            <window_info anchor="right" id="IL Viewer" />
          </value>
        </entry>
        <entry key="Inspection">
          <value>
            <window_info anchor="bottom" id="Inspection" order="4" weight="0.4" />
          </value>
        </entry>
        <entry key="Notifications">
          <value>
            <window_info anchor="right" id="Notifications" order="0" weight="0.25" />
          </value>
        </entry>
        <entry key="NuGet">
          <value>
            <window_info anchor="bottom" id="NuGet" order="4" weight="0.3299712" />
          </value>
        </entry>
        <entry key="Problems View">
          <value>
            <window_info anchor="bottom" id="Problems View" order="4" weight="0.3303187" />
          </value>
        </entry>
        <entry key="Project">
          <value>
            <window_info active="true" content_ui="combo" id="Project" order="0" sideWeight="0.500817" visible="true" weight="0.19493738" />
          </value>
        </entry>
        <entry key="Pull Requests">
          <value>
            <window_info id="Pull Requests" />
          </value>
        </entry>
        <entry key="Run">
          <value>
            <window_info anchor="bottom" id="Run" order="2" visible="true" weight="0.32428938" />
          </value>
        </entry>
        <entry key="Services">
          <value>
            <window_info anchor="bottom" id="Services" order="4" show_stripe_button="false" />
          </value>
        </entry>
        <entry key="Space Code Reviews">
          <value>
            <window_info id="Space Code Reviews" />
          </value>
        </entry>
        <entry key="Structure">
          <value>
            <window_info id="Structure" order="0" side_tool="true" />
          </value>
        </entry>
        <entry key="TODO">
          <value>
            <window_info anchor="bottom" id="TODO" />
          </value>
        </entry>
        <entry key="Terminal">
          <value>
            <window_info anchor="bottom" id="Terminal" order="4" />
          </value>
        </entry>
        <entry key="TypeScript">
          <value>
            <window_info anchor="bottom" id="TypeScript" />
          </value>
        </entry>
        <entry key="Unit Tests">
          <value>
            <window_info anchor="bottom" id="Unit Tests" weight="0.3299712" />
          </value>
        </entry>
        <entry key="Unit Tests Coverage">
          <value>
            <window_info anchor="right" id="Unit Tests Coverage" />
          </value>
        </entry>
        <entry key="Version Control">
          <value>
            <window_info anchor="bottom" id="Version Control" order="0" weight="0.3299712" />
          </value>
        </entry>
        <entry key="documentation.v2">
          <value>
            <window_info anchor="right" id="documentation.v2" side_tool="true" />
          </value>
        </entry>
        <entry key="dotMemory Profiler">
          <value>
            <window_info anchor="bottom" id="dotMemory Profiler" />
          </value>
        </entry>
        <entry key="dotTrace Profiler">
          <value>
            <window_info anchor="bottom" id="dotTrace Profiler" />
          </value>
        </entry>
      </map>
    </option>
  </component>
  <component name="RunConfigurationStartHistory">
    <history>
      <element setting=".NET Project.SmurfasticFibo" />
    </history>
  </component>
  <component name="RunToolbarSettings">
    <option name="slotOrder">
      <option value="734dfaf8-b22a-4090-ad01-cfb78ab8f23e" />
    </option>
    <slots>
      <entry key="734dfaf8-b22a-4090-ad01-cfb78ab8f23e" value=".NET Project.SmurfasticFibo" />
    </slots>
  </component>
  <component name="TimeTrackingManager">
    <option name="totallyTimeSpent" value="37935000" />
  </component>
  <component name="TodoView">
    <todo-panel id="selected-file">
      <is-autoscroll-to-source value="true" />
    </todo-panel>
    <todo-panel id="all">
      <are-packages-shown value="true" />
      <is-autoscroll-to-source value="true" />
    </todo-panel>
  </component>
  <component name="ToolWindowManager">
    <editor active="true" />
    <layout>
      <window_info id="Space Code Reviews" />
      <window_info id="Bookmarks" sideWeight="0.499183" side_tool="true" weight="0.19493738" />
      <window_info id="Pull Requests" />
      <window_info x="959" y="131" width="315" height="949" id="Commit" type="FLOATING" weight="0.3300209" />
      <window_info id="Structure" order="0" side_tool="true" />
      <window_info active="true" content_ui="combo" id="Project" order="0" sideWeight="0.500817" visible="true" weight="0.19493738" />
      <window_info anchor="bottom" id="Database Changes" show_stripe_button="false" />
      <window_info anchor="bottom" id="TypeScript" />
      <window_info anchor="bottom" id="Dynamic Program Analysis" />
      <window_info anchor="bottom" id="TODO" />
      <window_info anchor="bottom" id="Unit Tests" weight="0.3299712" />
      <window_info anchor="bottom" id="dotTrace Profiler" />
      <window_info anchor="bottom" id="File Transfer" />
      <window_info anchor="bottom" id="dotMemory Profiler" />
      <window_info anchor="bottom" id="Version Control" order="0" weight="0.3299712" />
      <window_info anchor="bottom" id="Find" order="1" />
      <window_info anchor="bottom" id="Run" order="2" visible="true" weight="0.32428938" />
      <window_info anchor="bottom" id="Debug" order="3" weight="0.40008613" />
      <window_info anchor="bottom" id="Build" order="4" weight="0.3303187" />
      <window_info anchor="bottom" id="Inspection" order="4" weight="0.4" />
      <window_info anchor="bottom" id="Problems View" order="4" weight="0.3303187" />
      <window_info anchor="bottom" id="Terminal" order="4" />
      <window_info anchor="bottom" id="NuGet" order="4" weight="0.3299712" />
      <window_info anchor="bottom" id="Services" order="4" show_stripe_button="false" />
      <window_info anchor="right" id="Unit Tests Coverage" />
      <window_info anchor="right" id="IL Viewer" />
      <window_info anchor="right" id="documentation.v2" side_tool="true" />
      <window_info anchor="right" id="Endpoints" order="0" show_stripe_button="false" />
      <window_info anchor="right" id="Database" order="0" />
      <window_info anchor="right" id="Notifications" order="0" weight="0.25" />
      <unified_weights bottom="0.40008613" left="0.19493738" />
    </layout>
    <layout-to-restore>
      <window_info id="Space Code Reviews" />
      <window_info id="Bookmarks" sideWeight="0.499183" side_tool="true" weight="0.19493738" />
      <window_info id="Pull Requests" />
      <window_info x="959" y="131" width="315" height="949" id="Commit" type="FLOATING" weight="0.3300209" />
      <window_info id="Structure" order="0" side_tool="true" />
      <window_info active="true" content_ui="combo" id="Project" order="0" sideWeight="0.500817" visible="true" weight="0.19493738" />
      <window_info anchor="bottom" id="Database Changes" show_stripe_button="false" />
      <window_info anchor="bottom" id="TypeScript" />
      <window_info anchor="bottom" id="Dynamic Program Analysis" />
      <window_info anchor="bottom" id="TODO" />
      <window_info anchor="bottom" id="Unit Tests" weight="0.3299712" />
      <window_info anchor="bottom" id="dotTrace Profiler" />
      <window_info anchor="bottom" id="File Transfer" />
      <window_info anchor="bottom" id="dotMemory Profiler" />
      <window_info anchor="bottom" id="Version Control" order="0" weight="0.3299712" />
      <window_info anchor="bottom" id="Find" order="1" />
      <window_info anchor="bottom" id="Run" order="2" visible="true" weight="0.32428938" />
      <window_info anchor="bottom" id="Debug" order="3" weight="0.40008613" />
      <window_info anchor="bottom" id="Build" order="4" weight="0.3303187" />
      <window_info anchor="bottom" id="Inspection" order="4" weight="0.4" />
      <window_info anchor="bottom" id="Problems View" order="4" weight="0.3303187" />
      <window_info anchor="bottom" id="Terminal" order="4" />
      <window_info anchor="bottom" id="NuGet" order="4" weight="0.3299712" />
      <window_info anchor="bottom" id="Services" order="4" show_stripe_button="false" />
      <window_info anchor="right" id="Unit Tests Coverage" />
      <window_info anchor="right" id="IL Viewer" />
      <window_info anchor="right" id="documentation.v2" side_tool="true" />
      <window_info anchor="right" id="Endpoints" order="0" show_stripe_button="false" />
      <window_info anchor="right" id="Database" order="0" />
      <window_info anchor="right" id="Notifications" order="0" weight="0.25" />
      <unified_weights bottom="0.40008613" left="0.19493738" />
    </layout-to-restore>
    <recentWindows>
      <value>Project</value>
      <value>Run</value>
      <value>Build</value>
      <value>Problems View</value>
      <value>Debug</value>
    </recentWindows>
  </component>
  <component name="WindowStateProjectService">
    <state x="652" y="370" width="609" height="431" key="#com.intellij.fileTypes.FileTypeChooser" timestamp="1698419413851">
      <screen x="0" y="0" width="1920" height="1200" />
    </state>
    <state x="652" y="370" width="609" height="431" key="#com.intellij.fileTypes.FileTypeChooser/0.0.1920.1200@0.0.1920.1200" timestamp="1698419413851" />
    <state width="1874" height="348" key="GridCell.Tab.0.bottom" timestamp="1698426928347">
      <screen x="0" y="0" width="1920" height="1200" />
    </state>
    <state width="1874" height="309" key="GridCell.Tab.0.bottom/0.0.1920.1080@0.0.1920.1080" timestamp="1698255834613" />
    <state width="1874" height="348" key="GridCell.Tab.0.bottom/0.0.1920.1200@0.0.1920.1200" timestamp="1698426928347" />
    <state width="1874" height="348" key="GridCell.Tab.0.center" timestamp="1698426928347">
      <screen x="0" y="0" width="1920" height="1200" />
    </state>
    <state width="1874" height="309" key="GridCell.Tab.0.center/0.0.1920.1080@0.0.1920.1080" timestamp="1698255834613" />
    <state width="1874" height="348" key="GridCell.Tab.0.center/0.0.1920.1200@0.0.1920.1200" timestamp="1698426928347" />
    <state width="1874" height="348" key="GridCell.Tab.0.left" timestamp="1698426928347">
      <screen x="0" y="0" width="1920" height="1200" />
    </state>
    <state width="1874" height="309" key="GridCell.Tab.0.left/0.0.1920.1080@0.0.1920.1080" timestamp="1698255834613" />
    <state width="1874" height="348" key="GridCell.Tab.0.left/0.0.1920.1200@0.0.1920.1200" timestamp="1698426928347" />
    <state width="1874" height="348" key="GridCell.Tab.0.right" timestamp="1698426928347">
      <screen x="0" y="0" width="1920" height="1200" />
    </state>
    <state width="1874" height="309" key="GridCell.Tab.0.right/0.0.1920.1080@0.0.1920.1080" timestamp="1698255834613" />
    <state width="1874" height="348" key="GridCell.Tab.0.right/0.0.1920.1200@0.0.1920.1200" timestamp="1698426928347" />
    <state width="1874" height="436" key="GridCell.Tab.1.bottom" timestamp="1698420945852">
      <screen x="0" y="0" width="1920" height="1200" />
    </state>
    <state width="1874" height="388" key="GridCell.Tab.1.bottom/0.0.1920.1080@0.0.1920.1080" timestamp="1698247665111" />
    <state width="1874" height="436" key="GridCell.Tab.1.bottom/0.0.1920.1200@0.0.1920.1200" timestamp="1698420945852" />
    <state width="1874" height="436" key="GridCell.Tab.1.center" timestamp="1698420945852">
      <screen x="0" y="0" width="1920" height="1200" />
    </state>
    <state width="1874" height="388" key="GridCell.Tab.1.center/0.0.1920.1080@0.0.1920.1080" timestamp="1698247665111" />
    <state width="1874" height="436" key="GridCell.Tab.1.center/0.0.1920.1200@0.0.1920.1200" timestamp="1698420945852" />
    <state width="1874" height="436" key="GridCell.Tab.1.left" timestamp="1698420945852">
      <screen x="0" y="0" width="1920" height="1200" />
    </state>
    <state width="1874" height="388" key="GridCell.Tab.1.left/0.0.1920.1080@0.0.1920.1080" timestamp="1698247665111" />
    <state width="1874" height="436" key="GridCell.Tab.1.left/0.0.1920.1200@0.0.1920.1200" timestamp="1698420945852" />
    <state width="1874" height="436" key="GridCell.Tab.1.right" timestamp="1698420945852">
      <screen x="0" y="0" width="1920" height="1200" />
    </state>
    <state width="1874" height="388" key="GridCell.Tab.1.right/0.0.1920.1080@0.0.1920.1080" timestamp="1698247665111" />
    <state width="1874" height="436" key="GridCell.Tab.1.right/0.0.1920.1200@0.0.1920.1200" timestamp="1698420945852" />
    <state width="1874" height="436" key="GridCell.Tab.2.bottom" timestamp="1698420945852">
      <screen x="0" y="0" width="1920" height="1200" />
    </state>
    <state width="1874" height="388" key="GridCell.Tab.2.bottom/0.0.1920.1080@0.0.1920.1080" timestamp="1698247665111" />
    <state width="1874" height="436" key="GridCell.Tab.2.bottom/0.0.1920.1200@0.0.1920.1200" timestamp="1698420945852" />
    <state width="1874" height="436" key="GridCell.Tab.2.center" timestamp="1698420945852">
      <screen x="0" y="0" width="1920" height="1200" />
    </state>
    <state width="1874" height="388" key="GridCell.Tab.2.center/0.0.1920.1080@0.0.1920.1080" timestamp="1698247665111" />
    <state width="1874" height="436" key="GridCell.Tab.2.center/0.0.1920.1200@0.0.1920.1200" timestamp="1698420945852" />
    <state width="1874" height="436" key="GridCell.Tab.2.left" timestamp="1698420945852">
      <screen x="0" y="0" width="1920" height="1200" />
    </state>
    <state width="1874" height="388" key="GridCell.Tab.2.left/0.0.1920.1080@0.0.1920.1080" timestamp="1698247665111" />
    <state width="1874" height="436" key="GridCell.Tab.2.left/0.0.1920.1200@0.0.1920.1200" timestamp="1698420945852" />
    <state width="1874" height="436" key="GridCell.Tab.2.right" timestamp="1698420945852">
      <screen x="0" y="0" width="1920" height="1200" />
    </state>
    <state width="1874" height="388" key="GridCell.Tab.2.right/0.0.1920.1080@0.0.1920.1080" timestamp="1698247665111" />
    <state width="1874" height="436" key="GridCell.Tab.2.right/0.0.1920.1200@0.0.1920.1200" timestamp="1698420945852" />
    <state width="1874" height="436" key="GridCell.Tab.3.bottom" timestamp="1698420945852">
      <screen x="0" y="0" width="1920" height="1200" />
    </state>
    <state width="1874" height="388" key="GridCell.Tab.3.bottom/0.0.1920.1080@0.0.1920.1080" timestamp="1698247665111" />
    <state width="1874" height="436" key="GridCell.Tab.3.bottom/0.0.1920.1200@0.0.1920.1200" timestamp="1698420945852" />
    <state width="1874" height="436" key="GridCell.Tab.3.center" timestamp="1698420945852">
      <screen x="0" y="0" width="1920" height="1200" />
    </state>
    <state width="1874" height="388" key="GridCell.Tab.3.center/0.0.1920.1080@0.0.1920.1080" timestamp="1698247665111" />
    <state width="1874" height="436" key="GridCell.Tab.3.center/0.0.1920.1200@0.0.1920.1200" timestamp="1698420945852" />
    <state width="1874" height="436" key="GridCell.Tab.3.left" timestamp="1698420945852">
      <screen x="0" y="0" width="1920" height="1200" />
    </state>
    <state width="1874" height="388" key="GridCell.Tab.3.left/0.0.1920.1080@0.0.1920.1080" timestamp="1698247665111" />
    <state width="1874" height="436" key="GridCell.Tab.3.left/0.0.1920.1200@0.0.1920.1200" timestamp="1698420945852" />
    <state width="1874" height="436" key="GridCell.Tab.3.right" timestamp="1698420945852">
      <screen x="0" y="0" width="1920" height="1200" />
    </state>
    <state width="1874" height="388" key="GridCell.Tab.3.right/0.0.1920.1080@0.0.1920.1080" timestamp="1698247665111" />
    <state width="1874" height="436" key="GridCell.Tab.3.right/0.0.1920.1200@0.0.1920.1200" timestamp="1698420945852" />
    <state width="1874" height="436" key="GridCell.Tab.4.bottom" timestamp="1698420945852">
      <screen x="0" y="0" width="1920" height="1200" />
    </state>
    <state width="1874" height="388" key="GridCell.Tab.4.bottom/0.0.1920.1080@0.0.1920.1080" timestamp="1698247665111" />
    <state width="1874" height="436" key="GridCell.Tab.4.bottom/0.0.1920.1200@0.0.1920.1200" timestamp="1698420945852" />
    <state width="1874" height="436" key="GridCell.Tab.4.center" timestamp="1698420945852">
      <screen x="0" y="0" width="1920" height="1200" />
    </state>
    <state width="1874" height="388" key="GridCell.Tab.4.center/0.0.1920.1080@0.0.1920.1080" timestamp="1698247665111" />
    <state width="1874" height="436" key="GridCell.Tab.4.center/0.0.1920.1200@0.0.1920.1200" timestamp="1698420945852" />
    <state width="1874" height="436" key="GridCell.Tab.4.left" timestamp="1698420945852">
      <screen x="0" y="0" width="1920" height="1200" />
    </state>
    <state width="1874" height="388" key="GridCell.Tab.4.left/0.0.1920.1080@0.0.1920.1080" timestamp="1698247665111" />
    <state width="1874" height="436" key="GridCell.Tab.4.left/0.0.1920.1200@0.0.1920.1200" timestamp="1698420945852" />
    <state width="1874" height="436" key="GridCell.Tab.4.right" timestamp="1698420945852">
      <screen x="0" y="0" width="1920" height="1200" />
    </state>
    <state width="1874" height="388" key="GridCell.Tab.4.right/0.0.1920.1080@0.0.1920.1080" timestamp="1698247665111" />
    <state width="1874" height="436" key="GridCell.Tab.4.right/0.0.1920.1200@0.0.1920.1200" timestamp="1698420945852" />
    <state x="555" y="265" width="804" height="520" key="Rider.ProjectTemplateDialog.Size" timestamp="1698162381133">
      <screen x="0" y="0" width="1920" height="1080" />
    </state>
    <state x="555" y="265" width="804" height="520" key="Rider.ProjectTemplateDialog.Size/0.0.1920.1080@0.0.1920.1080" timestamp="1698162381133" />
    <state x="449" y="165" key="SettingsEditor" timestamp="1698232634021">
      <screen x="0" y="0" width="1920" height="1080" />
    </state>
    <state x="449" y="165" key="SettingsEditor/0.0.1920.1080@0.0.1920.1080" timestamp="1698232634021" />
    <state x="0" y="530" width="1920" height="531" key="dock-window-1" timestamp="1698246326000">
      <screen x="0" y="0" width="1920" height="1080" />
    </state>
    <state x="0" y="530" width="1920" height="531" key="dock-window-1/0.0.1920.1080@0.0.1920.1080" timestamp="1698246326000" />
    <state x="622" y="245" key="run.anything.popup" timestamp="1698234435928">
      <screen x="0" y="0" width="1920" height="1080" />
    </state>
    <state x="622" y="245" key="run.anything.popup/0.0.1920.1080@0.0.1920.1080" timestamp="1698234435928" />
  </component>
  <component name="editorHistoryManager">
    <entry file="file:///afs/cri.epita.fr/user/m/ma/marcus.poirot/u/epita-prepa-acdc-PROG-101-P-05-2028-marcus.poirot/SmurfasticFibo/Fundamentals/DebugMe.cs">
      <provider selected="true" editor-type-id="text-editor">
        <state relative-caret-position="516">
          <caret line="71" column="4" selection-start-line="71" selection-start-column="4" selection-end-line="71" selection-end-column="4" />
          <folding>
            <marker date="1698232810000" expanded="false" signature="6:49" ph="..." />
            <marker date="1698232810000" expanded="true" signature="118:2055" ph="{...}" />
            <marker date="1698232810000" expanded="true" signature="165:440" ph="{...}" />
            <marker date="1698232810000" expanded="true" signature="277:415" ph="{...}" />
            <marker date="1698232810000" expanded="true" signature="486:686" ph="{...}" />
            <marker date="1698232810000" expanded="true" signature="597:659" ph="{...}" />
            <marker date="1698232810000" expanded="true" signature="725:1460" ph="{...}" />
            <marker date="1698232810000" expanded="true" signature="982:1420" ph="{...}" />
            <marker date="1698232810000" expanded="true" signature="1049:1175" ph="{...}" />
            <marker date="1698232810000" expanded="true" signature="1192:1397" ph="{...}" />
            <marker date="1698232810000" expanded="true" signature="1520:2053" ph="{...}" />
            <marker date="1698232810000" expanded="true" signature="1673:2026" ph="{...}" />
            <marker date="1698232810000" expanded="true" signature="1776:1851" ph="{...}" />
            <marker date="1698232810000" expanded="true" signature="1928:1986" ph="{...}" />
          </folding>
        </state>
      </provider>
    </entry>
    <entry file="file://$APPLICATION_CONFIG_DIR$/resharper-host/SourcesCache/ec97cd5a18060599d27312234225bbe3e91916887e62d4cb711f3e77f5d84b/String.Manipulation.cs">
      <provider selected="true" editor-type-id="text-editor">
        <state relative-caret-position="2214">
          <caret line="227" column="28" lean-forward="true" selection-start-line="227" selection-start-column="28" selection-end-line="227" selection-end-column="28" />
          <folding>
            <marker date="1698234990000" expanded="false" signature="0:136" ph="// Licensed to the .NET Foundation under one or more agreements...." />
            <marker date="1698234990000" expanded="false" signature="144:453" ph="..." />
            <marker date="1698234990000" expanded="true" signature="471:81900" ph="{...}" />
            <marker date="1698234990000" expanded="true" signature="505:81898" ph="{...}" />
            <marker date="1698234990000" expanded="true" signature="658:1088" ph="{...}" />
            <marker date="1698234990000" expanded="true" signature="799:881" ph="{...}" />
            <marker date="1698234990000" expanded="true" signature="1521:3563" ph="{...}" />
            <marker date="1698234990000" expanded="true" signature="1619:1781" ph="{...}" />
            <marker date="1698234990000" expanded="true" signature="1795:2228" ph="/* We need to get an intermediary string array ... */" />
            <marker date="1698234990000" expanded="true" signature="2365:2828" ph="{...}" />
            <marker date="1698234990000" expanded="true" signature="2724:2814" ph="{...}" />
            <marker date="1698234990000" expanded="true" signature="2943:3008" ph="{...}" />
            <marker date="1698234990000" expanded="true" signature="3197:3525" ph="{...}" />
            <marker date="1698234990000" expanded="true" signature="3626:6814" ph="{...}" />
            <marker date="1698234990000" expanded="true" signature="3735:5163" ph="{...}" />
            <marker date="1698234990000" expanded="true" signature="3766:3994" ph="/* Special-case T==char, as we can handle that case much more efficiently, ... */" />
            <marker date="1698234990000" expanded="true" signature="4111:5149" ph="{...}" />
            <marker date="1698234990000" expanded="true" signature="4152:4312" ph="{...}" />
            <marker date="1698234990000" expanded="true" signature="4418:4599" ph="{...}" />
            <marker date="1698234990000" expanded="true" signature="4621:4761" ph="/* Create the StringBuilder, add the chars we've already enumerated, ... */" />
            <marker date="1698234990000" expanded="true" signature="5180:6804" ph="{...}" />
            <marker date="1698234990000" expanded="true" signature="5278:6790" ph="{...}" />
            <marker date="1698234990000" expanded="true" signature="5515:5843" ph="/* Call ToString before calling MoveNext again, since ... */" />
            <marker date="1698234990000" expanded="true" signature="6028:6263" ph="{...}" />
            <marker date="1698234990000" expanded="true" signature="6075:6181" ph="/* We have to handle the case of either currentValue ... */" />
            <marker date="1698234990000" expanded="true" signature="6540:6660" ph="{...}" />
            <marker date="1698234990000" expanded="true" signature="6880:7613" ph="{...}" />
            <marker date="1698234990000" expanded="true" signature="7028:7603" ph="{...}" />
            <marker date="1698234990000" expanded="true" signature="7193:7284" ph="{...}" />
            <marker date="1698234990000" expanded="true" signature="7678:8257" ph="{...}" />
            <marker date="1698234990000" expanded="true" signature="7725:7900" ph="{...}" />
            <marker date="1698234990000" expanded="true" signature="7780:7857" ph="{...}" />
            <marker date="1698234990000" expanded="true" signature="7938:7995" ph="{...}" />
            <marker date="1698234990000" expanded="true" signature="8336:9022" ph="{...}" />
            <marker date="1698234990000" expanded="true" signature="8383:8454" ph="{...}" />
            <marker date="1698234990000" expanded="true" signature="8492:8563" ph="{...}" />
            <marker date="1698234990000" expanded="true" signature="8601:8672" ph="{...}" />
            <marker date="1698234990000" expanded="true" signature="9115:10034" ph="{...}" />
            <marker date="1698234990000" expanded="true" signature="9162:9239" ph="{...}" />
            <marker date="1698234990000" expanded="true" signature="9277:9354" ph="{...}" />
            <marker date="1698234990000" expanded="true" signature="9392:9469" ph="{...}" />
            <marker date="1698234990000" expanded="true" signature="9507:9584" ph="{...}" />
            <marker date="1698234990000" expanded="true" signature="10121:10558" ph="{...}" />
            <marker date="1698234990000" expanded="true" signature="10221:10279" ph="{...}" />
            <marker date="1698234990000" expanded="true" signature="10670:11253" ph="{...}" />
            <marker date="1698234990000" expanded="true" signature="10784:10842" ph="{...}" />
            <marker date="1698234990000" expanded="true" signature="11390:12081" ph="{...}" />
            <marker date="1698234990000" expanded="true" signature="11518:11576" ph="{...}" />
            <marker date="1698234990000" expanded="true" signature="12143:14820" ph="{...}" />
            <marker date="1698234990000" expanded="true" signature="12245:12399" ph="{...}" />
            <marker date="1698234990000" expanded="true" signature="12413:13036" ph="/* It's possible that the input values array could be changed concurrently on another ... */" />
            <marker date="1698234990000" expanded="true" signature="13126:13321" ph="{...}" />
            <marker date="1698234990000" expanded="true" signature="13218:13307" ph="{...}" />
            <marker date="1698234990000" expanded="true" signature="13451:13529" ph="{...}" />
            <marker date="1698234990000" expanded="true" signature="13615:13680" ph="{...}" />
            <marker date="1698234990000" expanded="true" signature="13900:14402" ph="{...}" />
            <marker date="1698234990000" expanded="true" signature="14007:14388" ph="{...}" />
            <marker date="1698234990000" expanded="true" signature="14137:14255" ph="{...}" />
            <marker date="1698234990000" expanded="true" signature="14416:14717" ph="/* If we copied exactly the right amount, return the new string.  Otherwise, ... */" />
            <marker date="1698234990000" expanded="true" signature="14940:15043" ph="{...}" />
            <marker date="1698234990000" expanded="true" signature="15177:15352" ph="{...}" />
            <marker date="1698234990000" expanded="true" signature="15500:15689" ph="{...}" />
            <marker date="1698234990000" expanded="true" signature="15818:16245" ph="{...}" />
            <marker date="1698234990000" expanded="true" signature="15858:16181" ph="{...}" />
            <marker date="1698234990000" expanded="true" signature="15889:16074" ph="/* To preserve the original exception behavior, throw an exception about format if both ... */" />
            <marker date="1698234990000" expanded="true" signature="16392:16499" ph="{...}" />
            <marker date="1698234990000" expanded="true" signature="16660:16839" ph="{...}" />
            <marker date="1698234990000" expanded="true" signature="17014:17207" ph="{...}" />
            <marker date="1698234990000" expanded="true" signature="17363:17794" ph="{...}" />
            <marker date="1698234990000" expanded="true" signature="17403:17726" ph="{...}" />
            <marker date="1698234990000" expanded="true" signature="17434:17619" ph="/* To preserve the original exception behavior, throw an exception about format if both ... */" />
            <marker date="1698234990000" expanded="true" signature="17908:18208" ph="{...}" />
            <marker date="1698234990000" expanded="true" signature="18268:19321" ph="{...}" />
            <marker date="1698234990000" expanded="true" signature="19396:19658" ph="{...}" />
            <marker date="1698234990000" expanded="true" signature="19437:19546" ph="{...}" />
            <marker date="1698234990000" expanded="true" signature="19736:19980" ph="{...}" />
            <marker date="1698234990000" expanded="true" signature="19777:19886" ph="{...}" />
            <marker date="1698234990000" expanded="true" signature="20447:21141" ph="{...}" />
            <marker date="1698234990000" expanded="true" signature="20544:20681" ph="{...}" />
            <marker date="1698234990000" expanded="true" signature="20708:20843" ph="{...}" />
            <marker date="1698234990000" expanded="true" signature="20894:21037" ph="{...}" />
            <marker date="1698234990000" expanded="true" signature="21224:22582" ph="{...}" />
            <marker date="1698234990000" expanded="true" signature="21286:21406" ph="{...}" />
            <marker date="1698234990000" expanded="true" signature="21456:21577" ph="{...}" />
            <marker date="1698234990000" expanded="true" signature="21610:21720" ph="{...}" />
            <marker date="1698234990000" expanded="true" signature="21803:22572" ph="{...}" />
            <marker date="1698234990000" expanded="true" signature="21840:21910" ph="{...}" />
            <marker date="1698234990000" expanded="true" signature="21997:22129" ph="{...}" />
            <marker date="1698234990000" expanded="true" signature="22949:23816" ph="{...}" />
            <marker date="1698234990000" expanded="true" signature="22991:23101" ph="{...}" />
            <marker date="1698234990000" expanded="true" signature="23138:23196" ph="{...}" />
            <marker date="1698234990000" expanded="true" signature="23291:23364" ph="{...}" />
            <marker date="1698234990000" expanded="true" signature="23530:23767" ph="{...}" />
            <marker date="1698234990000" expanded="true" signature="23664:23753" ph="{...}" />
            <marker date="1698234990000" expanded="true" signature="24193:26323" ph="{...}" />
            <marker date="1698234990000" expanded="true" signature="24248:24633" ph="{...}" />
            <marker date="1698234990000" expanded="true" signature="24318:24441" ph="{...}" />
            <marker date="1698234990000" expanded="true" signature="24495:24619" ph="{...}" />
            <marker date="1698234990000" expanded="true" signature="24666:24776" ph="{...}" />
            <marker date="1698234990000" expanded="true" signature="24853:26313" ph="{...}" />
            <marker date="1698234990000" expanded="true" signature="24890:24960" ph="{...}" />
            <marker date="1698234990000" expanded="true" signature="25099:25411" ph="/* Call ToString before calling MoveNext again, since ... */" />
            <marker date="1698234990000" expanded="true" signature="25584:25792" ph="{...}" />
            <marker date="1698234990000" expanded="true" signature="25623:25725" ph="/* We have to handle the case of either currentValue ... */" />
            <marker date="1698234990000" expanded="true" signature="26091:26199" ph="{...}" />
            <marker date="1698234990000" expanded="true" signature="26423:29591" ph="{...}" />
            <marker date="1698234990000" expanded="true" signature="26469:26605" ph="{...}" />
            <marker date="1698234990000" expanded="true" signature="26747:26832" ph="{...}" />
            <marker date="1698234990000" expanded="true" signature="27036:27356" ph="{...}" />
            <marker date="1698234990000" expanded="true" signature="27085:27342" ph="{...}" />
            <marker date="1698234990000" expanded="true" signature="27215:27324" ph="{...}" />
            <marker date="1698234990000" expanded="true" signature="27602:29128" ph="{...}" />
            <marker date="1698234990000" expanded="true" signature="27633:27920" ph="/* It's possible that another thread may have mutated the input array ... */" />
            <marker date="1698234990000" expanded="true" signature="27968:28391" ph="{...}" />
            <marker date="1698234990000" expanded="true" signature="28098:28216" ph="{...}" />
            <marker date="1698234990000" expanded="true" signature="28435:29114" ph="{...}" />
            <marker date="1698234990000" expanded="true" signature="28474:28659" ph="/* Fill in the separator. ... */" />
            <marker date="1698234990000" expanded="true" signature="28797:28886" ph="{...}" />
            <marker date="1698234990000" expanded="true" signature="28911:29041" ph="{...}" />
            <marker date="1698234990000" expanded="true" signature="29142:29443" ph="/* If we copied exactly the right amount, return the new string.  Otherwise, ... */" />
            <marker date="1698234990000" expanded="true" signature="29732:30311" ph="{...}" />
            <marker date="1698234990000" expanded="true" signature="30455:31038" ph="{...}" />
            <marker date="1698234990000" expanded="true" signature="31095:32089" ph="{...}" />
            <marker date="1698234990000" expanded="true" signature="32185:32471" ph="{...}" />
            <marker date="1698234990000" expanded="true" signature="32576:32732" ph="{...}" />
            <marker date="1698234990000" expanded="true" signature="32831:33853" ph="{...}" />
            <marker date="1698234990000" expanded="true" signature="32877:33843" ph="{...}" />
            <marker date="1698234990000" expanded="true" signature="33009:33160" ph="..." />
            <marker date="1698234990000" expanded="true" signature="33283:33417" ph="..." />
            <marker date="1698234990000" expanded="true" signature="33465:33521" ph="..." />
            <marker date="1698234990000" expanded="true" signature="33579:33696" ph="..." />
            <marker date="1698234990000" expanded="true" signature="33722:33829" ph="..." />
            <marker date="1698234990000" expanded="true" signature="33965:34550" ph="{...}" />
            <marker date="1698234990000" expanded="true" signature="34049:34384" ph="/* If they asked to replace oldValue with a null, replace all occurrences ... */" />
            <marker date="1698234990000" expanded="true" signature="34733:36407" ph="{...}" />
            <marker date="1698234990000" expanded="true" signature="35038:35824" ph="{...}" />
            <marker date="1698234990000" expanded="true" signature="35172:35367" ph="/* There's the possibility that 'oldValue' has zero collation weight (empty string equivalent). ... */" />
            <marker date="1698234990000" expanded="true" signature="35419:35482" ph="{...}" />
            <marker date="1698234990000" expanded="true" signature="35838:36098" ph="/* Didn't find 'oldValue' in the remaining search space, or the match ... */" />
            <marker date="1698234990000" expanded="true" signature="36140:36231" ph="{...}" />
            <marker date="1698234990000" expanded="true" signature="36417:36478" ph="/* Replaces all instances of oldChar with newChar. ... */" />
            <marker date="1698234990000" expanded="true" signature="36536:39729" ph="{...}" />
            <marker date="1698234990000" expanded="true" signature="36982:37099" ph="{...}" />
            <marker date="1698234990000" expanded="true" signature="37483:39401" ph="{...}" />
            <marker date="1698234990000" expanded="true" signature="37798:38382" ph="{...}" />
            <marker date="1698234990000" expanded="true" signature="38400:39027" ph="/* There are [0, Vector&lt;ushort&gt;.Count) elements remaining now. ... */" />
            <marker date="1698234990000" expanded="true" signature="39418:39691" ph="{...}" />
            <marker date="1698234990000" expanded="true" signature="39481:39677" ph="{...}" />
            <marker date="1698234990000" expanded="true" signature="39795:42414" ph="{...}" />
            <marker date="1698234990000" expanded="true" signature="40218:41324" ph="{...}" />
            <marker date="1698234990000" expanded="true" signature="40249:40538" ph="/* Special-case oldValues that are a single character.  Even though there's an overload that takes ... */" />
            <marker date="1698234990000" expanded="true" signature="40581:40809" ph="{...}" />
            <marker date="1698234990000" expanded="true" signature="40971:41310" ph="{...}" />
            <marker date="1698234990000" expanded="true" signature="41127:41202" ph="{...}" />
            <marker date="1698234990000" expanded="true" signature="41341:41877" ph="{...}" />
            <marker date="1698234990000" expanded="true" signature="41475:41863" ph="{...}" />
            <marker date="1698234990000" expanded="true" signature="41666:41741" ph="{...}" />
            <marker date="1698234990000" expanded="true" signature="42004:42061" ph="{...}" />
            <marker date="1698234990000" expanded="true" signature="42075:42240" ph="/* Perform the replacement. String allocation and copying is in separate method to make this method faster ... */" />
            <marker date="1698234990000" expanded="true" signature="42516:43933" ph="{...}" />
            <marker date="1698234990000" expanded="true" signature="43024:43675" ph="{...}" />
            <marker date="1698234990000" expanded="true" signature="43287:43439" ph="{...}" />
            <marker date="1698234990000" expanded="true" signature="43943:45571" ph="/// Replaces all newline sequences in the current string with &lt;see cref=&quot;Environment.NewLine&quot;/&gt;. ... " />
            <marker date="1698234990000" expanded="true" signature="45673:47349" ph="/// Replaces all newline sequences in the current string with &lt;paramref name=&quot;replacementText&quot;/&gt;. ... " />
            <marker date="1698234990000" expanded="true" signature="47414:48859" ph="{...}" />
            <marker date="1698234990000" expanded="true" signature="47502:47599" ph="/* Early-exit: do we need to do anything at all? ... */" />
            <marker date="1698234990000" expanded="true" signature="47725:47782" ph="{...}" />
            <marker date="1698234990000" expanded="true" signature="47796:48080" ph="/* While writing to the builder, we don't bother memcpying the first ... */" />
            <marker date="1698234990000" expanded="true" signature="48367:48694" ph="{...}" />
            <marker date="1698234990000" expanded="true" signature="48869:49010" ph="/* Scans the input text, returning the index of the first newline char. ... */" />
            <marker date="1698234990000" expanded="true" signature="49098:50821" ph="{...}" />
            <marker date="1698234990000" expanded="true" signature="49121:50067" ph="/* !! IMPORTANT !! ... */" />
            <marker date="1698234990000" expanded="true" signature="50257:50786" ph="{...}" />
            <marker date="1698234990000" expanded="true" signature="50333:50477" ph="/* Did we match CR? If so, and if it's followed by LF, then we need ... */" />
            <marker date="1698234990000" expanded="true" signature="50517:50772" ph="{...}" />
            <marker date="1698234990000" expanded="true" signature="50674:50754" ph="{...}" />
            <marker date="1698234990000" expanded="true" signature="50922:51037" ph="{...}" />
            <marker date="1698234990000" expanded="true" signature="51149:51257" ph="{...}" />
            <marker date="1698234990000" expanded="true" signature="51267:51888" ph="/* Creates an array of strings by splitting this string at each ... */" />
            <marker date="1698234990000" expanded="true" signature="51944:52048" ph="{...}" />
            <marker date="1698234990000" expanded="true" signature="52058:52865" ph="/* Creates an array of strings by splitting this string at each ... */" />
            <marker date="1698234990000" expanded="true" signature="52925:53022" ph="{...}" />
            <marker date="1698234990000" expanded="true" signature="53100:53188" ph="{...}" />
            <marker date="1698234990000" expanded="true" signature="53277:53358" ph="{...}" />
            <marker date="1698234990000" expanded="true" signature="53468:54981" ph="{...}" />
            <marker date="1698234990000" expanded="true" signature="53745:54046" ph="{...}" />
            <marker date="1698234990000" expanded="true" signature="53776:53958" ph="/* Per the method's documentation, we'll short-circuit the search for separators. ... */" />
            <marker date="1698234990000" expanded="true" signature="54083:54264" ph="{...}" />
            <marker date="1698234990000" expanded="true" signature="54593:54683" ph="{...}" />
            <marker date="1698234990000" expanded="true" signature="55085:55195" ph="{...}" />
            <marker date="1698234990000" expanded="true" signature="55310:55413" ph="{...}" />
            <marker date="1698234990000" expanded="true" signature="55493:55587" ph="{...}" />
            <marker date="1698234990000" expanded="true" signature="55678:55765" ph="{...}" />
            <marker date="1698234990000" expanded="true" signature="55886:58100" ph="{...}" />
            <marker date="1698234990000" expanded="true" signature="55923:56078" ph="{...}" />
            <marker date="1698234990000" expanded="true" signature="56265:56415" ph="{...}" />
            <marker date="1698234990000" expanded="true" signature="56481:56782" ph="{...}" />
            <marker date="1698234990000" expanded="true" signature="56512:56694" ph="/* Per the method's documentation, we'll short-circuit the search for separators. ... */" />
            <marker date="1698234990000" expanded="true" signature="56816:57120" ph="{...}" />
            <marker date="1698234990000" expanded="true" signature="56874:56980" ph="{...}" />
            <marker date="1698234990000" expanded="true" signature="57001:57106" ph="{...}" />
            <marker date="1698234990000" expanded="true" signature="57653:57755" ph="{...}" />
            <marker date="1698234990000" expanded="true" signature="58199:58747" ph="{...}" />
            <marker date="1698234990000" expanded="true" signature="58276:58694" ph="{...}" />
            <marker date="1698234990000" expanded="true" signature="58401:58487" ph="{...}" />
            <marker date="1698234990000" expanded="true" signature="58589:58680" ph="{...}" />
            <marker date="1698234990000" expanded="true" signature="58844:59683" ph="{...}" />
            <marker date="1698234990000" expanded="true" signature="59125:59355" ph="{...}" />
            <marker date="1698234990000" expanded="true" signature="59900:61237" ph="{...}" />
            <marker date="1698234990000" expanded="true" signature="60133:60261" ph="/* Allocate space for the new array. ... */" />
            <marker date="1698234990000" expanded="true" signature="60411:60623" ph="{...}" />
            <marker date="1698234990000" expanded="true" signature="60765:60856" ph="{...}" />
            <marker date="1698234990000" expanded="true" signature="60908:61193" ph="{...}" />
            <marker date="1698234990000" expanded="true" signature="60939:61124" ph="/* We had a separator character at the end of a string.  Rather than just allowing ... */" />
            <marker date="1698234990000" expanded="true" signature="61467:64492" ph="{...}" />
            <marker date="1698234990000" expanded="true" signature="61576:61769" ph="/* Allocate array to hold items. This array may not be ... */" />
            <marker date="1698234990000" expanded="true" signature="62061:63740" ph="{...}" />
            <marker date="1698234990000" expanded="true" signature="62220:62306" ph="{...}" />
            <marker date="1698234990000" expanded="true" signature="62406:62511" ph="{...}" />
            <marker date="1698234990000" expanded="true" signature="62649:63726" ph="{...}" />
            <marker date="1698234990000" expanded="true" signature="62688:62878" ph="/* The next iteration of the loop will provide the final entry into the ... */" />
            <marker date="1698234990000" expanded="true" signature="62958:63681" ph="{...}" />
            <marker date="1698234990000" expanded="true" signature="63030:63659" ph="{...}" />
            <marker date="1698234990000" expanded="true" signature="63225:63347" ph="{...}" />
            <marker date="1698234990000" expanded="true" signature="63399:63526" ph="{...}" />
            <marker date="1698234990000" expanded="true" signature="63881:64018" ph="/* Handle the last substring at the end of the array ... */" />
            <marker date="1698234990000" expanded="true" signature="64131:64205" ph="{...}" />
            <marker date="1698234990000" expanded="true" signature="64301:64394" ph="{...}" />
            <marker date="1698234990000" expanded="true" signature="64502:64825" ph="/// Uses ValueListBuilder to create list that holds indexes of separators in string. ... " />
            <marker date="1698234990000" expanded="true" signature="64937:67165" ph="{...}" />
            <marker date="1698234990000" expanded="true" signature="65068:65327" ph="{...}" />
            <marker date="1698234990000" expanded="true" signature="65131:65313" ph="{...}" />
            <marker date="1698234990000" expanded="true" signature="65201:65295" ph="{...}" />
            <marker date="1698234990000" expanded="true" signature="65493:66260" ph="{...}" />
            <marker date="1698234990000" expanded="true" signature="65816:65967" ph="{...}" />
            <marker date="1698234990000" expanded="true" signature="66017:66246" ph="{...}" />
            <marker date="1698234990000" expanded="true" signature="66134:66228" ph="{...}" />
            <marker date="1698234990000" expanded="true" signature="66274:66417" ph="/* Handle &gt; 3 separators with a probabilistic map, ala IndexOfAny. ... */" />
            <marker date="1698234990000" expanded="true" signature="66434:67155" ph="{...}" />
            <marker date="1698234990000" expanded="true" signature="66471:67141" ph="{...}" />
            <marker date="1698234990000" expanded="true" signature="66714:67123" ph="{...}" />
            <marker date="1698234990000" expanded="true" signature="66995:67101" ph="{...}" />
            <marker date="1698234990000" expanded="true" signature="67283:69376" ph="{...}" />
            <marker date="1698234990000" expanded="true" signature="67306:67421" ph="/* Redundant test so we won't prejit remainder of this method ... */" />
            <marker date="1698234990000" expanded="true" signature="67471:67558" ph="{...}" />
            <marker date="1698234990000" expanded="true" signature="68428:68908" ph="{...}" />
            <marker date="1698234990000" expanded="true" signature="69095:69366" ph="{...}" />
            <marker date="1698234990000" expanded="true" signature="69234:69326" ph="{...}" />
            <marker date="1698234990000" expanded="true" signature="69386:69676" ph="/// Uses ValueListBuilder to create list that holds indexes of separators in string. ... " />
            <marker date="1698234990000" expanded="true" signature="69775:70404" ph="{...}" />
            <marker date="1698234990000" expanded="true" signature="69974:70394" ph="{...}" />
            <marker date="1698234990000" expanded="true" signature="70067:70380" ph="{...}" />
            <marker date="1698234990000" expanded="true" signature="70217:70362" ph="{...}" />
            <marker date="1698234990000" expanded="true" signature="70414:70872" ph="/// Uses ValueListBuilder to create list that holds indexes of separators in string and list that holds length of ... " />
            <marker date="1698234990000" expanded="true" signature="71020:72107" ph="{...}" />
            <marker date="1698234990000" expanded="true" signature="71194:72097" ph="{...}" />
            <marker date="1698234990000" expanded="true" signature="71268:72083" ph="{...}" />
            <marker date="1698234990000" expanded="true" signature="71391:71469" ph="{...}" />
            <marker date="1698234990000" expanded="true" signature="71613:72065" ph="{...}" />
            <marker date="1698234990000" expanded="true" signature="71775:72043" ph="{...}" />
            <marker date="1698234990000" expanded="true" signature="72188:72583" ph="{...}" />
            <marker date="1698234990000" expanded="true" signature="72373:72573" ph="{...}" />
            <marker date="1698234990000" expanded="true" signature="72593:72642" ph="/* Returns a substring of this string. ... */" />
            <marker date="1698234990000" expanded="true" signature="72690:73141" ph="{...}" />
            <marker date="1698234990000" expanded="true" signature="72733:72790" ph="{...}" />
            <marker date="1698234990000" expanded="true" signature="72866:72924" ph="{...}" />
            <marker date="1698234990000" expanded="true" signature="72974:73072" ph="{...}" />
            <marker date="1698234990000" expanded="true" signature="73202:73880" ph="{...}" />
            <marker date="1698234990000" expanded="true" signature="73486:73584" ph="{...}" />
            <marker date="1698234990000" expanded="true" signature="73614:73672" ph="{...}" />
            <marker date="1698234990000" expanded="true" signature="73707:73811" ph="{...}" />
            <marker date="1698234990000" expanded="true" signature="73987:74484" ph="{...}" />
            <marker date="1698234990000" expanded="true" signature="74554:75173" ph="{...}" />
            <marker date="1698234990000" expanded="true" signature="75453:75591" ph="{...}" />
            <marker date="1698234990000" expanded="true" signature="75716:75789" ph="{...}" />
            <marker date="1698234990000" expanded="true" signature="75981:76119" ph="{...}" />
            <marker date="1698234990000" expanded="true" signature="76244:76317" ph="{...}" />
            <marker date="1698234990000" expanded="true" signature="76327:76447" ph="/* Trims the whitespace from both ends of the string.  Whitespace is defined by ... */" />
            <marker date="1698234990000" expanded="true" signature="76835:77164" ph="{...}" />
            <marker date="1698234990000" expanded="true" signature="76905:76993" ph="{...}" />
            <marker date="1698234990000" expanded="true" signature="77046:77154" ph="{...}" />
            <marker date="1698234990000" expanded="true" signature="77626:77955" ph="{...}" />
            <marker date="1698234990000" expanded="true" signature="77696:77784" ph="{...}" />
            <marker date="1698234990000" expanded="true" signature="77837:77945" ph="{...}" />
            <marker date="1698234990000" expanded="true" signature="78393:78722" ph="{...}" />
            <marker date="1698234990000" expanded="true" signature="78463:78551" ph="{...}" />
            <marker date="1698234990000" expanded="true" signature="78604:78712" ph="{...}" />
            <marker date="1698234990000" expanded="true" signature="78786:79728" ph="{...}" />
            <marker date="1698234990000" expanded="true" signature="78809:78955" ph="/* end will point to the first non-trimmed character on the right. ... */" />
            <marker date="1698234990000" expanded="true" signature="79108:79361" ph="{...}" />
            <marker date="1698234990000" expanded="true" signature="79179:79347" ph="{...}" />
            <marker date="1698234990000" expanded="true" signature="79254:79329" ph="{...}" />
            <marker date="1698234990000" expanded="true" signature="79411:79665" ph="{...}" />
            <marker date="1698234990000" expanded="true" signature="79485:79651" ph="{...}" />
            <marker date="1698234990000" expanded="true" signature="79558:79633" ph="{...}" />
            <marker date="1698234990000" expanded="true" signature="79827:81622" ph="{...}" />
            <marker date="1698234990000" expanded="true" signature="79943:80089" ph="/* end will point to the first non-trimmed character on the right. ... */" />
            <marker date="1698234990000" expanded="true" signature="80242:80875" ph="{...}" />
            <marker date="1698234990000" expanded="true" signature="80313:80861" ph="{...}" />
            <marker date="1698234990000" expanded="true" signature="80463:80642" ph="{...}" />
            <marker date="1698234990000" expanded="true" signature="80533:80620" ph="{...}" />
            <marker date="1698234990000" expanded="true" signature="80688:80843" ph="{...}" />
            <marker date="1698234990000" expanded="true" signature="80925:81559" ph="{...}" />
            <marker date="1698234990000" expanded="true" signature="80999:81545" ph="{...}" />
            <marker date="1698234990000" expanded="true" signature="81147:81326" ph="{...}" />
            <marker date="1698234990000" expanded="true" signature="81217:81304" ph="{...}" />
            <marker date="1698234990000" expanded="true" signature="81372:81527" ph="{...}" />
            <marker date="1698234990000" expanded="true" signature="81686:81892" ph="{...}" />
          </folding>
        </state>
      </provider>
    </entry>
    <entry file="file:///afs/cri.epita.fr/user/m/ma/marcus.poirot/u/epita-prepa-acdc-PROG-101-P-05-2028-marcus.poirot/SmurfasticFibo/Fundamentals/FibonacciCoding.cs">
      <provider selected="true" editor-type-id="text-editor">
        <state relative-caret-position="-321">
          <caret line="92" selection-start-line="92" selection-end-line="92" />
          <folding>
            <marker date="1698250760000" expanded="true" signature="3737:3748" ph="{...}" />
            <marker date="1698250760000" expanded="true" signature="106:144" ph="{...}" />
          </folding>
        </state>
      </provider>
    </entry>
    <entry file="file://$PROJECT_DIR$/SmurfasticFibo/Fundamentals/TestFibo1.fibo">
      <provider selected="true" editor-type-id="text-editor" />
    </entry>
    <entry file="file://$PROJECT_DIR$/SmurfasticFibo/Fundamentals/VigenereCipher.cs">
      <provider selected="true" editor-type-id="text-editor">
        <state relative-caret-position="748">
          <caret line="30" column="45" selection-start-line="30" selection-start-column="45" selection-end-line="30" selection-end-column="45" />
          <folding>
            <marker date="1698419442000" expanded="true" signature="119:1784" ph="{...}" />
            <marker date="1698419442000" expanded="true" signature="165:558" ph="{...}" />
            <marker date="1698419442000" expanded="true" signature="390:552" ph="{...}" />
            <marker date="1698419442000" expanded="true" signature="594:781" ph="{...}" />
            <marker date="1698419442000" expanded="true" signature="828:1048" ph="{...}" />
            <marker date="1698419442000" expanded="true" signature="1122:1643" ph="{...}" />
            <marker date="1698419442000" expanded="true" signature="1274:1607" ph="{...}" />
            <marker date="1698419442000" expanded="true" signature="1308:1489" ph="{...}" />
            <marker date="1698419442000" expanded="true" signature="1523:1593" ph="{...}" />
            <marker date="1698419442000" expanded="true" signature="1716:1771" ph="{...}" />
          </folding>
        </state>
      </provider>
    </entry>
    <entry file="file://$PROJECT_DIR$/SmurfasticFibo/Fundamentals/FibonacciCoding.cs">
      <provider selected="true" editor-type-id="text-editor">
        <state relative-caret-position="-3190">
          <caret line="5" column="14" selection-start-line="5" selection-start-column="14" selection-end-line="5" selection-end-column="14" />
          <folding>
            <marker date="1698250760000" expanded="true" signature="103:3748" ph="{...}" />
            <marker date="1698250760000" expanded="true" signature="140:328" ph="{...}" />
            <marker date="1698250760000" expanded="true" signature="254:322" ph="{...}" />
            <marker date="1698250760000" expanded="true" signature="404:1022" ph="{...}" />
            <marker date="1698250760000" expanded="true" signature="630:697" ph="{...}" />
            <marker date="1698250760000" expanded="true" signature="750:976" ph="{...}" />
            <marker date="1698250760000" expanded="true" signature="822:915" ph="{...}" />
            <marker date="1698250760000" expanded="true" signature="1080:1239" ph="{...}" />
            <marker date="1698250760000" expanded="true" signature="1312:1997" ph="{...}" />
            <marker date="1698250760000" expanded="true" signature="1486:1610" ph="{...}" />
            <marker date="1698250760000" expanded="true" signature="1834:1946" ph="{...}" />
            <marker date="1698250760000" expanded="true" signature="2060:2261" ph="{...}" />
            <marker date="1698250760000" expanded="true" signature="2135:2234" ph="{...}" />
            <marker date="1698250760000" expanded="true" signature="2318:2976" ph="{...}" />
            <marker date="1698250760000" expanded="true" signature="2692:2949" ph="{...}" />
            <marker date="1698250760000" expanded="true" signature="2770:2939" ph="{...}" />
            <marker date="1698250760000" expanded="true" signature="3050:3357" ph="{...}" />
            <marker date="1698250760000" expanded="true" signature="3068:3260" ph="{...}" />
            <marker date="1698250760000" expanded="true" signature="3155:3250" ph="{...}" />
            <marker date="1698250760000" expanded="true" signature="3286:3351" ph="{...}" />
            <marker date="1698250760000" expanded="true" signature="3419:3743" ph="{...}" />
            <marker date="1698250760000" expanded="true" signature="3526:3700" ph="{...}" />
          </folding>
        </state>
      </provider>
    </entry>
    <entry file="file:///afs/cri.epita.fr/user/m/ma/marcus.poirot/u/epita-prepa-acdc-PROG-101-P-05-2028-marcus.poirot/SmurfasticFibo/Program.cs">
      <provider selected="true" editor-type-id="text-editor">
        <state relative-caret-position="420">
          <caret line="173" column="94" lean-forward="true" selection-start-line="173" selection-start-column="94" selection-end-line="173" selection-end-column="94" />
          <folding>
            <marker date="1698427030000" expanded="true" signature="30:894" ph="/* long a1 = SmurfasticFibo.Fundamentals.HomeWork.FibonacciRecursive(0);    // a1 == 0 ... */" />
            <marker date="1698427030000" expanded="true" signature="895:2409" ph="/* long c1 = SmurfasticFibo.Fundamentals.DebugMe.Tribonacci(0);   // c1 == 0 ... */" />
            <marker date="1698427030000" expanded="true" signature="2411:5210" ph="/* char g1 = SmurfasticFibo.Fundamentals.FibonacciCoding.DecodeCharacterFibo(&quot;010001011&quot;);     // g1 == '1' ... */" />
            <marker date="1698427030000" expanded="true" signature="5211:5388" ph="/* Key: &quot;KEY&quot; ... */" />
            <marker date="1698427030000" expanded="true" signature="5390:5541" ph="/* string k1 = SmurfasticFibo.Fundamentals.VigenereCipher.EncodeVigenere(&quot;Hello world!&quot;, &quot;KEY&quot;);   // k1 == &quot;Rijv ... */" />
          </folding>
        </state>
      </provider>
    </entry>
    <entry file="file:///afs/cri.epita.fr/user/m/ma/marcus.poirot/u/epita-prepa-acdc-PROG-101-P-05-2028-marcus.poirot/SmurfasticFibo/Proficiencies/WarmUp.cs">
      <provider selected="true" editor-type-id="text-editor">
        <state relative-caret-position="469">
          <caret line="84" column="1" lean-forward="true" selection-start-line="84" selection-start-column="1" selection-end-line="84" selection-end-column="1" />
          <folding>
            <marker date="1698426849000" expanded="true" signature="1434:1530" ph="{...}" />
            <marker date="1698426849000" expanded="true" signature="113:500" ph="{...}" />
            <marker date="1698426849000" expanded="true" signature="328:374" ph="{...}" />
            <marker date="1698426849000" expanded="true" signature="444:494" ph="{...}" />
            <marker date="1698426849000" expanded="true" signature="577:1131" ph="{...}" />
            <marker date="1698426849000" expanded="true" signature="730:917" ph="{...}" />
            <marker date="1698426849000" expanded="true" signature="930:1125" ph="{...}" />
            <marker date="1698426849000" expanded="true" signature="1141:1418" ph="/* public static long FastFibonacciRecursive(ushort nb) ... */" />
            <marker date="1698426849000" expanded="true" signature="1326:1332" ph="{...}" />
            <marker date="1698426849000" expanded="true" signature="1581:1846" ph="{...}" />
          </folding>
        </state>
      </provider>
    </entry>
    <entry file="file:///afs/cri.epita.fr/user/m/ma/marcus.poirot/u/epita-prepa-acdc-PROG-101-P-05-2028-marcus.poirot/SmurfasticFibo/Enhancements/Recover.cs">
      <provider selected="true" editor-type-id="text-editor">
        <state relative-caret-position="2218">
          <caret line="128" lean-forward="true" selection-start-line="128" selection-end-line="128" />
          <folding>
            <marker date="1698426394000" expanded="false" signature="6:54" ph="..." />
            <marker date="1698426394000" expanded="true" signature="123:571" ph="{...}" />
            <marker date="1698426394000" expanded="true" signature="172:565" ph="{...}" />
            <marker date="1698426394000" expanded="true" signature="377:423" ph="{...}" />
            <marker date="1698426394000" expanded="true" signature="625:1017" ph="{...}" />
            <marker date="1698426394000" expanded="true" signature="911:981" ph="{...}" />
            <marker date="1698426394000" expanded="true" signature="1094:1648" ph="{...}" />
            <marker date="1698426394000" expanded="true" signature="1143:1352" ph="{...}" />
            <marker date="1698426394000" expanded="true" signature="1408:1452" ph="{...}" />
            <marker date="1698426394000" expanded="true" signature="1532:1576" ph="{...}" />
            <marker date="1698426394000" expanded="true" signature="1703:2020" ph="{...}" />
            <marker date="1698426394000" expanded="true" signature="1890:1993" ph="{...}" />
            <marker date="1698426394000" expanded="true" signature="2091:2640" ph="{...}" />
            <marker date="1698426394000" expanded="true" signature="2165:2304" ph="{...}" />
            <marker date="1698426394000" expanded="true" signature="2202:2294" ph="{...}" />
            <marker date="1698426394000" expanded="true" signature="2317:2604" ph="{...}" />
            <marker date="1698426394000" expanded="true" signature="2472:2581" ph="{...}" />
          </folding>
        </state>
      </provider>
    </entry>
    <entry file="file://$PROJECT_DIR$/SmurfasticFibo/Fundamentals/HomeWork.cs">
      <provider selected="true" editor-type-id="text-editor">
        <state relative-caret-position="240">
          <caret line="8" column="20" selection-start-line="8" selection-start-column="20" selection-end-line="8" selection-end-column="20" />
          <folding>
            <marker date="1698250533000" expanded="true" signature="68:683" ph="{...}" />
            <marker date="1698250533000" expanded="true" signature="123:358" ph="{...}" />
            <marker date="1698250533000" expanded="true" signature="182:224" ph="{...}" />
            <marker date="1698250533000" expanded="true" signature="237:352" ph="{...}" />
            <marker date="1698250533000" expanded="true" signature="417:679" ph="{...}" />
            <marker date="1698250533000" expanded="true" signature="515:653" ph="{...}" />
          </folding>
        </state>
      </provider>
    </entry>
    <entry file="file://$PROJECT_DIR$/SmurfasticFibo/Enhancements/Recover.cs">
      <provider selected="true" editor-type-id="text-editor">
        <state relative-caret-position="360">
          <caret line="22" column="8" selection-start-line="22" selection-start-column="8" selection-end-line="22" selection-end-column="8" />
          <folding>
            <marker date="1698426394000" expanded="true" signature="6:54" ph="..." />
            <marker date="1698426394000" expanded="true" signature="123:2643" ph="{...}" />
            <marker date="1698426394000" expanded="true" signature="172:571" ph="{...}" />
            <marker date="1698426394000" expanded="true" signature="433:479" ph="{...}" />
            <marker date="1698426394000" expanded="true" signature="625:1017" ph="{...}" />
            <marker date="1698426394000" expanded="true" signature="911:981" ph="{...}" />
            <marker date="1698426394000" expanded="true" signature="1094:1648" ph="{...}" />
            <marker date="1698426394000" expanded="true" signature="1143:1352" ph="{...}" />
            <marker date="1698426394000" expanded="true" signature="1408:1452" ph="{...}" />
            <marker date="1698426394000" expanded="true" signature="1532:1576" ph="{...}" />
            <marker date="1698426394000" expanded="true" signature="1703:2020" ph="{...}" />
            <marker date="1698426394000" expanded="true" signature="1890:1993" ph="{...}" />
            <marker date="1698426394000" expanded="true" signature="2091:2640" ph="{...}" />
            <marker date="1698426394000" expanded="true" signature="2165:2304" ph="{...}" />
            <marker date="1698426394000" expanded="true" signature="2202:2294" ph="{...}" />
            <marker date="1698426394000" expanded="true" signature="2317:2604" ph="{...}" />
            <marker date="1698426394000" expanded="true" signature="2472:2581" ph="{...}" />
          </folding>
        </state>
      </provider>
    </entry>
    <entry file="file://$PROJECT_DIR$/SmurfasticFibo/Proficiencies/WarmUp.cs">
      <provider selected="true" editor-type-id="text-editor">
        <state relative-caret-position="593">
          <caret line="71" column="22" selection-start-line="71" selection-start-column="22" selection-end-line="71" selection-end-column="22" />
          <folding>
            <marker date="1698426849000" expanded="true" signature="6:53" ph="..." />
            <marker date="1698426849000" expanded="true" signature="122:1530" ph="{...}" />
            <marker date="1698426849000" expanded="true" signature="160:269" ph="{...}" />
            <marker date="1698426849000" expanded="true" signature="221:263" ph="{...}" />
            <marker date="1698426849000" expanded="true" signature="327:881" ph="{...}" />
            <marker date="1698426849000" expanded="true" signature="480:667" ph="{...}" />
            <marker date="1698426849000" expanded="true" signature="680:875" ph="{...}" />
            <marker date="1698426849000" expanded="true" signature="942:1337" ph="{...}" />
            <marker date="1698426849000" expanded="true" signature="1138:1223" ph="{...}" />
            <marker date="1698426849000" expanded="true" signature="1393:1428" ph="{...}" />
            <marker date="1698426849000" expanded="true" signature="1486:1521" ph="{...}" />
          </folding>
        </state>
      </provider>
    </entry>
    <entry file="file://$PROJECT_DIR$/SmurfasticFibo/Proficiencies/NegaFibonacciCoding.cs">
      <provider selected="true" editor-type-id="text-editor">
        <state relative-caret-position="384">
          <caret line="13" lean-forward="true" selection-start-line="13" selection-end-line="13" />
          <folding>
            <marker date="1698426891000" expanded="true" signature="80:282" ph="{...}" />
            <marker date="1698426891000" expanded="true" signature="146:181" ph="{...}" />
            <marker date="1698426891000" expanded="true" signature="248:278" ph="{...}" />
          </folding>
        </state>
      </provider>
    </entry>
    <entry file="file://$PROJECT_DIR$/SmurfasticFibo/Enhancements/BinaryCoding.cs">
      <provider selected="true" editor-type-id="text-editor">
        <state relative-caret-position="452">
          <caret line="50" lean-forward="true" selection-start-line="50" selection-end-line="50" />
          <folding>
            <marker date="1698426926000" expanded="true" signature="72:1290" ph="{...}" />
            <marker date="1698426926000" expanded="true" signature="148:1171" ph="{...}" />
            <marker date="1698426926000" expanded="true" signature="197:321" ph="{...}" />
            <marker date="1698426926000" expanded="true" signature="493:1165" ph="{...}" />
            <marker date="1698426926000" expanded="true" signature="530:784" ph="{...}" />
            <marker date="1698426926000" expanded="true" signature="818:1099" ph="{...}" />
            <marker date="1698426926000" expanded="true" signature="1252:1287" ph="{...}" />
          </folding>
        </state>
      </provider>
    </entry>
    <entry file="file://$PROJECT_DIR$/SmurfasticFibo/Program.cs">
      <provider selected="true" editor-type-id="text-editor">
        <state relative-caret-position="4608">
          <caret line="192" column="2" selection-start-line="192" selection-start-column="2" selection-end-line="192" selection-end-column="2" />
          <folding>
            <marker date="1698427030000" expanded="true" signature="30:894" ph="/* long a1 = SmurfasticFibo.Fundamentals.HomeWork.FibonacciRecursive(0);    // a1 == 0 ... */" />
            <marker date="1698427030000" expanded="true" signature="895:2409" ph="/* long c1 = SmurfasticFibo.Fundamentals.DebugMe.Tribonacci(0);   // c1 == 0 ... */" />
            <marker date="1698427030000" expanded="true" signature="2411:5210" ph="/* char g1 = SmurfasticFibo.Fundamentals.FibonacciCoding.DecodeCharacterFibo(&quot;010001011&quot;);     // g1 == '1' ... */" />
            <marker date="1698427030000" expanded="true" signature="5211:5388" ph="/* Key: &quot;KEY&quot; ... */" />
            <marker date="1698427030000" expanded="true" signature="5390:9725" ph="/* string k1 = SmurfasticFibo.Fundamentals.VigenereCipher.EncodeVigenere(&quot;Hello world!&quot;, &quot;KEY&quot;);   // k1 == &quot;Rijv ... */" />
          </folding>
        </state>
      </provider>
    </entry>
    <entry file="file://$PROJECT_DIR$/SmurfasticFibo/Fundamentals/DebugMe.cs">
      <provider selected="true" editor-type-id="text-editor">
        <state relative-caret-position="936">
          <caret line="68" column="9" lean-forward="true" selection-start-line="68" selection-start-column="9" selection-end-line="68" selection-end-column="9" />
          <folding>
            <marker date="1698427380000" expanded="true" signature="6:49" ph="..." />
            <marker date="1698427380000" expanded="true" signature="118:2112" ph="{...}" />
            <marker date="1698427380000" expanded="true" signature="165:440" ph="{...}" />
            <marker date="1698427380000" expanded="true" signature="277:415" ph="{...}" />
            <marker date="1698427380000" expanded="true" signature="486:686" ph="{...}" />
            <marker date="1698427380000" expanded="true" signature="597:659" ph="{...}" />
            <marker date="1698427380000" expanded="true" signature="725:1517" ph="{...}" />
            <marker date="1698427380000" expanded="true" signature="1010:1477" ph="{...}" />
            <marker date="1698427380000" expanded="true" signature="1096:1222" ph="{...}" />
            <marker date="1698427380000" expanded="true" signature="1239:1454" ph="{...}" />
            <marker date="1698427380000" expanded="true" signature="1577:2110" ph="{...}" />
            <marker date="1698427380000" expanded="true" signature="1730:2083" ph="{...}" />
            <marker date="1698427380000" expanded="true" signature="1833:1908" ph="{...}" />
            <marker date="1698427380000" expanded="true" signature="1985:2043" ph="{...}" />
          </folding>
        </state>
      </provider>
    </entry>
  </component>
</project>