<project version="4">
  <component name="BookmarksManager">
    <option name="groups">
      <GroupState>
        <option name="name" value="Smurfing" />
      </GroupState>
    </option>
  </component>
  <component name="BranchesTreeState">
    <expand>
      <path>
        <item name="ROOT" type="e8cecc67:BranchNodeDescriptor" />
        <item name="LOCAL_ROOT" type="e8cecc67:BranchNodeDescriptor" />
      </path>
      <path>
        <item name="ROOT" type="e8cecc67:BranchNodeDescriptor" />
        <item name="REMOTE_ROOT" type="e8cecc67:BranchNodeDescriptor" />
      </path>
      <path>
        <item name="ROOT" type="e8cecc67:BranchNodeDescriptor" />
        <item name="REMOTE_ROOT" type="e8cecc67:BranchNodeDescriptor" />
        <item name="GROUP_NODE:origin" type="e8cecc67:BranchNodeDescriptor" />
      </path>
    </expand>
    <select />
  </component>
  <component name="FileEditorManager">
    <leaf SIDE_TABS_SIZE_LIMIT_KEY="-1">
      <file current-in-tab="false">
        <entry file="file://$PROJECT_DIR$/Smurfing/Bakery.cs">
          <provider selected="true" editor-type-id="text-editor">
            <state relative-caret-position="-10">
              <caret line="10" column="4" selection-start-line="10" selection-start-column="4" selection-end-line="10" selection-end-column="4" />
              <folding>
                <marker date="1700056570000" expanded="true" signature="40:273" ph="{...}" />
                <marker date="1700056570000" expanded="true" signature="118:266" ph="{...}" />
              </folding>
            </state>
          </provider>
        </entry>
      </file>
      <file current-in-tab="false">
        <entry file="file://$PROJECT_DIR$/Smurfing/Convert.cs">
          <provider selected="true" editor-type-id="text-editor">
            <state relative-caret-position="-10">
              <caret line="10" column="1" selection-start-line="10" selection-start-column="1" selection-end-line="10" selection-end-column="1" />
              <folding>
                <marker date="1700057341000" expanded="true" signature="41:187" ph="{...}" />
                <marker date="1700057341000" expanded="true" signature="101:182" ph="{...}" />
              </folding>
            </state>
          </provider>
        </entry>
      </file>
      <file current-in-tab="false">
        <entry file="file://$PROJECT_DIR$/Smurfing/Mirror.cs">
          <provider selected="true" editor-type-id="text-editor">
            <state relative-caret-position="-10">
              <caret line="7" column="5" selection-start-line="7" selection-start-column="5" selection-end-line="7" selection-end-column="5" />
              <folding>
                <marker date="1700056862000" expanded="true" signature="40:394" ph="{...}" />
                <marker date="1700056862000" expanded="true" signature="86:119" ph="{...}" />
                <marker date="1700056862000" expanded="true" signature="196:392" ph="{...}" />
                <marker date="1700056862000" expanded="true" signature="239:308" ph="{...}" />
                <marker date="1700056862000" expanded="true" signature="321:386" ph="{...}" />
              </folding>
            </state>
          </provider>
        </entry>
      </file>
      <file current-in-tab="false">
        <entry file="file://$PROJECT_DIR$/Smurfing/Caesar.cs">
          <provider selected="true" editor-type-id="text-editor">
            <state relative-caret-position="-11">
              <caret line="50" column="9" selection-start-line="50" selection-start-column="9" selection-end-line="50" selection-end-column="9" />
              <folding>
                <marker date="1700056570000" expanded="true" signature="40:1106" ph="{...}" />
                <marker date="1700056570000" expanded="true" signature="90:853" ph="{...}" />
                <marker date="1700056570000" expanded="true" signature="333:829" ph="{...}" />
                <marker date="1700056570000" expanded="true" signature="364:446" ph="{...}" />
                <marker date="1700056570000" expanded="true" signature="480:562" ph="{...}" />
                <marker date="1700056570000" expanded="true" signature="595:677" ph="{...}" />
                <marker date="1700056570000" expanded="true" signature="911:1103" ph="{...}" />
                <marker date="1700056570000" expanded="true" signature="985:1077" ph="{...}" />
              </folding>
            </state>
          </provider>
        </entry>
      </file>
      <file current-in-tab="false">
        <entry file="file://$PROJECT_DIR$/Smurfing/Program.cs">
          <provider selected="true" editor-type-id="text-editor">
            <state relative-caret-position="420">
              <caret line="75" column="17" selection-start-line="75" selection-start-column="17" selection-end-line="75" selection-end-column="17" />
              <folding>
                <marker date="1700060816000" expanded="true" signature="101:3056" ph="/* bool a1 = Smurfing.MyMaths.IsArmstrong(9);     // a1 == true ... */" />
              </folding>
            </state>
          </provider>
        </entry>
      </file>
      <file current-in-tab="false">
        <entry file="file://$PROJECT_DIR$/Smurfing/MyMaths.cs">
          <provider selected="true" editor-type-id="text-editor">
            <state relative-caret-position="-14">
              <caret line="76" selection-start-line="76" selection-end-line="76" />
              <folding>
                <marker date="1700052425000" expanded="true" signature="6:66" ph="..." />
                <marker date="1700052425000" expanded="true" signature="109:1318" ph="{...}" />
                <marker date="1700052425000" expanded="true" signature="153:487" ph="{...}" />
                <marker date="1700052425000" expanded="true" signature="341:452" ph="{...}" />
                <marker date="1700052425000" expanded="true" signature="524:671" ph="{...}" />
                <marker date="1700052425000" expanded="true" signature="577:642" ph="{...}" />
                <marker date="1700052425000" expanded="true" signature="712:844" ph="{...}" />
                <marker date="1700052425000" expanded="true" signature="775:818" ph="{...}" />
                <marker date="1700052425000" expanded="true" signature="885:962" ph="{...}" />
                <marker date="1700052425000" expanded="true" signature="1018:1315" ph="{...}" />
                <marker date="1700052425000" expanded="true" signature="1204:1279" ph="{...}" />
              </folding>
            </state>
          </provider>
        </entry>
      </file>
      <file>
        <entry file="file://$PROJECT_DIR$/Smurfing/Reading.cs">
          <provider selected="true" editor-type-id="text-editor">
            <state relative-caret-position="40">
              <caret line="20" column="37" selection-start-line="20" selection-start-column="37" selection-end-line="20" selection-end-column="37" />
              <folding>
                <marker date="1700061107000" expanded="true" signature="6:94" ph="..." />
                <marker date="1700061107000" expanded="true" signature="137:1500" ph="{...}" />
                <marker date="1700061107000" expanded="true" signature="188:950" ph="{...}" />
                <marker date="1700061107000" expanded="true" signature="314:796" ph="{...}" />
                <marker date="1700061107000" expanded="true" signature="400:786" ph="{...}" />
                <marker date="1700061107000" expanded="true" signature="442:772" ph="{...}" />
                <marker date="1700061107000" expanded="true" signature="550:754" ph="{...}" />
                <marker date="1700061107000" expanded="true" signature="822:923" ph="{...}" />
                <marker date="1700061107000" expanded="true" signature="995:1187" ph="{...}" />
                <marker date="1700061107000" expanded="true" signature="1095:1160" ph="{...}" />
                <marker date="1700061107000" expanded="true" signature="1234:1498" ph="{...}" />
                <marker date="1700061107000" expanded="true" signature="1407:1472" ph="{...}" />
              </folding>
            </state>
          </provider>
        </entry>
      </file>
      <file current-in-tab="false">
        <entry file="file://$PROJECT_DIR$/Smurfing/Jumbling.cs">
          <provider selected="true" editor-type-id="text-editor">
            <state relative-caret-position="-10">
              <caret line="23" column="17" selection-start-line="23" selection-start-column="17" selection-end-line="23" selection-end-column="17" />
              <folding>
                <marker date="1700052048000" expanded="true" signature="62:933" ph="{...}" />
                <marker date="1700052048000" expanded="true" signature="109:620" ph="{...}" />
                <marker date="1700052048000" expanded="true" signature="200:520" ph="{...}" />
                <marker date="1700052048000" expanded="true" signature="301:510" ph="{...}" />
                <marker date="1700052048000" expanded="true" signature="364:470" ph="{...}" />
                <marker date="1700052048000" expanded="true" signature="663:931" ph="{...}" />
                <marker date="1700052048000" expanded="true" signature="821:868" ph="{...}" />
              </folding>
            </state>
          </provider>
        </entry>
      </file>
    </leaf>
  </component>
  <component name="FileTypeUsageLocalSummary">
    <fileType name="C#">
      <summary usageCount="27" lastUsed="1700054686513" />
    </fileType>
  </component>
  <component name="IdeDocumentHistory">
    <changedPaths>
      <option value="$PROJECT_DIR$/Smurfing/Jumbling.cs" />
      <option value="$PROJECT_DIR$/Smurfing/MyMaths.cs" />
      <option value="$PROJECT_DIR$/Smurfing/Bakery.cs" />
      <option value="$PROJECT_DIR$/Smurfing/Caesar.cs" />
      <option value="$PROJECT_DIR$/Smurfing/Mirror.cs" />
      <option value="$PROJECT_DIR$/Smurfing/Convert.cs" />
      <option value="$PROJECT_DIR$/Smurfing/Program.cs" />
      <option value="$PROJECT_DIR$/Smurfing/Reading.cs" />
    </changedPaths>
  </component>
  <component name="IgnoredFileRootStore">
    <option name="generatedRoots">
      <set>
        <option value="$PROJECT_DIR$/.idea/.idea.Smurfing/.idea" />
      </set>
    </option>
  </component>
  <component name="LanguageUsageStatistics">
    <language id="C#">
      <summary usageCount="27" lastUsage="1700054686513" />
    </language>
  </component>
  <component name="ProjectView">
    <navigator currentView="SolutionExplorer" proportions="0.9" version="1" />
    <panes>
      <pane id="AssemblyExplorer" />
      <pane id="SolutionExplorer">
        <subPane>
          <expand>
            <path>
              <item name="Project" type="784c90a0:SolutionExplorerRootNode" />
              <item name="Smurfing" type="24d0babc:SolutionExplorerModelNode" />
            </path>
            <path>
              <item name="Project" type="784c90a0:SolutionExplorerRootNode" />
              <item name="Smurfing" type="24d0babc:SolutionExplorerModelNode" />
              <item name="Smurfing" type="24d0babc:SolutionExplorerModelNode" />
            </path>
          </expand>
          <select>
            <path>
              <item name="Project" type="784c90a0:SolutionExplorerRootNode" />
              <item name="Smurfing" type="24d0babc:SolutionExplorerModelNode" />
              <item name="Smurfing" type="24d0babc:SolutionExplorerModelNode" />
              <item name="Reading.cs" type="24d0babc:SolutionExplorerModelNode" />
            </path>
          </select>
        </subPane>
        <option name="show-all-files" value="false" />
        <option name="show-project-imports" value="true" />
        <option name="autoscroll-all" value="false" />
        <option name="show-scratches" value="true" />
        <option name="search-dependencies" value="false" />
        <option name="show-unreal-project-files" value="true" />
      </pane>
      <pane id="FileSystemExplorer" />
    </panes>
  </component>
  <component name="RiderPerAppToolWindowOpenedTWKeeper">
    <option name="map">
      <map>
        <entry key="Bookmarks">
          <value>
            <window_info id="Bookmarks" sideWeight="0.499183" side_tool="true" weight="0.19493738" />
          </value>
        </entry>
        <entry key="Build">
          <value>
            <window_info anchor="bottom" id="Build" order="4" weight="0.3299712" />
          </value>
        </entry>
        <entry key="Commit">
          <value>
            <window_info x="959" y="131" width="315" height="949" id="Commit" type="FLOATING" weight="0.3300209" />
          </value>
        </entry>
        <entry key="Database">
          <value>
            <window_info anchor="right" id="Database" order="0" />
          </value>
        </entry>
        <entry key="Database Changes">
          <value>
            <window_info anchor="bottom" id="Database Changes" show_stripe_button="false" />
          </value>
        </entry>
        <entry key="Debug">
          <value>
            <window_info anchor="bottom" id="Debug" order="3" weight="0.40008613" />
          </value>
        </entry>
        <entry key="Dynamic Program Analysis">
          <value>
            <window_info anchor="bottom" id="Dynamic Program Analysis" />
          </value>
        </entry>
        <entry key="Endpoints">
          <value>
            <window_info anchor="right" id="Endpoints" order="0" show_stripe_button="false" />
          </value>
        </entry>
        <entry key="File Transfer">
          <value>
            <window_info anchor="bottom" id="File Transfer" />
          </value>
        </entry>
        <entry key="Find">
          <value>
            <window_info anchor="bottom" id="Find" order="1" />
          </value>
        </entry>
        <entry key="IL Viewer">
          <value>
            <window_info anchor="right" id="IL Viewer" />
          </value>
        </entry>
        <entry key="Inspection">
          <value>
            <window_info anchor="bottom" id="Inspection" order="4" weight="0.4" />
          </value>
        </entry>
        <entry key="Notifications">
          <value>
            <window_info anchor="right" id="Notifications" order="0" weight="0.25" />
          </value>
        </entry>
        <entry key="NuGet">
          <value>
            <window_info anchor="bottom" id="NuGet" order="4" weight="0.3299712" />
          </value>
        </entry>
        <entry key="Problems View">
          <value>
            <window_info anchor="bottom" id="Problems View" order="4" weight="0.3303187" />
          </value>
        </entry>
        <entry key="Project">
          <value>
            <window_info active="true" content_ui="combo" id="Project" order="0" sideWeight="0.500817" visible="true" weight="0.19493738" />
          </value>
        </entry>
        <entry key="Pull Requests">
          <value>
            <window_info id="Pull Requests" />
          </value>
        </entry>
        <entry key="Run">
          <value>
            <window_info anchor="bottom" id="Run" order="2" visible="true" weight="0.32420748" />
          </value>
        </entry>
        <entry key="Services">
          <value>
            <window_info anchor="bottom" id="Services" order="4" show_stripe_button="false" />
          </value>
        </entry>
        <entry key="Space Code Reviews">
          <value>
            <window_info id="Space Code Reviews" />
          </value>
        </entry>
        <entry key="Structure">
          <value>
            <window_info id="Structure" order="0" side_tool="true" />
          </value>
        </entry>
        <entry key="TODO">
          <value>
            <window_info anchor="bottom" id="TODO" />
          </value>
        </entry>
        <entry key="Terminal">
          <value>
            <window_info anchor="bottom" id="Terminal" order="4" />
          </value>
        </entry>
        <entry key="TypeScript">
          <value>
            <window_info anchor="bottom" id="TypeScript" />
          </value>
        </entry>
        <entry key="Unit Tests">
          <value>
            <window_info anchor="bottom" id="Unit Tests" weight="0.3299712" />
          </value>
        </entry>
        <entry key="Unit Tests Coverage">
          <value>
            <window_info anchor="right" id="Unit Tests Coverage" />
          </value>
        </entry>
        <entry key="Version Control">
          <value>
            <window_info anchor="bottom" id="Version Control" order="0" weight="0.3299712" />
          </value>
        </entry>
        <entry key="documentation.v2">
          <value>
            <window_info anchor="right" id="documentation.v2" side_tool="true" />
          </value>
        </entry>
        <entry key="dotMemory Profiler">
          <value>
            <window_info anchor="bottom" id="dotMemory Profiler" />
          </value>
        </entry>
        <entry key="dotTrace Profiler">
          <value>
            <window_info anchor="bottom" id="dotTrace Profiler" />
          </value>
        </entry>
      </map>
    </option>
  </component>
  <component name="RunConfigurationStartHistory">
    <history>
      <element setting=".NET Project.Smurfing" />
    </history>
  </component>
  <component name="RunToolbarSettings">
    <option name="slotOrder">
      <option value="f746ea10-0d1a-4a02-8a8c-f1427add3569" />
    </option>
    <slots>
      <entry key="f746ea10-0d1a-4a02-8a8c-f1427add3569" value=".NET Project.Smurfing" />
    </slots>
  </component>
  <component name="TimeTrackingManager">
    <option name="totallyTimeSpent" value="18074000" />
  </component>
  <component name="TodoView">
    <todo-panel id="selected-file">
      <is-autoscroll-to-source value="true" />
    </todo-panel>
    <todo-panel id="all">
      <are-packages-shown value="true" />
      <is-autoscroll-to-source value="true" />
    </todo-panel>
  </component>
  <component name="ToolWindowManager">
    <editor active="true" />
    <layout>
      <window_info id="Space Code Reviews" />
      <window_info id="Bookmarks" sideWeight="0.499183" side_tool="true" weight="0.19493738" />
      <window_info id="Pull Requests" />
      <window_info x="959" y="131" width="315" height="949" id="Commit" type="FLOATING" weight="0.3300209" />
      <window_info id="Structure" order="0" side_tool="true" />
      <window_info active="true" content_ui="combo" id="Project" order="0" sideWeight="0.500817" visible="true" weight="0.19493738" />
      <window_info anchor="bottom" id="Database Changes" show_stripe_button="false" />
      <window_info anchor="bottom" id="TypeScript" />
      <window_info anchor="bottom" id="Dynamic Program Analysis" />
      <window_info anchor="bottom" id="TODO" />
      <window_info anchor="bottom" id="Unit Tests" weight="0.3299712" />
      <window_info anchor="bottom" id="dotTrace Profiler" />
      <window_info anchor="bottom" id="File Transfer" />
      <window_info anchor="bottom" id="dotMemory Profiler" />
      <window_info anchor="bottom" id="Version Control" order="0" weight="0.3299712" />
      <window_info anchor="bottom" id="Find" order="1" />
      <window_info anchor="bottom" id="Run" order="2" visible="true" weight="0.32420748" />
      <window_info anchor="bottom" id="Debug" order="3" weight="0.40008613" />
      <window_info anchor="bottom" id="Build" order="4" weight="0.3299712" />
      <window_info anchor="bottom" id="Inspection" order="4" weight="0.4" />
      <window_info anchor="bottom" id="Problems View" order="4" weight="0.3303187" />
      <window_info anchor="bottom" id="Terminal" order="4" />
      <window_info anchor="bottom" id="NuGet" order="4" weight="0.3299712" />
      <window_info anchor="bottom" id="Services" order="4" show_stripe_button="false" />
      <window_info anchor="right" id="Unit Tests Coverage" />
      <window_info anchor="right" id="IL Viewer" />
      <window_info anchor="right" id="documentation.v2" side_tool="true" />
      <window_info anchor="right" id="Endpoints" order="0" show_stripe_button="false" />
      <window_info anchor="right" id="Database" order="0" />
      <window_info anchor="right" id="Notifications" order="0" weight="0.25" />
      <unified_weights bottom="0.32420748" left="0.19493738" />
    </layout>
    <recentWindows>
      <value>Run</value>
      <value>Build</value>
      <value>Project</value>
    </recentWindows>
  </component>
  <component name="WindowStateProjectService">
    <state x="433" y="192" key="#com.intellij.execution.impl.EditConfigurationsDialog" timestamp="1700059520897">
      <screen x="0" y="0" width="1920" height="1080" />
    </state>
    <state x="433" y="192" key="#com.intellij.execution.impl.EditConfigurationsDialog/0.0.1920.1080@0.0.1920.1080" timestamp="1700059520897" />
    <state width="1874" height="309" key="GridCell.Tab.0.bottom" timestamp="1700061112101">
      <screen x="0" y="0" width="1920" height="1080" />
    </state>
    <state width="1874" height="309" key="GridCell.Tab.0.bottom/0.0.1920.1080@0.0.1920.1080" timestamp="1700061112101" />
    <state width="1874" height="309" key="GridCell.Tab.0.center" timestamp="1700061112101">
      <screen x="0" y="0" width="1920" height="1080" />
    </state>
    <state width="1874" height="309" key="GridCell.Tab.0.center/0.0.1920.1080@0.0.1920.1080" timestamp="1700061112101" />
    <state width="1874" height="309" key="GridCell.Tab.0.left" timestamp="1700061112101">
      <screen x="0" y="0" width="1920" height="1080" />
    </state>
    <state width="1874" height="309" key="GridCell.Tab.0.left/0.0.1920.1080@0.0.1920.1080" timestamp="1700061112101" />
    <state width="1874" height="309" key="GridCell.Tab.0.right" timestamp="1700061112101">
      <screen x="0" y="0" width="1920" height="1080" />
    </state>
    <state width="1874" height="309" key="GridCell.Tab.0.right/0.0.1920.1080@0.0.1920.1080" timestamp="1700061112101" />
  </component>
  <component name="editorHistoryManager">
    <entry file="file:///afs/cri.epita.fr/user/m/ma/marcus.poirot/u/epita-prepa-acdc-PROG-101-E-01-2028-marcus.poirot/Smurfing/Reading.cs">
      <provider selected="true" editor-type-id="text-editor">
        <state relative-caret-position="303">
          <caret line="19" column="31" selection-start-line="19" selection-start-column="31" selection-end-line="19" selection-end-column="31" />
          <folding>
            <marker date="1699893965000" expanded="false" signature="6:94" ph="..." />
            <marker date="1699893965000" expanded="true" signature="137:1011" ph="{...}" />
            <marker date="1699893965000" expanded="true" signature="188:1008" ph="{...}" />
            <marker date="1699893965000" expanded="true" signature="315:854" ph="{...}" />
            <marker date="1699893965000" expanded="true" signature="401:843" ph="{...}" />
            <marker date="1699893965000" expanded="true" signature="489:829" ph="{...}" />
            <marker date="1699893965000" expanded="true" signature="600:811" ph="{...}" />
            <marker date="1699893965000" expanded="true" signature="880:981" ph="{...}" />
          </folding>
        </state>
      </provider>
    </entry>
    <entry file="file://$PROJECT_DIR$/Smurfing/Mirror.cs">
      <provider selected="true" editor-type-id="text-editor">
        <state relative-caret-position="-10">
          <caret line="7" column="5" selection-start-line="7" selection-start-column="5" selection-end-line="7" selection-end-column="5" />
          <folding>
            <marker date="1700056862000" expanded="true" signature="40:394" ph="{...}" />
            <marker date="1700056862000" expanded="true" signature="86:119" ph="{...}" />
            <marker date="1700056862000" expanded="true" signature="196:392" ph="{...}" />
            <marker date="1700056862000" expanded="true" signature="239:308" ph="{...}" />
            <marker date="1700056862000" expanded="true" signature="321:386" ph="{...}" />
          </folding>
        </state>
      </provider>
    </entry>
    <entry file="file://$PROJECT_DIR$/Smurfing/Convert.cs">
      <provider selected="true" editor-type-id="text-editor">
        <state relative-caret-position="-10">
          <caret line="10" column="1" selection-start-line="10" selection-start-column="1" selection-end-line="10" selection-end-column="1" />
          <folding>
            <marker date="1700057341000" expanded="true" signature="41:187" ph="{...}" />
            <marker date="1700057341000" expanded="true" signature="101:182" ph="{...}" />
          </folding>
        </state>
      </provider>
    </entry>
    <entry file="file://$PROJECT_DIR$/Smurfing/Caesar.cs">
      <provider selected="true" editor-type-id="text-editor">
        <state relative-caret-position="-11">
          <caret line="50" column="9" selection-start-line="50" selection-start-column="9" selection-end-line="50" selection-end-column="9" />
          <folding>
            <marker date="1700056570000" expanded="true" signature="40:1106" ph="{...}" />
            <marker date="1700056570000" expanded="true" signature="90:853" ph="{...}" />
            <marker date="1700056570000" expanded="true" signature="333:829" ph="{...}" />
            <marker date="1700056570000" expanded="true" signature="364:446" ph="{...}" />
            <marker date="1700056570000" expanded="true" signature="480:562" ph="{...}" />
            <marker date="1700056570000" expanded="true" signature="595:677" ph="{...}" />
            <marker date="1700056570000" expanded="true" signature="911:1103" ph="{...}" />
            <marker date="1700056570000" expanded="true" signature="985:1077" ph="{...}" />
          </folding>
        </state>
      </provider>
    </entry>
    <entry file="file://$PROJECT_DIR$/Smurfing/Bakery.cs">
      <provider selected="true" editor-type-id="text-editor">
        <state relative-caret-position="-10">
          <caret line="10" column="4" selection-start-line="10" selection-start-column="4" selection-end-line="10" selection-end-column="4" />
          <folding>
            <marker date="1700056570000" expanded="true" signature="40:273" ph="{...}" />
            <marker date="1700056570000" expanded="true" signature="118:266" ph="{...}" />
          </folding>
        </state>
      </provider>
    </entry>
    <entry file="file://$PROJECT_DIR$/Smurfing/MyMaths.cs">
      <provider selected="true" editor-type-id="text-editor">
        <state relative-caret-position="-14">
          <caret line="76" selection-start-line="76" selection-end-line="76" />
          <folding>
            <marker date="1700052425000" expanded="true" signature="6:66" ph="..." />
            <marker date="1700052425000" expanded="true" signature="109:1318" ph="{...}" />
            <marker date="1700052425000" expanded="true" signature="153:487" ph="{...}" />
            <marker date="1700052425000" expanded="true" signature="341:452" ph="{...}" />
            <marker date="1700052425000" expanded="true" signature="524:671" ph="{...}" />
            <marker date="1700052425000" expanded="true" signature="577:642" ph="{...}" />
            <marker date="1700052425000" expanded="true" signature="712:844" ph="{...}" />
            <marker date="1700052425000" expanded="true" signature="775:818" ph="{...}" />
            <marker date="1700052425000" expanded="true" signature="885:962" ph="{...}" />
            <marker date="1700052425000" expanded="true" signature="1018:1315" ph="{...}" />
            <marker date="1700052425000" expanded="true" signature="1204:1279" ph="{...}" />
          </folding>
        </state>
      </provider>
    </entry>
    <entry file="file://$PROJECT_DIR$/Smurfing/Jumbling.cs">
      <provider selected="true" editor-type-id="text-editor">
        <state relative-caret-position="-10">
          <caret line="23" column="17" selection-start-line="23" selection-start-column="17" selection-end-line="23" selection-end-column="17" />
          <folding>
            <marker date="1700052048000" expanded="true" signature="62:933" ph="{...}" />
            <marker date="1700052048000" expanded="true" signature="109:620" ph="{...}" />
            <marker date="1700052048000" expanded="true" signature="200:520" ph="{...}" />
            <marker date="1700052048000" expanded="true" signature="301:510" ph="{...}" />
            <marker date="1700052048000" expanded="true" signature="364:470" ph="{...}" />
            <marker date="1700052048000" expanded="true" signature="663:931" ph="{...}" />
            <marker date="1700052048000" expanded="true" signature="821:868" ph="{...}" />
          </folding>
        </state>
      </provider>
    </entry>
    <entry file="file://$PROJECT_DIR$/Smurfing/Program.cs">
      <provider selected="true" editor-type-id="text-editor">
        <state relative-caret-position="420">
          <caret line="75" column="17" selection-start-line="75" selection-start-column="17" selection-end-line="75" selection-end-column="17" />
          <folding>
            <marker date="1700060816000" expanded="true" signature="101:3056" ph="/* bool a1 = Smurfing.MyMaths.IsArmstrong(9);     // a1 == true ... */" />
          </folding>
        </state>
      </provider>
    </entry>
    <entry file="file://$PROJECT_DIR$/Smurfing/Reading.cs">
      <provider selected="true" editor-type-id="text-editor">
        <state relative-caret-position="40">
          <caret line="20" column="37" selection-start-line="20" selection-start-column="37" selection-end-line="20" selection-end-column="37" />
          <folding>
            <marker date="1700061107000" expanded="true" signature="6:94" ph="..." />
            <marker date="1700061107000" expanded="true" signature="137:1500" ph="{...}" />
            <marker date="1700061107000" expanded="true" signature="188:950" ph="{...}" />
            <marker date="1700061107000" expanded="true" signature="314:796" ph="{...}" />
            <marker date="1700061107000" expanded="true" signature="400:786" ph="{...}" />
            <marker date="1700061107000" expanded="true" signature="442:772" ph="{...}" />
            <marker date="1700061107000" expanded="true" signature="550:754" ph="{...}" />
            <marker date="1700061107000" expanded="true" signature="822:923" ph="{...}" />
            <marker date="1700061107000" expanded="true" signature="995:1187" ph="{...}" />
            <marker date="1700061107000" expanded="true" signature="1095:1160" ph="{...}" />
            <marker date="1700061107000" expanded="true" signature="1234:1498" ph="{...}" />
            <marker date="1700061107000" expanded="true" signature="1407:1472" ph="{...}" />
          </folding>
        </state>
      </provider>
    </entry>
  </component>
</project>