<project version="4">
  <component name="BookmarksManager">
    <option name="groups">
      <GroupState>
        <option name="name" value="PartySmurf" />
      </GroupState>
    </option>
  </component>
  <component name="FileEditorManager">
    <leaf SIDE_TABS_SIZE_LIMIT_KEY="-1">
      <file current-in-tab="false">
        <entry file="file://$PROJECT_DIR$/PartySmurf/Matrix.cs">
          <provider selected="true" editor-type-id="text-editor">
            <state relative-caret-position="2398">
              <caret line="109" column="33" selection-start-line="109" selection-start-column="33" selection-end-line="109" selection-end-column="33" />
              <folding>
                <marker date="1700662766000" expanded="true" signature="42:2860" ph="{...}" />
                <marker date="1700662766000" expanded="true" signature="102:272" ph="{...}" />
                <marker date="1700662766000" expanded="true" signature="170:243" ph="{...}" />
                <marker date="1700662766000" expanded="true" signature="333:824" ph="{...}" />
                <marker date="1700662766000" expanded="true" signature="500:797" ph="{...}" />
                <marker date="1700662766000" expanded="true" signature="569:787" ph="{...}" />
                <marker date="1700662766000" expanded="true" signature="625:756" ph="{...}" />
                <marker date="1700662766000" expanded="true" signature="878:1199" ph="{...}" />
                <marker date="1700662766000" expanded="true" signature="1011:1172" ph="{...}" />
                <marker date="1700662766000" expanded="true" signature="1079:1149" ph="{...}" />
                <marker date="1700662766000" expanded="true" signature="1259:1505" ph="{...}" />
                <marker date="1700662766000" expanded="true" signature="1330:1477" ph="{...}" />
                <marker date="1700662766000" expanded="true" signature="1378:1467" ph="{...}" />
                <marker date="1700662766000" expanded="true" signature="1558:2465" ph="{...}" />
                <marker date="1700662766000" expanded="true" signature="1774:2001" ph="{...}" />
                <marker date="1700662766000" expanded="true" signature="1839:1991" ph="{...}" />
                <marker date="1700662766000" expanded="true" signature="1897:1977" ph="{...}" />
                <marker date="1700662766000" expanded="true" signature="2056:2427" ph="{...}" />
                <marker date="1700662766000" expanded="true" signature="2121:2327" ph="{...}" />
                <marker date="1700662766000" expanded="true" signature="2243:2313" ph="{...}" />
                <marker date="1700662766000" expanded="true" signature="2507:2856" ph="{...}" />
                <marker date="1700662766000" expanded="true" signature="2589:2829" ph="{...}" />
                <marker date="1700662766000" expanded="true" signature="2730:2819" ph="{...}" />
              </folding>
            </state>
          </provider>
        </entry>
      </file>
      <file>
        <entry file="file://$PROJECT_DIR$/PartySmurf/PackingBags.cs">
          <provider selected="true" editor-type-id="text-editor">
            <state relative-caret-position="305">
              <caret line="74" selection-start-line="74" selection-end-line="74" />
              <folding>
                <marker date="1700667331000" expanded="true" signature="47:2235" ph="{...}" />
                <marker date="1700667331000" expanded="true" signature="107:351" ph="{...}" />
                <marker date="1700667331000" expanded="true" signature="227:322" ph="{...}" />
                <marker date="1700667331000" expanded="true" signature="406:589" ph="{...}" />
                <marker date="1700667331000" expanded="true" signature="482:560" ph="{...}" />
                <marker date="1700667331000" expanded="true" signature="645:1190" ph="{...}" />
                <marker date="1700667331000" expanded="true" signature="797:1044" ph="{...}" />
                <marker date="1700667331000" expanded="true" signature="916:1034" ph="{...}" />
                <marker date="1700667331000" expanded="true" signature="1246:1604" ph="{...}" />
                <marker date="1700667331000" expanded="true" signature="1303:1553" ph="/* string res = &quot;&quot;; ... */" />
                <marker date="1700667331000" expanded="true" signature="1674:1855" ph="{...}" />
                <marker date="1700667331000" expanded="true" signature="1918:2122" ph="{...}" />
                <marker date="1700667331000" expanded="true" signature="2192:2224" ph="{...}" />
              </folding>
            </state>
          </provider>
        </entry>
      </file>
      <file current-in-tab="false">
        <entry file="file://$PROJECT_DIR$/PartySmurf/HelpBrainy.cs">
          <provider selected="true" editor-type-id="text-editor">
            <state relative-caret-position="484">
              <caret line="22" column="20" selection-start-line="22" selection-start-column="20" selection-end-line="22" selection-end-column="20" />
              <folding>
                <marker date="1700665578000" expanded="true" signature="46:426" ph="{...}" />
                <marker date="1700665578000" expanded="true" signature="112:145" ph="{...}" />
                <marker date="1700665578000" expanded="true" signature="208:250" ph="{...}" />
                <marker date="1700665578000" expanded="true" signature="313:346" ph="{...}" />
                <marker date="1700665578000" expanded="true" signature="390:423" ph="{...}" />
              </folding>
            </state>
          </provider>
        </entry>
      </file>
      <file current-in-tab="false">
        <entry file="file://$PROJECT_DIR$/PartySmurf/Bungalow.cs">
          <provider selected="true" editor-type-id="text-editor">
            <state relative-caret-position="1122">
              <caret line="51" column="9" selection-start-line="51" selection-start-column="9" selection-end-line="51" selection-end-column="9" />
              <folding>
                <marker date="1700663682000" expanded="true" signature="82:1720" ph="{...}" />
                <marker date="1700663682000" expanded="true" signature="186:262" ph="{...}" />
                <marker date="1700663682000" expanded="true" signature="353:530" ph="{...}" />
                <marker date="1700663682000" expanded="true" signature="575:765" ph="{...}" />
                <marker date="1700663682000" expanded="true" signature="660:759" ph="{...}" />
                <marker date="1700663682000" expanded="true" signature="826:1004" ph="{...}" />
                <marker date="1700663682000" expanded="true" signature="901:979" ph="{...}" />
                <marker date="1700663682000" expanded="true" signature="1075:1356" ph="{...}" />
                <marker date="1700663682000" expanded="true" signature="1207:1327" ph="{...}" />
                <marker date="1700663682000" expanded="true" signature="1255:1316" ph="{...}" />
                <marker date="1700663682000" expanded="true" signature="1403:1713" ph="{...}" />
                <marker date="1700663682000" expanded="true" signature="1455:1707" ph="{...}" />
                <marker date="1700663682000" expanded="true" signature="1521:1697" ph="{...}" />
                <marker date="1700663682000" expanded="true" signature="1578:1683" ph="{...}" />
              </folding>
            </state>
          </provider>
        </entry>
      </file>
      <file current-in-tab="false">
        <entry file="file://$PROJECT_DIR$/PartySmurf/Program.cs">
          <provider selected="true" editor-type-id="text-editor">
            <state relative-caret-position="3520">
              <caret line="160" column="24" selection-start-line="160" selection-start-column="24" selection-end-line="160" selection-end-column="24" />
              <folding>
                <marker date="1700666389000" expanded="true" signature="89:613" ph="/* string[] createBungalow = PartySmurf.Bungalow.CreateBungalow(&quot;brainy smurf&quot;, &quot;hefty smurf&quot;, &quot;clumsy smurf&quot;, &quot;j ... */" />
                <marker date="1700666389000" expanded="true" signature="615:4395" ph="/* string[] bungalow = PartySmurf.Bungalow.CreateBungalow(&quot;brainy smurf&quot;, &quot;hefty smurf&quot;, &quot;clumsy smurf&quot;, &quot;jokey s ... */" />
                <marker date="1700666389000" expanded="true" signature="4396:4640" ph="/* int[][] secondCrashLocker2 = new int[2][]; ... */" />
                <marker date="1700666389000" expanded="true" signature="4641:5795" ph="/* int[][] pasc = PartySmurf.Matrix.Pascal(4); ... */" />
              </folding>
            </state>
          </provider>
        </entry>
      </file>
    </leaf>
  </component>
  <component name="FileTypeUsageLocalSummary">
    <fileType name="C#">
      <summary usageCount="23" lastUsed="1700760021731" />
    </fileType>
  </component>
  <component name="IdeDocumentHistory">
    <changedPaths>
      <option value="/afs/cri.epita.fr/user/m/ma/marcus.poirot/u/epita-prepa-acdc-PROG-102-P-01-2028-marcus.poirot/PartySmurf/Matrix.cs" />
      <option value="/afs/cri.epita.fr/user/m/ma/marcus.poirot/u/epita-prepa-acdc-PROG-102-P-01-2028-marcus.poirot/PartySmurf/Program.cs" />
      <option value="$PROJECT_DIR$/PartySmurf/Matrix.cs" />
      <option value="$PROJECT_DIR$/PartySmurf/Bungalow.cs" />
      <option value="$PROJECT_DIR$/PartySmurf/HelpBrainy.cs" />
      <option value="$PROJECT_DIR$/PartySmurf/Program.cs" />
      <option value="$PROJECT_DIR$/PartySmurf/PackingBags.cs" />
    </changedPaths>
  </component>
  <component name="IgnoredFileRootStore">
    <option name="generatedRoots">
      <set>
        <option value="$PROJECT_DIR$/.idea/.idea.PartySmurf/.idea" />
      </set>
    </option>
  </component>
  <component name="LanguageUsageStatistics">
    <language id="C#">
      <summary usageCount="23" lastUsage="1700760021731" />
    </language>
  </component>
  <component name="ProjectView">
    <navigator currentView="SolutionExplorer" proportions="0.9" version="1" />
    <panes>
      <pane id="SolutionExplorer">
        <subPane>
          <expand>
            <path>
              <item name="Project" type="784c90a0:SolutionExplorerRootNode" />
              <item name="PartySmurf" type="24d0babc:SolutionExplorerModelNode" />
            </path>
            <path>
              <item name="Project" type="784c90a0:SolutionExplorerRootNode" />
              <item name="PartySmurf" type="24d0babc:SolutionExplorerModelNode" />
              <item name="PartySmurf" type="24d0babc:SolutionExplorerModelNode" />
            </path>
          </expand>
          <select>
            <path>
              <item name="Project" type="784c90a0:SolutionExplorerRootNode" />
              <item name="PartySmurf" type="24d0babc:SolutionExplorerModelNode" />
            </path>
          </select>
        </subPane>
        <option name="show-all-files" value="false" />
        <option name="show-project-imports" value="true" />
        <option name="autoscroll-all" value="false" />
        <option name="show-scratches" value="true" />
        <option name="search-dependencies" value="false" />
        <option name="show-unreal-project-files" value="true" />
      </pane>
      <pane id="AssemblyExplorer" />
      <pane id="FileSystemExplorer" />
    </panes>
  </component>
  <component name="RiderPerAppToolWindowOpenedTWKeeper">
    <option name="map">
      <map>
        <entry key="Bookmarks">
          <value>
            <window_info id="Bookmarks" sideWeight="0.499183" side_tool="true" weight="0.19493738" />
          </value>
        </entry>
        <entry key="Build">
          <value>
            <window_info anchor="bottom" id="Build" order="4" weight="0.3299712" />
          </value>
        </entry>
        <entry key="Commit">
          <value>
            <window_info x="959" y="131" width="315" height="949" id="Commit" type="FLOATING" weight="0.3300209" />
          </value>
        </entry>
        <entry key="Database">
          <value>
            <window_info anchor="right" id="Database" order="0" />
          </value>
        </entry>
        <entry key="Database Changes">
          <value>
            <window_info anchor="bottom" id="Database Changes" show_stripe_button="false" />
          </value>
        </entry>
        <entry key="Debug">
          <value>
            <window_info anchor="bottom" id="Debug" order="3" weight="0.40009606" />
          </value>
        </entry>
        <entry key="Dynamic Program Analysis">
          <value>
            <window_info anchor="bottom" id="Dynamic Program Analysis" />
          </value>
        </entry>
        <entry key="Endpoints">
          <value>
            <window_info anchor="right" id="Endpoints" order="0" show_stripe_button="false" />
          </value>
        </entry>
        <entry key="File Transfer">
          <value>
            <window_info anchor="bottom" id="File Transfer" />
          </value>
        </entry>
        <entry key="Find">
          <value>
            <window_info anchor="bottom" id="Find" order="1" />
          </value>
        </entry>
        <entry key="IL Viewer">
          <value>
            <window_info anchor="right" id="IL Viewer" />
          </value>
        </entry>
        <entry key="Inspection">
          <value>
            <window_info anchor="bottom" id="Inspection" order="4" weight="0.4" />
          </value>
        </entry>
        <entry key="Notifications">
          <value>
            <window_info anchor="right" id="Notifications" order="0" weight="0.25" />
          </value>
        </entry>
        <entry key="NuGet">
          <value>
            <window_info anchor="bottom" id="NuGet" order="4" weight="0.3299712" />
          </value>
        </entry>
        <entry key="Problems View">
          <value>
            <window_info anchor="bottom" id="Problems View" order="4" weight="0.3299712" />
          </value>
        </entry>
        <entry key="Project">
          <value>
            <window_info active="true" content_ui="combo" id="Project" order="0" sideWeight="0.500817" visible="true" weight="0.19493738" />
          </value>
        </entry>
        <entry key="Pull Requests">
          <value>
            <window_info id="Pull Requests" />
          </value>
        </entry>
        <entry key="Run">
          <value>
            <window_info active="true" anchor="bottom" id="Run" order="2" weight="0.32420748" />
          </value>
        </entry>
        <entry key="Services">
          <value>
            <window_info anchor="bottom" id="Services" order="4" show_stripe_button="false" />
          </value>
        </entry>
        <entry key="Space Code Reviews">
          <value>
            <window_info id="Space Code Reviews" />
          </value>
        </entry>
        <entry key="Structure">
          <value>
            <window_info id="Structure" order="0" side_tool="true" />
          </value>
        </entry>
        <entry key="TODO">
          <value>
            <window_info anchor="bottom" id="TODO" />
          </value>
        </entry>
        <entry key="Terminal">
          <value>
            <window_info anchor="bottom" id="Terminal" order="4" />
          </value>
        </entry>
        <entry key="TypeScript">
          <value>
            <window_info anchor="bottom" id="TypeScript" />
          </value>
        </entry>
        <entry key="Unit Tests">
          <value>
            <window_info anchor="bottom" id="Unit Tests" weight="0.3299712" />
          </value>
        </entry>
        <entry key="Unit Tests Coverage">
          <value>
            <window_info anchor="right" id="Unit Tests Coverage" />
          </value>
        </entry>
        <entry key="Version Control">
          <value>
            <window_info anchor="bottom" id="Version Control" order="0" weight="0.3299712" />
          </value>
        </entry>
        <entry key="documentation.v2">
          <value>
            <window_info anchor="right" id="documentation.v2" side_tool="true" />
          </value>
        </entry>
        <entry key="dotMemory Profiler">
          <value>
            <window_info anchor="bottom" id="dotMemory Profiler" />
          </value>
        </entry>
        <entry key="dotTrace Profiler">
          <value>
            <window_info anchor="bottom" id="dotTrace Profiler" />
          </value>
        </entry>
      </map>
    </option>
  </component>
  <component name="RunConfigurationStartHistory">
    <history>
      <element setting=".NET Project.PartySmurf" />
    </history>
  </component>
  <component name="RunToolbarSettings">
    <option name="slotOrder">
      <option value="f7b4ed77-4936-4fb4-919d-7352ec622342" />
    </option>
    <slots>
      <entry key="f7b4ed77-4936-4fb4-919d-7352ec622342" value=".NET Project.PartySmurf" />
    </slots>
  </component>
  <component name="TimeTrackingManager">
    <option name="totallyTimeSpent" value="16161000" />
  </component>
  <component name="TodoView">
    <todo-panel id="selected-file">
      <is-autoscroll-to-source value="true" />
    </todo-panel>
    <todo-panel id="all">
      <are-packages-shown value="true" />
      <is-autoscroll-to-source value="true" />
    </todo-panel>
  </component>
  <component name="ToolWindowManager">
    <layout>
      <window_info id="Space Code Reviews" />
      <window_info id="Bookmarks" sideWeight="0.499183" side_tool="true" weight="0.19493738" />
      <window_info id="Pull Requests" />
      <window_info x="959" y="131" width="315" height="949" id="Commit" type="FLOATING" weight="0.3300209" />
      <window_info id="Structure" order="0" side_tool="true" />
      <window_info active="true" content_ui="combo" id="Project" order="0" sideWeight="0.500817" visible="true" weight="0.19493738" />
      <window_info anchor="bottom" id="Database Changes" show_stripe_button="false" />
      <window_info anchor="bottom" id="TypeScript" />
      <window_info anchor="bottom" id="Dynamic Program Analysis" />
      <window_info anchor="bottom" id="TODO" />
      <window_info anchor="bottom" id="Unit Tests" weight="0.3299712" />
      <window_info anchor="bottom" id="dotTrace Profiler" />
      <window_info anchor="bottom" id="File Transfer" />
      <window_info anchor="bottom" id="dotMemory Profiler" />
      <window_info anchor="bottom" id="Version Control" order="0" weight="0.3299712" />
      <window_info anchor="bottom" id="Find" order="1" />
      <window_info active="true" anchor="bottom" id="Run" order="2" weight="0.32420748" />
      <window_info anchor="bottom" id="Debug" order="3" weight="0.40009606" />
      <window_info anchor="bottom" id="Build" order="4" weight="0.3299712" />
      <window_info anchor="bottom" id="Inspection" order="4" weight="0.4" />
      <window_info anchor="bottom" id="Problems View" order="4" weight="0.3299712" />
      <window_info anchor="bottom" id="Terminal" order="4" />
      <window_info anchor="bottom" id="NuGet" order="4" weight="0.3299712" />
      <window_info anchor="bottom" id="Services" order="4" show_stripe_button="false" />
      <window_info anchor="right" id="Unit Tests Coverage" />
      <window_info anchor="right" id="IL Viewer" />
      <window_info anchor="right" id="documentation.v2" side_tool="true" />
      <window_info anchor="right" id="Endpoints" order="0" show_stripe_button="false" />
      <window_info anchor="right" id="Database" order="0" />
      <window_info anchor="right" id="Notifications" order="0" weight="0.25" />
      <unified_weights bottom="0.3299712" left="0.19493738" />
    </layout>
  </component>
  <component name="WindowStateProjectService">
    <state width="1874" height="388" key="GridCell.Tab.0.bottom" timestamp="1700667334004">
      <screen x="0" y="0" width="1920" height="1080" />
    </state>
    <state width="1874" height="388" key="GridCell.Tab.0.bottom/0.0.1920.1080@0.0.1920.1080" timestamp="1700667334004" />
    <state width="1874" height="348" key="GridCell.Tab.0.bottom/0.0.1920.1200@0.0.1920.1200" timestamp="1700589882605" />
    <state width="1874" height="388" key="GridCell.Tab.0.center" timestamp="1700667334004">
      <screen x="0" y="0" width="1920" height="1080" />
    </state>
    <state width="1874" height="388" key="GridCell.Tab.0.center/0.0.1920.1080@0.0.1920.1080" timestamp="1700667334004" />
    <state width="1874" height="348" key="GridCell.Tab.0.center/0.0.1920.1200@0.0.1920.1200" timestamp="1700589882605" />
    <state width="1874" height="388" key="GridCell.Tab.0.left" timestamp="1700667334004">
      <screen x="0" y="0" width="1920" height="1080" />
    </state>
    <state width="1874" height="388" key="GridCell.Tab.0.left/0.0.1920.1080@0.0.1920.1080" timestamp="1700667334004" />
    <state width="1874" height="348" key="GridCell.Tab.0.left/0.0.1920.1200@0.0.1920.1200" timestamp="1700589882605" />
    <state width="1874" height="388" key="GridCell.Tab.0.right" timestamp="1700667334004">
      <screen x="0" y="0" width="1920" height="1080" />
    </state>
    <state width="1874" height="388" key="GridCell.Tab.0.right/0.0.1920.1080@0.0.1920.1080" timestamp="1700667334004" />
    <state width="1874" height="348" key="GridCell.Tab.0.right/0.0.1920.1200@0.0.1920.1200" timestamp="1700589882605" />
    <state width="1874" height="388" key="GridCell.Tab.1.bottom" timestamp="1700667334004">
      <screen x="0" y="0" width="1920" height="1080" />
    </state>
    <state width="1874" height="388" key="GridCell.Tab.1.bottom/0.0.1920.1080@0.0.1920.1080" timestamp="1700667334004" />
    <state width="1874" height="388" key="GridCell.Tab.1.center" timestamp="1700667334004">
      <screen x="0" y="0" width="1920" height="1080" />
    </state>
    <state width="1874" height="388" key="GridCell.Tab.1.center/0.0.1920.1080@0.0.1920.1080" timestamp="1700667334004" />
    <state width="1874" height="388" key="GridCell.Tab.1.left" timestamp="1700667334004">
      <screen x="0" y="0" width="1920" height="1080" />
    </state>
    <state width="1874" height="388" key="GridCell.Tab.1.left/0.0.1920.1080@0.0.1920.1080" timestamp="1700667334004" />
    <state width="1874" height="388" key="GridCell.Tab.1.right" timestamp="1700667334004">
      <screen x="0" y="0" width="1920" height="1080" />
    </state>
    <state width="1874" height="388" key="GridCell.Tab.1.right/0.0.1920.1080@0.0.1920.1080" timestamp="1700667334004" />
    <state width="1874" height="388" key="GridCell.Tab.2.bottom" timestamp="1700667334004">
      <screen x="0" y="0" width="1920" height="1080" />
    </state>
    <state width="1874" height="388" key="GridCell.Tab.2.bottom/0.0.1920.1080@0.0.1920.1080" timestamp="1700667334004" />
    <state width="1874" height="388" key="GridCell.Tab.2.center" timestamp="1700667334004">
      <screen x="0" y="0" width="1920" height="1080" />
    </state>
    <state width="1874" height="388" key="GridCell.Tab.2.center/0.0.1920.1080@0.0.1920.1080" timestamp="1700667334004" />
    <state width="1874" height="388" key="GridCell.Tab.2.left" timestamp="1700667334004">
      <screen x="0" y="0" width="1920" height="1080" />
    </state>
    <state width="1874" height="388" key="GridCell.Tab.2.left/0.0.1920.1080@0.0.1920.1080" timestamp="1700667334004" />
    <state width="1874" height="388" key="GridCell.Tab.2.right" timestamp="1700667334004">
      <screen x="0" y="0" width="1920" height="1080" />
    </state>
    <state width="1874" height="388" key="GridCell.Tab.2.right/0.0.1920.1080@0.0.1920.1080" timestamp="1700667334004" />
    <state width="1874" height="388" key="GridCell.Tab.3.bottom" timestamp="1700667334004">
      <screen x="0" y="0" width="1920" height="1080" />
    </state>
    <state width="1874" height="388" key="GridCell.Tab.3.bottom/0.0.1920.1080@0.0.1920.1080" timestamp="1700667334004" />
    <state width="1874" height="388" key="GridCell.Tab.3.center" timestamp="1700667334004">
      <screen x="0" y="0" width="1920" height="1080" />
    </state>
    <state width="1874" height="388" key="GridCell.Tab.3.center/0.0.1920.1080@0.0.1920.1080" timestamp="1700667334004" />
    <state width="1874" height="388" key="GridCell.Tab.3.left" timestamp="1700667334004">
      <screen x="0" y="0" width="1920" height="1080" />
    </state>
    <state width="1874" height="388" key="GridCell.Tab.3.left/0.0.1920.1080@0.0.1920.1080" timestamp="1700667334004" />
    <state width="1874" height="388" key="GridCell.Tab.3.right" timestamp="1700667334004">
      <screen x="0" y="0" width="1920" height="1080" />
    </state>
    <state width="1874" height="388" key="GridCell.Tab.3.right/0.0.1920.1080@0.0.1920.1080" timestamp="1700667334004" />
    <state width="1874" height="388" key="GridCell.Tab.4.bottom" timestamp="1700667334004">
      <screen x="0" y="0" width="1920" height="1080" />
    </state>
    <state width="1874" height="388" key="GridCell.Tab.4.bottom/0.0.1920.1080@0.0.1920.1080" timestamp="1700667334004" />
    <state width="1874" height="388" key="GridCell.Tab.4.center" timestamp="1700667334004">
      <screen x="0" y="0" width="1920" height="1080" />
    </state>
    <state width="1874" height="388" key="GridCell.Tab.4.center/0.0.1920.1080@0.0.1920.1080" timestamp="1700667334004" />
    <state width="1874" height="388" key="GridCell.Tab.4.left" timestamp="1700667334004">
      <screen x="0" y="0" width="1920" height="1080" />
    </state>
    <state width="1874" height="388" key="GridCell.Tab.4.left/0.0.1920.1080@0.0.1920.1080" timestamp="1700667334004" />
    <state width="1874" height="388" key="GridCell.Tab.4.right" timestamp="1700667334004">
      <screen x="0" y="0" width="1920" height="1080" />
    </state>
    <state width="1874" height="388" key="GridCell.Tab.4.right/0.0.1920.1080@0.0.1920.1080" timestamp="1700667334004" />
    <state x="555" y="325" width="804" height="520" key="Rider.ProjectTemplateDialog.Size" timestamp="1700585148551">
      <screen x="0" y="0" width="1920" height="1200" />
    </state>
    <state x="555" y="325" width="804" height="520" key="Rider.ProjectTemplateDialog.Size/0.0.1920.1200@0.0.1920.1200" timestamp="1700585148551" />
  </component>
  <component name="editorHistoryManager">
    <entry file="file:///afs/cri.epita.fr/user/m/ma/marcus.poirot/u/epita-prepa-acdc-PROG-102-P-01-2028-marcus.poirot/PartySmurf/Bungalow.cs">
      <provider selected="true" editor-type-id="text-editor">
        <state relative-caret-position="372">
          <caret line="27" column="16" selection-start-line="27" selection-start-column="16" selection-end-line="27" selection-end-column="16" />
          <folding>
            <marker date="1700587686000" expanded="true" signature="82:1759" ph="{...}" />
            <marker date="1700587686000" expanded="true" signature="186:262" ph="{...}" />
            <marker date="1700587686000" expanded="true" signature="353:448" ph="{...}" />
            <marker date="1700587686000" expanded="true" signature="609:749" ph="{...}" />
            <marker date="1700587686000" expanded="true" signature="695:733" ph="{...}" />
          </folding>
        </state>
      </provider>
    </entry>
    <entry file="file:///afs/cri.epita.fr/user/m/ma/marcus.poirot/u/epita-prepa-acdc-PROG-102-P-01-2028-marcus.poirot/PartySmurf/Matrix.cs">
      <provider selected="true" editor-type-id="text-editor">
        <state relative-caret-position="3">
          <caret line="32" column="17" lean-forward="true" selection-start-line="32" selection-start-column="17" selection-end-line="32" selection-end-column="17" />
          <folding>
            <marker date="1700589913000" expanded="true" signature="42:1283" ph="{...}" />
            <marker date="1700589913000" expanded="true" signature="102:272" ph="{...}" />
            <marker date="1700589913000" expanded="true" signature="170:243" ph="{...}" />
            <marker date="1700589913000" expanded="true" signature="333:824" ph="{...}" />
            <marker date="1700589913000" expanded="true" signature="500:797" ph="{...}" />
            <marker date="1700589913000" expanded="true" signature="569:787" ph="{...}" />
            <marker date="1700589913000" expanded="true" signature="625:756" ph="{...}" />
            <marker date="1700589913000" expanded="true" signature="878:1199" ph="{...}" />
            <marker date="1700589913000" expanded="true" signature="1011:1147" ph="{...}" />
            <marker date="1700589913000" expanded="true" signature="1079:1124" ph="{...}" />
          </folding>
        </state>
      </provider>
    </entry>
    <entry file="file:///afs/cri.epita.fr/user/m/ma/marcus.poirot/u/epita-prepa-acdc-PROG-102-P-01-2028-marcus.poirot/PartySmurf/Program.cs">
      <provider selected="true" editor-type-id="text-editor">
        <state relative-caret-position="437">
          <caret line="90" column="18" selection-start-line="90" selection-start-column="18" selection-end-line="90" selection-end-column="18" />
          <folding>
            <marker date="1700589900000" expanded="true" signature="89:613" ph="/* string[] createBungalow = PartySmurf.Bungalow.CreateBungalow(&quot;brainy smurf&quot;, &quot;hefty smurf&quot;, &quot;clumsy smurf&quot;, &quot;j ... */" />
            <marker date="1700589900000" expanded="true" signature="615:2844" ph="/* string[] bungalow = PartySmurf.Bungalow.CreateBungalow(&quot;brainy smurf&quot;, &quot;hefty smurf&quot;, &quot;clumsy smurf&quot;, &quot;jokey s ... */" />
            <marker date="1700589900000" expanded="true" signature="3354:3358" ph="{...}" />
          </folding>
        </state>
      </provider>
    </entry>
    <entry file="file://$PROJECT_DIR$/PartySmurf/Matrix.cs">
      <provider selected="true" editor-type-id="text-editor">
        <state relative-caret-position="2398">
          <caret line="109" column="33" selection-start-line="109" selection-start-column="33" selection-end-line="109" selection-end-column="33" />
          <folding>
            <marker date="1700662766000" expanded="true" signature="42:2860" ph="{...}" />
            <marker date="1700662766000" expanded="true" signature="102:272" ph="{...}" />
            <marker date="1700662766000" expanded="true" signature="170:243" ph="{...}" />
            <marker date="1700662766000" expanded="true" signature="333:824" ph="{...}" />
            <marker date="1700662766000" expanded="true" signature="500:797" ph="{...}" />
            <marker date="1700662766000" expanded="true" signature="569:787" ph="{...}" />
            <marker date="1700662766000" expanded="true" signature="625:756" ph="{...}" />
            <marker date="1700662766000" expanded="true" signature="878:1199" ph="{...}" />
            <marker date="1700662766000" expanded="true" signature="1011:1172" ph="{...}" />
            <marker date="1700662766000" expanded="true" signature="1079:1149" ph="{...}" />
            <marker date="1700662766000" expanded="true" signature="1259:1505" ph="{...}" />
            <marker date="1700662766000" expanded="true" signature="1330:1477" ph="{...}" />
            <marker date="1700662766000" expanded="true" signature="1378:1467" ph="{...}" />
            <marker date="1700662766000" expanded="true" signature="1558:2465" ph="{...}" />
            <marker date="1700662766000" expanded="true" signature="1774:2001" ph="{...}" />
            <marker date="1700662766000" expanded="true" signature="1839:1991" ph="{...}" />
            <marker date="1700662766000" expanded="true" signature="1897:1977" ph="{...}" />
            <marker date="1700662766000" expanded="true" signature="2056:2427" ph="{...}" />
            <marker date="1700662766000" expanded="true" signature="2121:2327" ph="{...}" />
            <marker date="1700662766000" expanded="true" signature="2243:2313" ph="{...}" />
            <marker date="1700662766000" expanded="true" signature="2507:2856" ph="{...}" />
            <marker date="1700662766000" expanded="true" signature="2589:2829" ph="{...}" />
            <marker date="1700662766000" expanded="true" signature="2730:2819" ph="{...}" />
          </folding>
        </state>
      </provider>
    </entry>
    <entry file="file://$PROJECT_DIR$/PartySmurf/HelpBrainy.cs">
      <provider selected="true" editor-type-id="text-editor">
        <state relative-caret-position="484">
          <caret line="22" column="20" selection-start-line="22" selection-start-column="20" selection-end-line="22" selection-end-column="20" />
          <folding>
            <marker date="1700665578000" expanded="true" signature="46:426" ph="{...}" />
            <marker date="1700665578000" expanded="true" signature="112:145" ph="{...}" />
            <marker date="1700665578000" expanded="true" signature="208:250" ph="{...}" />
            <marker date="1700665578000" expanded="true" signature="313:346" ph="{...}" />
            <marker date="1700665578000" expanded="true" signature="390:423" ph="{...}" />
          </folding>
        </state>
      </provider>
    </entry>
    <entry file="file://$PROJECT_DIR$/PartySmurf/Bungalow.cs">
      <provider selected="true" editor-type-id="text-editor">
        <state relative-caret-position="1122">
          <caret line="51" column="9" selection-start-line="51" selection-start-column="9" selection-end-line="51" selection-end-column="9" />
          <folding>
            <marker date="1700663682000" expanded="true" signature="82:1720" ph="{...}" />
            <marker date="1700663682000" expanded="true" signature="186:262" ph="{...}" />
            <marker date="1700663682000" expanded="true" signature="353:530" ph="{...}" />
            <marker date="1700663682000" expanded="true" signature="575:765" ph="{...}" />
            <marker date="1700663682000" expanded="true" signature="660:759" ph="{...}" />
            <marker date="1700663682000" expanded="true" signature="826:1004" ph="{...}" />
            <marker date="1700663682000" expanded="true" signature="901:979" ph="{...}" />
            <marker date="1700663682000" expanded="true" signature="1075:1356" ph="{...}" />
            <marker date="1700663682000" expanded="true" signature="1207:1327" ph="{...}" />
            <marker date="1700663682000" expanded="true" signature="1255:1316" ph="{...}" />
            <marker date="1700663682000" expanded="true" signature="1403:1713" ph="{...}" />
            <marker date="1700663682000" expanded="true" signature="1455:1707" ph="{...}" />
            <marker date="1700663682000" expanded="true" signature="1521:1697" ph="{...}" />
            <marker date="1700663682000" expanded="true" signature="1578:1683" ph="{...}" />
          </folding>
        </state>
      </provider>
    </entry>
    <entry file="file://$PROJECT_DIR$/PartySmurf/Program.cs">
      <provider selected="true" editor-type-id="text-editor">
        <state relative-caret-position="3520">
          <caret line="160" column="24" selection-start-line="160" selection-start-column="24" selection-end-line="160" selection-end-column="24" />
          <folding>
            <marker date="1700666389000" expanded="true" signature="89:613" ph="/* string[] createBungalow = PartySmurf.Bungalow.CreateBungalow(&quot;brainy smurf&quot;, &quot;hefty smurf&quot;, &quot;clumsy smurf&quot;, &quot;j ... */" />
            <marker date="1700666389000" expanded="true" signature="615:4395" ph="/* string[] bungalow = PartySmurf.Bungalow.CreateBungalow(&quot;brainy smurf&quot;, &quot;hefty smurf&quot;, &quot;clumsy smurf&quot;, &quot;jokey s ... */" />
            <marker date="1700666389000" expanded="true" signature="4396:4640" ph="/* int[][] secondCrashLocker2 = new int[2][]; ... */" />
            <marker date="1700666389000" expanded="true" signature="4641:5795" ph="/* int[][] pasc = PartySmurf.Matrix.Pascal(4); ... */" />
          </folding>
        </state>
      </provider>
    </entry>
    <entry file="file://$PROJECT_DIR$/PartySmurf/PackingBags.cs">
      <provider selected="true" editor-type-id="text-editor">
        <state relative-caret-position="305">
          <caret line="74" selection-start-line="74" selection-end-line="74" />
          <folding>
            <marker date="1700667331000" expanded="true" signature="47:2235" ph="{...}" />
            <marker date="1700667331000" expanded="true" signature="107:351" ph="{...}" />
            <marker date="1700667331000" expanded="true" signature="227:322" ph="{...}" />
            <marker date="1700667331000" expanded="true" signature="406:589" ph="{...}" />
            <marker date="1700667331000" expanded="true" signature="482:560" ph="{...}" />
            <marker date="1700667331000" expanded="true" signature="645:1190" ph="{...}" />
            <marker date="1700667331000" expanded="true" signature="797:1044" ph="{...}" />
            <marker date="1700667331000" expanded="true" signature="916:1034" ph="{...}" />
            <marker date="1700667331000" expanded="true" signature="1246:1604" ph="{...}" />
            <marker date="1700667331000" expanded="true" signature="1303:1553" ph="/* string res = &quot;&quot;; ... */" />
            <marker date="1700667331000" expanded="true" signature="1674:1855" ph="{...}" />
            <marker date="1700667331000" expanded="true" signature="1918:2122" ph="{...}" />
            <marker date="1700667331000" expanded="true" signature="2192:2224" ph="{...}" />
          </folding>
        </state>
      </provider>
    </entry>
  </component>
</project>