<project version="4">
  <component name="BookmarksManager">
    <option name="groups">
      <GroupState>
        <option name="name" value="SmurfBot" />
      </GroupState>
    </option>
  </component>
  <component name="FileEditorManager">
    <leaf SIDE_TABS_SIZE_LIMIT_KEY="-1">
      <file current-in-tab="false">
        <entry file="file://$PROJECT_DIR$/SmurfBot/Proficiencies/Smurf.cs">
          <provider selected="true" editor-type-id="text-editor">
            <state relative-caret-position="924">
              <caret line="44" column="3" selection-start-line="44" selection-start-column="3" selection-end-line="44" selection-end-column="3" />
              <folding>
                <marker date="1702374559000" expanded="true" signature="156:217" ph="{...}" />
                <marker date="1702374559000" expanded="true" signature="246:279" ph="{...}" />
                <marker date="1702374559000" expanded="true" signature="304:336" ph="{...}" />
                <marker date="1702374559000" expanded="true" signature="391:585" ph="{...}" />
                <marker date="1702374559000" expanded="true" signature="464:557" ph="{...}" />
                <marker date="1702374559000" expanded="true" signature="636:850" ph="{...}" />
              </folding>
            </state>
          </provider>
        </entry>
      </file>
      <file current-in-tab="false">
        <entry file="file://$PROJECT_DIR$/SmurfBot/Proficiencies/SmurfPoint.cs">
          <provider selected="true" editor-type-id="text-editor">
            <state relative-caret-position="441">
              <caret line="21" column="17" selection-start-line="21" selection-start-column="17" selection-end-line="21" selection-end-column="17" />
              <folding>
                <marker date="1701969326000" expanded="true" signature="161:212" ph="{...}" />
                <marker date="1701969326000" expanded="true" signature="238:268" ph="{...}" />
                <marker date="1701969326000" expanded="true" signature="294:324" ph="{...}" />
              </folding>
            </state>
          </provider>
        </entry>
      </file>
      <file current-in-tab="false">
        <entry file="file://$PROJECT_DIR$/SmurfBot/Proficiencies/AffineFunction.cs">
          <provider selected="true" editor-type-id="text-editor">
            <state relative-caret-position="525">
              <caret line="25" column="27" selection-start-line="25" selection-start-column="27" selection-end-line="25" selection-end-column="27" />
              <folding>
                <marker date="1701969455000" expanded="true" signature="179:221" ph="{...}" />
                <marker date="1701969455000" expanded="true" signature="247:277" ph="{...}" />
                <marker date="1701969455000" expanded="true" signature="303:333" ph="{...}" />
                <marker date="1701969455000" expanded="true" signature="371:411" ph="{...}" />
              </folding>
            </state>
          </provider>
        </entry>
      </file>
      <file current-in-tab="false">
        <entry file="file://$PROJECT_DIR$/SmurfBot/Program.cs">
          <provider selected="true" editor-type-id="text-editor">
            <state relative-caret-position="2352">
              <caret line="114" column="137" selection-start-line="114" selection-start-column="137" selection-end-line="114" selection-end-column="137" />
              <folding>
                <element signature="e#65#123#0" expanded="true" />
                <marker date="1701973179000" expanded="true" signature="151:370" ph="/* Smurf smurf = new Smurf(&quot;SmurfBot&quot;, 25, 1, 15); ... */" />
                <marker date="1701973179000" expanded="true" signature="371:766" ph="/* Smurf smurf = new Smurf(&quot;Handy Smurf&quot;, 25, 1, 15); ... */" />
                <marker date="1701973179000" expanded="true" signature="768:1155" ph="/* Smurf smurf = new Smurf(&quot;Handy Smurf&quot;, 25, 1, 15); ... */" />
                <marker date="1701973179000" expanded="true" signature="1156:1317" ph="/* Gargamel gargamel = new Gargamel(25, 15); ... */" />
                <marker date="1701973179000" expanded="true" signature="1322:1584" ph="/* Gargamel gargamel = new Gargamel(25, 15); ... */" />
                <marker date="1701973179000" expanded="true" signature="1585:1920" ph="/* Gargamel gargamel = new Gargamel(25, 15); ... */" />
                <marker date="1701973179000" expanded="true" signature="1922:2496" ph="/* Potion potion1 = new Potion(1, 3); ... */" />
                <marker date="1701973179000" expanded="true" signature="2497:3599" ph="/* Potion potion = new Potion(1, 4); ... */" />
                <marker date="1701973179000" expanded="true" signature="3600:3820" ph="/* Inventory potionsList = new Inventory(new int[] {4, 2, 5}); ... */" />
                <marker date="1701973179000" expanded="true" signature="3821:4073" ph="/* Inventory potionsList = new Inventory(new int[] {4, 2, 5}); ... */" />
                <marker date="1701973179000" expanded="true" signature="5028:6290" ph="/* Inventory potionsList = new Inventory(new int[] {4, 1, 3}); ... */" />
                <marker date="1701973179000" expanded="true" signature="6291:6803" ph="/* Smurf smurf = new Smurf(&quot;Handy Smurf&quot;, 25, 1, 15); ... */" />
                <marker date="1701973179000" expanded="true" signature="6804:7359" ph="/* Console.WriteLine(Car.GetBatteryInt(BatteryState.Ultralow));     // 0 ... */" />
                <marker date="1701973179000" expanded="true" signature="7360:7487" ph="/* Car car1 = new Car(100); ... */" />
                <marker date="1701973179000" expanded="true" signature="7488:8024" ph="/* Car car1 = new Car(100); ... */" />
                <marker date="1701973179000" expanded="true" signature="8025:9196" ph="/* Car car1 = new Car(100); ... */" />
                <marker date="1701973179000" expanded="true" signature="9197:9582" ph="/* Smurf[] smurfs = { ... */" />
                <marker date="1701973179000" expanded="true" signature="9584:9850" ph="/* Smurf smurf = new Smurf(&quot;TrueSmurf&quot;, 123); ... */" />
              </folding>
            </state>
          </provider>
        </entry>
      </file>
      <file current-in-tab="false">
        <entry file="file://$PROJECT_DIR$/SmurfBot/Proficiencies/MagicFormula.cs">
          <provider selected="true" editor-type-id="text-editor">
            <state relative-caret-position="798">
              <caret line="38" column="4" selection-start-line="38" selection-start-column="4" selection-end-line="38" selection-end-column="4" />
              <folding>
                <marker date="1701970196000" expanded="true" signature="127:320" ph="{...}" />
                <marker date="1701970196000" expanded="true" signature="204:296" ph="{...}" />
                <marker date="1701970196000" expanded="true" signature="370:512" ph="{...}" />
                <marker date="1701970196000" expanded="true" signature="576:609" ph="{...}" />
                <marker date="1701970196000" expanded="true" signature="684:717" ph="{...}" />
              </folding>
            </state>
          </provider>
        </entry>
      </file>
      <file current-in-tab="false">
        <entry file="file://$PROJECT_DIR$/SmurfBot/Fundamentals/Smurf.cs">
          <provider selected="true" editor-type-id="text-editor">
            <state relative-caret-position="420">
              <caret line="20" selection-start-line="20" selection-end-line="43" selection-end-column="19" />
              <folding>
                <marker date="1701971883000" expanded="true" signature="268:374" ph="{...}" />
                <marker date="1701971883000" expanded="true" signature="406:961" ph="{...}" />
                <marker date="1701971883000" expanded="true" signature="474:518" ph="{...}" />
                <marker date="1701971883000" expanded="true" signature="596:640" ph="{...}" />
                <marker date="1701971883000" expanded="true" signature="997:1027" ph="{...}" />
                <marker date="1701971883000" expanded="true" signature="1075:1117" ph="{...}" />
              </folding>
            </state>
          </provider>
        </entry>
      </file>
      <file current-in-tab="false">
        <entry file="file://$PROJECT_DIR$/SmurfBot/Fundamentals/Game.cs">
          <provider selected="true" editor-type-id="text-editor">
            <state relative-caret-position="1827">
              <caret line="87" column="8" selection-start-line="87" selection-start-column="8" selection-end-line="87" selection-end-column="8" />
              <folding>
                <marker date="1701970905000" expanded="true" signature="196:1328" ph="{...}" />
                <marker date="1701970905000" expanded="true" signature="252:341" ph="{...}" />
                <marker date="1701970905000" expanded="true" signature="396:480" ph="{...}" />
                <marker date="1701970905000" expanded="true" signature="535:617" ph="{...}" />
                <marker date="1701970905000" expanded="true" signature="681:764" ph="{...}" />
                <marker date="1701970905000" expanded="true" signature="819:900" ph="{...}" />
                <marker date="1701970905000" expanded="true" signature="955:1036" ph="{...}" />
                <marker date="1701970905000" expanded="true" signature="1069:1148" ph="{...}" />
                <marker date="1701970905000" expanded="true" signature="1181:1281" ph="{...}" />
                <marker date="1701970905000" expanded="true" signature="1417:1516" ph="{...}" />
                <marker date="1701970905000" expanded="true" signature="1588:1748" ph="{...}" />
                <marker date="1701970905000" expanded="true" signature="1621:1716" ph="{...}" />
                <marker date="1701970905000" expanded="true" signature="1817:2088" ph="{...}" />
                <marker date="1701970905000" expanded="true" signature="1867:1925" ph="{...}" />
                <marker date="1701970905000" expanded="true" signature="1969:2026" ph="{...}" />
                <marker date="1701970905000" expanded="true" signature="2169:3248" ph="{...}" />
                <marker date="1701970905000" expanded="true" signature="2227:3183" ph="{...}" />
                <marker date="1701970905000" expanded="true" signature="2773:2987" ph="{...}" />
              </folding>
            </state>
          </provider>
        </entry>
      </file>
      <file>
        <entry file="file://$PROJECT_DIR$/SmurfBot/Fundamentals/Potion.cs">
          <provider selected="true" editor-type-id="text-editor">
            <state relative-caret-position="105">
              <caret line="5" column="38" lean-forward="true" selection-start-line="5" selection-start-column="38" selection-end-line="5" selection-end-column="38" />
              <folding>
                <marker date="1701973338000" expanded="true" signature="164:228" ph="{...}" />
                <marker date="1701973338000" expanded="true" signature="266:352" ph="{...}" />
                <marker date="1701973338000" expanded="true" signature="381:538" ph="{...}" />
                <marker date="1701973338000" expanded="true" signature="567:717" ph="{...}" />
              </folding>
            </state>
          </provider>
        </entry>
      </file>
      <file current-in-tab="false">
        <entry file="file://$PROJECT_DIR$/SmurfBot/Fundamentals/Inventory.cs">
          <provider selected="true" editor-type-id="text-editor">
            <state relative-caret-position="819">
              <caret line="39" column="29" selection-start-line="39" selection-start-column="29" selection-end-line="39" selection-end-column="29" />
              <folding>
                <marker date="1701973232000" expanded="true" signature="142:322" ph="{...}" />
                <marker date="1701973232000" expanded="true" signature="235:316" ph="{...}" />
                <marker date="1701973232000" expanded="true" signature="364:1132" ph="{...}" />
                <marker date="1701973232000" expanded="true" signature="432:476" ph="{...}" />
                <marker date="1701973232000" expanded="true" signature="545:589" ph="{...}" />
                <marker date="1701973232000" expanded="true" signature="703:787" ph="{...}" />
                <marker date="1701973232000" expanded="true" signature="905:1066" ph="{...}" />
                <marker date="1701973232000" expanded="true" signature="1169:1295" ph="{...}" />
                <marker date="1701973232000" expanded="true" signature="1333:1468" ph="{...}" />
              </folding>
            </state>
          </provider>
        </entry>
      </file>
      <file current-in-tab="false">
        <entry file="file://$PROJECT_DIR$/SmurfBot/Fundamentals/Gargamel.cs">
          <provider selected="true" editor-type-id="text-editor">
            <state relative-caret-position="672">
              <caret line="32" column="37" selection-start-line="32" selection-start-column="37" selection-end-line="32" selection-end-column="37" />
              <folding>
                <marker date="1701972046000" expanded="true" signature="55:767" ph="{...}" />
                <marker date="1701972046000" expanded="true" signature="165:219" ph="{...}" />
                <marker date="1701972046000" expanded="true" signature="252:679" ph="{...}" />
                <marker date="1701972046000" expanded="true" signature="320:364" ph="{...}" />
                <marker date="1701972046000" expanded="true" signature="431:475" ph="{...}" />
                <marker date="1701972046000" expanded="true" signature="718:748" ph="{...}" />
              </folding>
            </state>
          </provider>
        </entry>
      </file>
    </leaf>
  </component>
  <component name="FileTypeUsageLocalSummary">
    <fileType name="C#">
      <summary usageCount="88" lastUsed="1703076398780" />
    </fileType>
  </component>
  <component name="FindInProjectRecents">
    <findStrings>
      <find>displ</find>
      <find>inventory.displa</find>
    </findStrings>
  </component>
  <component name="IdeDocumentHistory">
    <changedPaths>
      <option value="/afs/cri.epita.fr/user/m/ma/marcus.poirot/u/epita-prepa-acdc-PROG-102-P-03-2028-marcus.poirot/SmurfBot/Fundamentals/Inventory.cs" />
      <option value="$PROJECT_DIR$/SmurfBot/Enhancements/BatteryState.cs" />
      <option value="$PROJECT_DIR$/SmurfBot/Proficiencies/SmurfPoint.cs" />
      <option value="$PROJECT_DIR$/SmurfBot/Proficiencies/AffineFunction.cs" />
      <option value="$PROJECT_DIR$/SmurfBot/Enhancements/Car.cs" />
      <option value="$PROJECT_DIR$/SmurfBot/Proficiencies/MagicFormula.cs" />
      <option value="$PROJECT_DIR$/SmurfBot/Fundamentals/Game.cs" />
      <option value="$PROJECT_DIR$/SmurfBot/Fundamentals/Smurf.cs" />
      <option value="$PROJECT_DIR$/SmurfBot/Fundamentals/Gargamel.cs" />
      <option value="$PROJECT_DIR$/SmurfBot/Program.cs" />
      <option value="$PROJECT_DIR$/SmurfBot/Fundamentals/Inventory.cs" />
      <option value="$PROJECT_DIR$/SmurfBot/Fundamentals/Potion.cs" />
      <option value="$PROJECT_DIR$/SmurfBot/Proficiencies/Smurf.cs" />
    </changedPaths>
  </component>
  <component name="IgnoredFileRootStore">
    <option name="generatedRoots">
      <set>
        <option value="$PROJECT_DIR$/.idea/.idea.SmurfBot/.idea" />
      </set>
    </option>
  </component>
  <component name="LanguageUsageStatistics">
    <language id="C#">
      <summary usageCount="88" lastUsage="1703076398780" />
    </language>
  </component>
  <component name="ProjectView">
    <navigator currentView="SolutionExplorer" proportions="0.9" version="1" />
    <panes>
      <pane id="AssemblyExplorer" />
      <pane id="FileSystemExplorer" />
      <pane id="SolutionExplorer">
        <subPane>
          <expand>
            <path>
              <item name="Project" type="784c90a0:SolutionExplorerRootNode" />
              <item name="SmurfBot" type="24d0babc:SolutionExplorerModelNode" />
            </path>
            <path>
              <item name="Project" type="784c90a0:SolutionExplorerRootNode" />
              <item name="SmurfBot" type="24d0babc:SolutionExplorerModelNode" />
              <item name="SmurfBot" type="24d0babc:SolutionExplorerModelNode" />
            </path>
          </expand>
          <select>
            <path>
              <item name="Project" type="784c90a0:SolutionExplorerRootNode" />
              <item name="SmurfBot" type="24d0babc:SolutionExplorerModelNode" />
            </path>
          </select>
        </subPane>
        <option name="show-all-files" value="false" />
        <option name="show-project-imports" value="true" />
        <option name="autoscroll-all" value="false" />
        <option name="show-scratches" value="true" />
        <option name="search-dependencies" value="false" />
        <option name="show-unreal-project-files" value="true" />
      </pane>
    </panes>
  </component>
  <component name="RiderPerAppToolWindowOpenedTWKeeper">
    <option name="map">
      <map>
        <entry key="Bookmarks">
          <value>
            <window_info id="Bookmarks" sideWeight="0.499183" side_tool="true" weight="0.19493738" />
          </value>
        </entry>
        <entry key="Build">
          <value>
            <window_info anchor="bottom" id="Build" order="4" weight="0.3299712" />
          </value>
        </entry>
        <entry key="Commit">
          <value>
            <window_info x="959" y="131" width="315" height="949" id="Commit" type="FLOATING" weight="0.3300209" />
          </value>
        </entry>
        <entry key="Database">
          <value>
            <window_info anchor="right" id="Database" order="0" />
          </value>
        </entry>
        <entry key="Database Changes">
          <value>
            <window_info anchor="bottom" id="Database Changes" show_stripe_button="false" />
          </value>
        </entry>
        <entry key="Debug">
          <value>
            <window_info anchor="bottom" id="Debug" order="3" weight="0.40009606" />
          </value>
        </entry>
        <entry key="Dynamic Program Analysis">
          <value>
            <window_info anchor="bottom" id="Dynamic Program Analysis" />
          </value>
        </entry>
        <entry key="Endpoints">
          <value>
            <window_info anchor="right" id="Endpoints" order="0" show_stripe_button="false" />
          </value>
        </entry>
        <entry key="File Transfer">
          <value>
            <window_info anchor="bottom" id="File Transfer" />
          </value>
        </entry>
        <entry key="Find">
          <value>
            <window_info anchor="bottom" id="Find" order="1" />
          </value>
        </entry>
        <entry key="IL Viewer">
          <value>
            <window_info anchor="right" id="IL Viewer" />
          </value>
        </entry>
        <entry key="Inspection">
          <value>
            <window_info anchor="bottom" id="Inspection" order="4" weight="0.4" />
          </value>
        </entry>
        <entry key="Notifications">
          <value>
            <window_info anchor="right" id="Notifications" order="0" weight="0.25" />
          </value>
        </entry>
        <entry key="NuGet">
          <value>
            <window_info anchor="bottom" id="NuGet" order="4" weight="0.3299712" />
          </value>
        </entry>
        <entry key="Problems View">
          <value>
            <window_info anchor="bottom" id="Problems View" order="4" weight="0.3299712" />
          </value>
        </entry>
        <entry key="Project">
          <value>
            <window_info active="true" content_ui="combo" id="Project" order="0" sideWeight="0.500817" visible="true" weight="0.097803354" />
          </value>
        </entry>
        <entry key="Pull Requests">
          <value>
            <window_info id="Pull Requests" />
          </value>
        </entry>
        <entry key="Run">
          <value>
            <window_info anchor="bottom" id="Run" order="2" visible="true" weight="0.40682036" />
          </value>
        </entry>
        <entry key="Services">
          <value>
            <window_info anchor="bottom" id="Services" order="4" show_stripe_button="false" />
          </value>
        </entry>
        <entry key="Space Code Reviews">
          <value>
            <window_info id="Space Code Reviews" />
          </value>
        </entry>
        <entry key="Structure">
          <value>
            <window_info id="Structure" order="0" side_tool="true" />
          </value>
        </entry>
        <entry key="TODO">
          <value>
            <window_info anchor="bottom" id="TODO" />
          </value>
        </entry>
        <entry key="Terminal">
          <value>
            <window_info anchor="bottom" id="Terminal" order="4" />
          </value>
        </entry>
        <entry key="TypeScript">
          <value>
            <window_info anchor="bottom" id="TypeScript" />
          </value>
        </entry>
        <entry key="Unit Tests">
          <value>
            <window_info anchor="bottom" id="Unit Tests" weight="0.3299712" />
          </value>
        </entry>
        <entry key="Unit Tests Coverage">
          <value>
            <window_info anchor="right" id="Unit Tests Coverage" />
          </value>
        </entry>
        <entry key="Version Control">
          <value>
            <window_info anchor="bottom" id="Version Control" order="0" weight="0.3299712" />
          </value>
        </entry>
        <entry key="documentation.v2">
          <value>
            <window_info anchor="right" id="documentation.v2" side_tool="true" />
          </value>
        </entry>
        <entry key="dotMemory Profiler">
          <value>
            <window_info anchor="bottom" id="dotMemory Profiler" />
          </value>
        </entry>
        <entry key="dotTrace Profiler">
          <value>
            <window_info anchor="bottom" id="dotTrace Profiler" />
          </value>
        </entry>
      </map>
    </option>
  </component>
  <component name="RunConfigurationStartHistory">
    <history>
      <element setting=".NET Project.SmurfBot" />
    </history>
  </component>
  <component name="RunToolbarSettings">
    <option name="slotOrder">
      <option value="523efed6-236f-4d33-bf3e-4eb13a9ab6c4" />
    </option>
    <slots>
      <entry key="523efed6-236f-4d33-bf3e-4eb13a9ab6c4" value=".NET Project.SmurfBot" />
    </slots>
  </component>
  <component name="TimeTrackingManager">
    <option name="totallyTimeSpent" value="26634000" />
  </component>
  <component name="TodoView">
    <todo-panel id="selected-file">
      <is-autoscroll-to-source value="true" />
    </todo-panel>
    <todo-panel id="all">
      <are-packages-shown value="true" />
      <is-autoscroll-to-source value="true" />
    </todo-panel>
  </component>
  <component name="ToolWindowManager">
    <editor active="true" />
    <layout>
      <window_info id="Space Code Reviews" />
      <window_info id="Bookmarks" sideWeight="0.499183" side_tool="true" weight="0.19493738" />
      <window_info id="Pull Requests" />
      <window_info x="959" y="131" width="315" height="949" id="Commit" type="FLOATING" weight="0.3300209" />
      <window_info id="Structure" order="0" side_tool="true" />
      <window_info active="true" content_ui="combo" id="Project" order="0" sideWeight="0.500817" visible="true" weight="0.097803354" />
      <window_info anchor="bottom" id="Database Changes" show_stripe_button="false" />
      <window_info anchor="bottom" id="TypeScript" />
      <window_info anchor="bottom" id="Dynamic Program Analysis" />
      <window_info anchor="bottom" id="TODO" />
      <window_info anchor="bottom" id="Unit Tests" weight="0.3299712" />
      <window_info anchor="bottom" id="dotTrace Profiler" />
      <window_info anchor="bottom" id="File Transfer" />
      <window_info anchor="bottom" id="dotMemory Profiler" />
      <window_info anchor="bottom" id="Version Control" order="0" weight="0.3299712" />
      <window_info anchor="bottom" id="Find" order="1" />
      <window_info anchor="bottom" id="Run" order="2" visible="true" weight="0.40682036" />
      <window_info anchor="bottom" id="Debug" order="3" weight="0.40009606" />
      <window_info anchor="bottom" id="Build" order="4" weight="0.3299712" />
      <window_info anchor="bottom" id="Inspection" order="4" weight="0.4" />
      <window_info anchor="bottom" id="Problems View" order="4" weight="0.3299712" />
      <window_info anchor="bottom" id="Terminal" order="4" />
      <window_info anchor="bottom" id="NuGet" order="4" weight="0.3299712" />
      <window_info anchor="bottom" id="Services" order="4" show_stripe_button="false" />
      <window_info anchor="right" id="Unit Tests Coverage" />
      <window_info anchor="right" id="IL Viewer" />
      <window_info anchor="right" id="documentation.v2" side_tool="true" />
      <window_info anchor="right" id="Endpoints" order="0" show_stripe_button="false" />
      <window_info anchor="right" id="Database" order="0" />
      <window_info anchor="right" id="Notifications" order="0" weight="0.25" />
      <unified_weights bottom="0.40682036" left="0.097803354" />
    </layout>
  </component>
  <component name="WindowStateProjectService">
    <state width="1874" height="389" key="GridCell.Tab.0.bottom" timestamp="1701973340204">
      <screen x="0" y="0" width="1920" height="1080" />
    </state>
    <state width="1874" height="389" key="GridCell.Tab.0.bottom/0.0.1920.1080@0.0.1920.1080" timestamp="1701973340204" />
    <state width="1874" height="389" key="GridCell.Tab.0.center" timestamp="1701973340204">
      <screen x="0" y="0" width="1920" height="1080" />
    </state>
    <state width="1874" height="389" key="GridCell.Tab.0.center/0.0.1920.1080@0.0.1920.1080" timestamp="1701973340204" />
    <state width="1874" height="389" key="GridCell.Tab.0.left" timestamp="1701973340204">
      <screen x="0" y="0" width="1920" height="1080" />
    </state>
    <state width="1874" height="389" key="GridCell.Tab.0.left/0.0.1920.1080@0.0.1920.1080" timestamp="1701973340204" />
    <state width="1874" height="389" key="GridCell.Tab.0.right" timestamp="1701973340204">
      <screen x="0" y="0" width="1920" height="1080" />
    </state>
    <state width="1874" height="389" key="GridCell.Tab.0.right/0.0.1920.1080@0.0.1920.1080" timestamp="1701973340204" />
    <state width="1874" height="388" key="GridCell.Tab.1.bottom" timestamp="1701881783461">
      <screen x="0" y="0" width="1920" height="1080" />
    </state>
    <state width="1874" height="388" key="GridCell.Tab.1.bottom/0.0.1920.1080@0.0.1920.1080" timestamp="1701881783461" />
    <state width="1874" height="388" key="GridCell.Tab.1.center" timestamp="1701881783461">
      <screen x="0" y="0" width="1920" height="1080" />
    </state>
    <state width="1874" height="388" key="GridCell.Tab.1.center/0.0.1920.1080@0.0.1920.1080" timestamp="1701881783461" />
    <state width="1874" height="388" key="GridCell.Tab.1.left" timestamp="1701881783461">
      <screen x="0" y="0" width="1920" height="1080" />
    </state>
    <state width="1874" height="388" key="GridCell.Tab.1.left/0.0.1920.1080@0.0.1920.1080" timestamp="1701881783461" />
    <state width="1874" height="388" key="GridCell.Tab.1.right" timestamp="1701881783461">
      <screen x="0" y="0" width="1920" height="1080" />
    </state>
    <state width="1874" height="388" key="GridCell.Tab.1.right/0.0.1920.1080@0.0.1920.1080" timestamp="1701881783461" />
    <state width="1874" height="388" key="GridCell.Tab.2.bottom" timestamp="1701881783461">
      <screen x="0" y="0" width="1920" height="1080" />
    </state>
    <state width="1874" height="388" key="GridCell.Tab.2.bottom/0.0.1920.1080@0.0.1920.1080" timestamp="1701881783461" />
    <state width="1874" height="388" key="GridCell.Tab.2.center" timestamp="1701881783461">
      <screen x="0" y="0" width="1920" height="1080" />
    </state>
    <state width="1874" height="388" key="GridCell.Tab.2.center/0.0.1920.1080@0.0.1920.1080" timestamp="1701881783461" />
    <state width="1874" height="388" key="GridCell.Tab.2.left" timestamp="1701881783461">
      <screen x="0" y="0" width="1920" height="1080" />
    </state>
    <state width="1874" height="388" key="GridCell.Tab.2.left/0.0.1920.1080@0.0.1920.1080" timestamp="1701881783461" />
    <state width="1874" height="388" key="GridCell.Tab.2.right" timestamp="1701881783461">
      <screen x="0" y="0" width="1920" height="1080" />
    </state>
    <state width="1874" height="388" key="GridCell.Tab.2.right/0.0.1920.1080@0.0.1920.1080" timestamp="1701881783461" />
    <state width="1874" height="388" key="GridCell.Tab.3.bottom" timestamp="1701881783461">
      <screen x="0" y="0" width="1920" height="1080" />
    </state>
    <state width="1874" height="388" key="GridCell.Tab.3.bottom/0.0.1920.1080@0.0.1920.1080" timestamp="1701881783461" />
    <state width="1874" height="388" key="GridCell.Tab.3.center" timestamp="1701881783461">
      <screen x="0" y="0" width="1920" height="1080" />
    </state>
    <state width="1874" height="388" key="GridCell.Tab.3.center/0.0.1920.1080@0.0.1920.1080" timestamp="1701881783461" />
    <state width="1874" height="388" key="GridCell.Tab.3.left" timestamp="1701881783461">
      <screen x="0" y="0" width="1920" height="1080" />
    </state>
    <state width="1874" height="388" key="GridCell.Tab.3.left/0.0.1920.1080@0.0.1920.1080" timestamp="1701881783461" />
    <state width="1874" height="388" key="GridCell.Tab.3.right" timestamp="1701881783461">
      <screen x="0" y="0" width="1920" height="1080" />
    </state>
    <state width="1874" height="388" key="GridCell.Tab.3.right/0.0.1920.1080@0.0.1920.1080" timestamp="1701881783461" />
    <state width="1874" height="388" key="GridCell.Tab.4.bottom" timestamp="1701881783461">
      <screen x="0" y="0" width="1920" height="1080" />
    </state>
    <state width="1874" height="388" key="GridCell.Tab.4.bottom/0.0.1920.1080@0.0.1920.1080" timestamp="1701881783461" />
    <state width="1874" height="388" key="GridCell.Tab.4.center" timestamp="1701881783461">
      <screen x="0" y="0" width="1920" height="1080" />
    </state>
    <state width="1874" height="388" key="GridCell.Tab.4.center/0.0.1920.1080@0.0.1920.1080" timestamp="1701881783461" />
    <state width="1874" height="388" key="GridCell.Tab.4.left" timestamp="1701881783461">
      <screen x="0" y="0" width="1920" height="1080" />
    </state>
    <state width="1874" height="388" key="GridCell.Tab.4.left/0.0.1920.1080@0.0.1920.1080" timestamp="1701881783461" />
    <state width="1874" height="388" key="GridCell.Tab.4.right" timestamp="1701881783461">
      <screen x="0" y="0" width="1920" height="1080" />
    </state>
    <state width="1874" height="388" key="GridCell.Tab.4.right/0.0.1920.1080@0.0.1920.1080" timestamp="1701881783461" />
    <state x="555" y="265" width="804" height="520" key="Rider.ProjectTemplateDialog.Size" timestamp="1701798943693">
      <screen x="0" y="0" width="1920" height="1080" />
    </state>
    <state x="555" y="265" width="804" height="520" key="Rider.ProjectTemplateDialog.Size/0.0.1920.1080@0.0.1920.1080" timestamp="1701798943693" />
  </component>
  <component name="editorHistoryManager">
    <entry file="file://$APPLICATION_CONFIG_DIR$/resharper-host/SourcesCache/f3b0eaeb6cd557b8423613fd20f79996cf4794a4d340fcdc918142d9c4ed92e/EventProvider.cs">
      <provider selected="true" editor-type-id="text-editor">
        <state relative-caret-position="168">
          <caret line="238" column="16" selection-start-line="238" selection-start-column="16" selection-end-line="238" selection-end-column="16" />
          <folding>
            <marker date="1701867878000" expanded="false" signature="0:136" ph="// Licensed to the .NET Foundation under one or more agreements...." />
            <marker date="1701867878000" expanded="false" signature="144:324" ph="..." />
            <marker date="1701867878000" expanded="true" signature="411:56627" ph="{...}" />
            <marker date="1701867878000" expanded="true" signature="449:510" ph="{...}" />
            <marker date="1701867878000" expanded="true" signature="547:877" ph="{...}" />
            <marker date="1701867878000" expanded="true" signature="562:747" ph="/* Strictly Positive numbers are for provider-specific commands, negative number are for 'shared' commands. 256 ... */" />
            <marker date="1701867878000" expanded="true" signature="883:1053" ph="/// Only here because System.Diagnostics.EventProvider needs one more extensibility hook (when it gets a ... " />
            <marker date="1701867878000" expanded="true" signature="1100:52719" ph="{...}" />
            <marker date="1701867878000" expanded="true" signature="1115:1450" ph="/* This is the windows EVENT_DATA_DESCRIPTOR structure.  We expose it because this is what ... */" />
            <marker date="1701867878000" expanded="true" signature="1528:1655" ph="{...}" />
            <marker date="1701867878000" expanded="true" signature="1665:2025" ph="/// A struct characterizing ETW sessions (identified by the etwSessionId) as ... " />
            <marker date="1701867878000" expanded="true" signature="2059:2430" ph="{...}" />
            <marker date="1701867878000" expanded="true" signature="2344:2420" ph="{...}" />
            <marker date="1701867878000" expanded="true" signature="3817:4047" ph="{...}" />
            <marker date="1701867878000" expanded="true" signature="4057:4592" ph="/* Because callbacks happen on registration, and we need the callbacks for those setup ... */" />
            <marker date="1701867878000" expanded="true" signature="4655:4999" ph="{...}" />
            <marker date="1701867878000" expanded="true" signature="5009:5329" ph="/// This method registers the controlGuid of this class with ETW. We need to be running on ... " />
            <marker date="1701867878000" expanded="true" signature="5338:5803" ph="/* &lt;SecurityKernel Critical=&quot;True&quot; Ring=&quot;0&quot;&gt; ... */" />
            <marker date="1701867878000" expanded="true" signature="5866:6337" ph="{...}" />
            <marker date="1701867878000" expanded="true" signature="6082:6327" ph="{...}" />
            <marker date="1701867878000" expanded="true" signature="6347:6669" ph="/* implement Dispose Pattern to early deregister from ETW insted of waiting for ... */" />
            <marker date="1701867878000" expanded="true" signature="6699:6785" ph="{...}" />
            <marker date="1701867878000" expanded="true" signature="6795:6992" ph="/* &lt;SecurityKernel Critical=&quot;True&quot; TreatAsSafe=&quot;Does not expose critical resource&quot; Ring=&quot;1&quot;&gt; ... */" />
            <marker date="1701867878000" expanded="true" signature="7047:8783" ph="{...}" />
            <marker date="1701867878000" expanded="true" signature="7070:7437" ph="/* explicit cleanup is done by calling Dispose with true from ... */" />
            <marker date="1701867878000" expanded="true" signature="7978:8599" ph="/* We do the Unregistration outside the EventListenerLock because there is a lock ... */" />
            <marker date="1701867878000" expanded="true" signature="8793:8917" ph="/// This method deregisters the controlGuid of this class with ETW. ... " />
            <marker date="1701867878000" expanded="true" signature="8953:8996" ph="{...}" />
            <marker date="1701867878000" expanded="true" signature="9022:9070" ph="{...}" />
            <marker date="1701867878000" expanded="true" signature="9080:9304" ph="/* &lt;SecurityKernel Critical=&quot;True&quot; Ring=&quot;0&quot;&gt; ... */" />
            <marker date="1701867878000" expanded="true" signature="9710:15006" ph="{...}" />
            <marker date="1701867878000" expanded="true" signature="9733:10009" ph="/* This is an optional callback API. We will therefore ignore any failures that happen as a ... */" />
            <marker date="1701867878000" expanded="true" signature="10025:14804" ph="{...}" />
            <marker date="1701867878000" expanded="true" signature="10315:14052" ph="{...}" />
            <marker date="1701867878000" expanded="true" signature="10627:11439" ph="/* The GetSessions() logic was here to support the idea that different ETW sessions ... */" />
            <marker date="1701867878000" expanded="true" signature="11692:14034" ph="{...}" />
            <marker date="1701867878000" expanded="true" signature="12108:12237" ph="/* if we get more than one session changed we have no way ... */" />
            <marker date="1701867878000" expanded="true" signature="12588:13795" ph="{...}" />
            <marker date="1701867878000" expanded="true" signature="12849:13769" ph="{...}" />
            <marker date="1701867878000" expanded="true" signature="12942:13739" ph="{...}" />
            <marker date="1701867878000" expanded="true" signature="13255:13644" ph="{...}" />
            <marker date="1701867878000" expanded="true" signature="14146:14381" ph="{...}" />
            <marker date="1701867878000" expanded="true" signature="14472:14570" ph="{...}" />
            <marker date="1701867878000" expanded="true" signature="14835:14996" ph="{...}" />
            <marker date="1701867878000" expanded="true" signature="14853:14982" ph="/* We want to ignore any failures that happen as a result of turning on this provider as to ... */" />
            <marker date="1701867878000" expanded="true" signature="15199:15301" ph="{...}" />
            <marker date="1701867878000" expanded="true" signature="15350:15484" ph="{...}" />
            <marker date="1701867878000" expanded="true" signature="15533:15667" ph="{...}" />
            <marker date="1701867878000" expanded="true" signature="15728:15855" ph="{...}" />
            <marker date="1701867878000" expanded="true" signature="15865:16517" ph="/// Determines the ETW sessions that have been added and/or removed to the set of ... " />
            <marker date="1701867878000" expanded="true" signature="16585:18224" ph="{...}" />
            <marker date="1701867878000" expanded="true" signature="16888:17034" ph="/* first look for sessions that have gone away (or have changed) ... */" />
            <marker date="1701867878000" expanded="true" signature="17074:17493" ph="{...}" />
            <marker date="1701867878000" expanded="true" signature="17146:17479" ph="{...}" />
            <marker date="1701867878000" expanded="true" signature="17506:17670" ph="/* next look for sessions that were created since the last callback  (or have changed) ... */" />
            <marker date="1701867878000" expanded="true" signature="17711:18128" ph="{...}" />
            <marker date="1701867878000" expanded="true" signature="17784:18114" ph="{...}" />
            <marker date="1701867878000" expanded="true" signature="18234:18504" ph="/// This method is the callback used by GetSessions() when it calls into GetSessionInfo(). ... " />
            <marker date="1701867878000" expanded="true" signature="18664:19494" ph="{...}" />
            <marker date="1701867878000" expanded="true" signature="18796:18912" ph="/* an ETW controller that specifies more than the mandated bit for our EventSource ... */" />
            <marker date="1701867878000" expanded="true" signature="19107:19262" ph="{...}" />
            <marker date="1701867878000" expanded="true" signature="19279:19414" ph="{...}" />
            <marker date="1701867878000" expanded="true" signature="19633:19951" ph="/// This method enumerates over all active ETW sessions that have enabled 'this.m_Guid' ... " />
            <marker date="1701867878000" expanded="true" signature="20108:22846" ph="{...}" />
            <marker date="1701867878000" expanded="true" signature="22856:23042" ph="/// Returns the index of the SesisonInfo from 'sessions' that has the specified 'etwSessionId' ... " />
            <marker date="1701867878000" expanded="true" signature="23137:23531" ph="{...}" />
            <marker date="1701867878000" expanded="true" signature="23221:23352" ph="/* for non-coreclr code we could use List&lt;T&gt;.FindIndex(Predicate&lt;T&gt;), but we need this to compile ... */" />
            <marker date="1701867878000" expanded="true" signature="23541:24191" ph="/// Gets any data to be passed from the controller to the provider.  It starts with what is passed ... " />
            <marker date="1701867878000" expanded="true" signature="24443:26341" ph="{...}" />
            <marker date="1701867878000" expanded="true" signature="24541:25535" ph="{...}" />
            <marker date="1701867878000" expanded="true" signature="25552:26256" ph="{...}" />
            <marker date="1701867878000" expanded="true" signature="25583:25873" ph="/* ETW limited filter data to 1024 bytes but EventPipe doesn't. DiagnosticSourceEventSource ... */" />
            <marker date="1701867878000" expanded="true" signature="25971:26150" ph="{...}" />
            <marker date="1701867878000" expanded="true" signature="26351:26453" ph="/// IsEnabled, method used to test if provider is enabled ... " />
            <marker date="1701867878000" expanded="true" signature="26485:26535" ph="{...}" />
            <marker date="1701867878000" expanded="true" signature="26545:26811" ph="/// IsEnabled, method used to test if event is enabled ... " />
            <marker date="1701867878000" expanded="true" signature="26868:27568" ph="{...}" />
            <marker date="1701867878000" expanded="true" signature="26891:26960" ph="/* If not enabled at all, return false. ... */" />
            <marker date="1701867878000" expanded="true" signature="26988:27046" ph="{...}" />
            <marker date="1701867878000" expanded="true" signature="27173:27531" ph="{...}" />
            <marker date="1701867878000" expanded="true" signature="27204:27272" ph="/* Check if Keyword is enabled ... */" />
            <marker date="1701867878000" expanded="true" signature="27448:27517" ph="{...}" />
            <marker date="1701867878000" expanded="true" signature="27636:27689" ph="{...}" />
            <marker date="1701867878000" expanded="true" signature="27699:27775" ph="/* Helper function to set the last error on the thread ... */" />
            <marker date="1701867878000" expanded="true" signature="27843:27897" ph="{...}" />
            <marker date="1701867878000" expanded="true" signature="27907:29234" ph="/* &lt;SecurityKernel Critical=&quot;True&quot; Ring=&quot;0&quot;&gt; ... */" />
            <marker date="1701867878000" expanded="true" signature="29390:30037" ph="/* ++ ... */" />
            <marker date="1701867878000" expanded="true" signature="30037:37110" ph="{...}" />
            <marker date="1701867878000" expanded="true" signature="30215:30311" ph="{...}" />
            <marker date="1701867878000" expanded="true" signature="30368:30849" ph="{...}" />
            <marker date="1701867878000" expanded="true" signature="30886:31131" ph="{...}" />
            <marker date="1701867878000" expanded="true" signature="31165:31389" ph="{...}" />
            <marker date="1701867878000" expanded="true" signature="31424:31655" ph="{...}" />
            <marker date="1701867878000" expanded="true" signature="31690:31921" ph="{...}" />
            <marker date="1701867878000" expanded="true" signature="31957:32195" ph="{...}" />
            <marker date="1701867878000" expanded="true" signature="32230:32461" ph="{...}" />
            <marker date="1701867878000" expanded="true" signature="32496:32727" ph="{...}" />
            <marker date="1701867878000" expanded="true" signature="32763:33001" ph="{...}" />
            <marker date="1701867878000" expanded="true" signature="33037:33275" ph="{...}" />
            <marker date="1701867878000" expanded="true" signature="33312:33557" ph="{...}" />
            <marker date="1701867878000" expanded="true" signature="33593:33831" ph="{...}" />
            <marker date="1701867878000" expanded="true" signature="33868:34113" ph="{...}" />
            <marker date="1701867878000" expanded="true" signature="34148:34551" ph="{...}" />
            <marker date="1701867878000" expanded="true" signature="34325:34394" ph="{...}" />
            <marker date="1701867878000" expanded="true" signature="34415:34484" ph="{...}" />
            <marker date="1701867878000" expanded="true" signature="34586:34817" ph="{...}" />
            <marker date="1701867878000" expanded="true" signature="34855:35107" ph="{...}" />
            <marker date="1701867878000" expanded="true" signature="35146:35790" ph="{...}" />
            <marker date="1701867878000" expanded="true" signature="35278:35442" ph="/* We cannot translate dates sooner than 1/1/1601 in UTC. ... */" />
            <marker date="1701867878000" expanded="true" signature="35807:36873" ph="{...}" />
            <marker date="1701867878000" expanded="true" signature="35862:36592" ph="{...}" />
            <marker date="1701867878000" expanded="true" signature="35904:36455" ph="{...}" />
            <marker date="1701867878000" expanded="true" signature="37120:37803" ph="/// WriteEvent, method to write a parameters with event schema properties ... " />
            <marker date="1701867878000" expanded="true" signature="37812:38980" ph="/* &lt;SecurityKernel Critical=&quot;True&quot; Ring=&quot;0&quot;&gt; ... */" />
            <marker date="1701867878000" expanded="true" signature="39142:47729" ph="{...}" />
            <marker date="1701867878000" expanded="true" signature="39299:47541" ph="{...}" />
            <marker date="1701867878000" expanded="true" signature="39420:39558" ph="{...}" />
            <marker date="1701867878000" expanded="true" signature="40499:40840" ph="/* The loop below goes through all the arguments and fills in the data ... */" />
            <marker date="1701867878000" expanded="true" signature="40960:42935" ph="{...}" />
            <marker date="1701867878000" expanded="true" signature="41031:42740" ph="{...}" />
            <marker date="1701867878000" expanded="true" signature="41252:42718" ph="{...}" />
            <marker date="1701867878000" expanded="true" signature="41501:41922" ph="{...}" />
            <marker date="1701867878000" expanded="true" signature="41630:41832" ph="{...}" />
            <marker date="1701867878000" expanded="true" signature="41989:42514" ph="{...}" />
            <marker date="1701867878000" expanded="true" signature="42765:42917" ph="{...}" />
            <marker date="1701867878000" expanded="true" signature="43148:43286" ph="{...}" />
            <marker date="1701867878000" expanded="true" signature="43462:46094" ph="{...}" />
            <marker date="1701867878000" expanded="true" signature="43501:43692" ph="/* Fast path: at most 8 string arguments ... */" />
            <marker date="1701867878000" expanded="true" signature="43755:43952" ph="{...}" />
            <marker date="1701867878000" expanded="true" signature="43974:44094" ph="/* now fix any string arguments and set the pointer on the data descriptor ... */" />
            <marker date="1701867878000" expanded="true" signature="44387:46076" ph="{...}" />
            <marker date="1701867878000" expanded="true" signature="44508:44636" ph="{...}" />
            <marker date="1701867878000" expanded="true" signature="44687:44815" ph="{...}" />
            <marker date="1701867878000" expanded="true" signature="44866:44994" ph="{...}" />
            <marker date="1701867878000" expanded="true" signature="45045:45173" ph="{...}" />
            <marker date="1701867878000" expanded="true" signature="45224:45352" ph="{...}" />
            <marker date="1701867878000" expanded="true" signature="45403:45531" ph="{...}" />
            <marker date="1701867878000" expanded="true" signature="45582:45710" ph="{...}" />
            <marker date="1701867878000" expanded="true" signature="45761:45889" ph="{...}" />
            <marker date="1701867878000" expanded="true" signature="46115:47527" ph="{...}" />
            <marker date="1701867878000" expanded="true" signature="46360:47199" ph="{...}" />
            <marker date="1701867878000" expanded="true" signature="46407:46603" ph="/* below we still use &quot;fixed&quot; to avoid taking dependency on the offset of the first field ... */" />
            <marker date="1701867878000" expanded="true" signature="46748:46948" ph="{...}" />
            <marker date="1701867878000" expanded="true" signature="46977:47177" ph="{...}" />
            <marker date="1701867878000" expanded="true" signature="47419:47509" ph="{...}" />
            <marker date="1701867878000" expanded="true" signature="47597:47693" ph="{...}" />
            <marker date="1701867878000" expanded="true" signature="47871:48268" ph="{...}" />
            <marker date="1701867878000" expanded="true" signature="48278:49161" ph="/// WriteEvent, method to be used by generated code on a derived class ... " />
            <marker date="1701867878000" expanded="true" signature="49170:49392" ph="/* &lt;SecurityKernel Critical=&quot;True&quot; Ring=&quot;0&quot;&gt; ... */" />
            <marker date="1701867878000" expanded="true" signature="49568:50462" ph="{...}" />
            <marker date="1701867878000" expanded="true" signature="49619:50119" ph="{...}" />
            <marker date="1701867878000" expanded="true" signature="50331:50427" ph="{...}" />
            <marker date="1701867878000" expanded="true" signature="50707:51201" ph="{...}" />
            <marker date="1701867878000" expanded="true" signature="51069:51165" ph="{...}" />
            <marker date="1701867878000" expanded="true" signature="51211:51393" ph="/* These are look-alikes to the Manifest based ETW OS APIs that have been shimmed to work ... */" />
            <marker date="1701867878000" expanded="true" signature="51511:51769" ph="{...}" />
            <marker date="1701867878000" expanded="true" signature="55364:56625" ph="{...}" />
            <marker date="1701867878000" expanded="true" signature="55596:55638" ph="{...}" />
            <marker date="1701867878000" expanded="true" signature="55708:55750" ph="{...}" />
            <marker date="1701867878000" expanded="true" signature="56097:56179" ph="{...}" />
            <marker date="1701867878000" expanded="true" signature="56297:56339" ph="{...}" />
            <marker date="1701867878000" expanded="true" signature="56567:56619" ph="{...}" />
          </folding>
        </state>
      </provider>
    </entry>
    <entry file="file:///afs/cri.epita.fr/user/m/ma/marcus.poirot/u/epita-prepa-acdc-PROG-102-P-03-2028-marcus.poirot/SmurfBot/Fundamentals/Inventory.cs">
      <provider selected="true" editor-type-id="text-editor">
        <state>
          <caret line="9" column="5" lean-forward="true" selection-start-line="9" selection-start-column="5" selection-end-line="9" selection-end-column="5" />
          <folding>
            <marker date="1701882750000" expanded="true" signature="133:315" ph="{...}" />
            <marker date="1701882750000" expanded="true" signature="227:309" ph="{...}" />
            <marker date="1701882750000" expanded="true" signature="372:411" ph="{...}" />
          </folding>
        </state>
      </provider>
    </entry>
    <entry file="file://$APPLICATION_CONFIG_DIR$/resharper-host/SourcesCache/68b06b8592b1287fd78f3ee68566d6a38d6e2f45b9a9e6ebd4d0e9972f7c29/Object.cs">
      <provider selected="true" editor-type-id="text-editor">
        <state relative-caret-position="-4">
          <caret line="25" column="8" selection-start-line="25" selection-start-column="8" selection-end-line="25" selection-end-column="8" />
          <folding>
            <marker date="1701867851000" expanded="false" signature="0:136" ph="// Licensed to the .NET Foundation under one or more agreements...." />
            <marker date="1701867851000" expanded="false" signature="144:286" ph="..." />
            <marker date="1701867851000" expanded="true" signature="304:3440" ph="{...}" />
            <marker date="1701867851000" expanded="true" signature="311:604" ph="/* The Object is the root class for all object in the CLR System. Object ... */" />
            <marker date="1701867851000" expanded="true" signature="835:3438" ph="{...}" />
            <marker date="1701867851000" expanded="true" signature="938:958" ph="{...}" />
            <marker date="1701867851000" expanded="true" signature="968:1163" ph="/* Allow an object to free resources before the object is reclaimed by the GC. ... */" />
            <marker date="1701867851000" expanded="true" signature="1264:1284" ph="{...}" />
            <marker date="1701867851000" expanded="true" signature="1325:1476" ph="///Returns a string that represents the current object. ... " />
            <marker date="1701867851000" expanded="true" signature="1518:1672" ph="{...}" />
            <marker date="1701867851000" expanded="true" signature="1682:1985" ph="///Determines whether the specified object is equal to the current object. ... " />
            <marker date="1701867851000" expanded="true" signature="2033:2085" ph="{...}" />
            <marker date="1701867851000" expanded="true" signature="2148:2397" ph="{...}" />
            <marker date="1701867851000" expanded="true" signature="2188:2245" ph="{...}" />
            <marker date="1701867851000" expanded="true" signature="2291:2349" ph="{...}" />
            <marker date="1701867851000" expanded="true" signature="2494:2547" ph="{...}" />
            <marker date="1701867851000" expanded="true" signature="2557:2683" ph="///Serves as the default hash function. ... " />
            <marker date="1701867851000" expanded="true" signature="2724:3432" ph="{...}" />
            <marker date="1701867851000" expanded="true" signature="2747:3368" ph="/* GetHashCode is intended to serve as a hash function for this object. ... */" />
          </folding>
        </state>
      </provider>
    </entry>
    <entry file="file://$PROJECT_DIR$/SmurfBot/Enhancements/BatteryState.cs">
      <provider selected="true" editor-type-id="text-editor">
        <state relative-caret-position="-8">
          <caret column="21" selection-start-column="21" selection-end-column="21" />
          <folding>
            <marker date="1701878488000" expanded="true" signature="58:126" ph="{...}" />
          </folding>
        </state>
      </provider>
    </entry>
    <entry file="file://$PROJECT_DIR$/SmurfBot/Enhancements/Car.cs">
      <provider selected="true" editor-type-id="text-editor">
        <state relative-caret-position="-9">
          <caret line="6" column="30" selection-start-line="6" selection-start-column="30" selection-end-line="6" selection-end-column="30" />
          <folding>
            <marker date="1701969645000" expanded="true" signature="93:1731" ph="{...}" />
            <marker date="1701969645000" expanded="true" signature="183:222" ph="{...}" />
            <marker date="1701969645000" expanded="true" signature="281:562" ph="{...}" />
            <marker date="1701969645000" expanded="true" signature="489:547" ph="{...}" />
            <marker date="1701969645000" expanded="true" signature="591:642" ph="{...}" />
            <marker date="1701969645000" expanded="true" signature="657:1102" ph="/* public int DistanceMax(int cons) ... */" />
            <marker date="1701969645000" expanded="true" signature="1140:1477" ph="{...}" />
            <marker date="1701969645000" expanded="true" signature="1526:1714" ph="{...}" />
          </folding>
        </state>
      </provider>
    </entry>
    <entry file="file://$PROJECT_DIR$/SmurfBot/Proficiencies/Smurf.cs">
      <provider selected="true" editor-type-id="text-editor">
        <state relative-caret-position="924">
          <caret line="44" column="3" selection-start-line="44" selection-start-column="3" selection-end-line="44" selection-end-column="3" />
          <folding>
            <marker date="1702374559000" expanded="true" signature="156:217" ph="{...}" />
            <marker date="1702374559000" expanded="true" signature="246:279" ph="{...}" />
            <marker date="1702374559000" expanded="true" signature="304:336" ph="{...}" />
            <marker date="1702374559000" expanded="true" signature="391:585" ph="{...}" />
            <marker date="1702374559000" expanded="true" signature="464:557" ph="{...}" />
            <marker date="1702374559000" expanded="true" signature="636:850" ph="{...}" />
          </folding>
        </state>
      </provider>
    </entry>
    <entry file="file://$PROJECT_DIR$/SmurfBot/Proficiencies/SmurfPoint.cs">
      <provider selected="true" editor-type-id="text-editor">
        <state relative-caret-position="441">
          <caret line="21" column="17" selection-start-line="21" selection-start-column="17" selection-end-line="21" selection-end-column="17" />
          <folding>
            <marker date="1701969326000" expanded="true" signature="161:212" ph="{...}" />
            <marker date="1701969326000" expanded="true" signature="238:268" ph="{...}" />
            <marker date="1701969326000" expanded="true" signature="294:324" ph="{...}" />
          </folding>
        </state>
      </provider>
    </entry>
    <entry file="file://$PROJECT_DIR$/SmurfBot/Proficiencies/AffineFunction.cs">
      <provider selected="true" editor-type-id="text-editor">
        <state relative-caret-position="525">
          <caret line="25" column="27" selection-start-line="25" selection-start-column="27" selection-end-line="25" selection-end-column="27" />
          <folding>
            <marker date="1701969455000" expanded="true" signature="179:221" ph="{...}" />
            <marker date="1701969455000" expanded="true" signature="247:277" ph="{...}" />
            <marker date="1701969455000" expanded="true" signature="303:333" ph="{...}" />
            <marker date="1701969455000" expanded="true" signature="371:411" ph="{...}" />
          </folding>
        </state>
      </provider>
    </entry>
    <entry file="file://$PROJECT_DIR$/SmurfBot/Program.cs">
      <provider selected="true" editor-type-id="text-editor">
        <state relative-caret-position="2352">
          <caret line="114" column="137" selection-start-line="114" selection-start-column="137" selection-end-line="114" selection-end-column="137" />
          <folding>
            <element signature="e#65#123#0" expanded="true" />
            <marker date="1701973179000" expanded="true" signature="151:370" ph="/* Smurf smurf = new Smurf(&quot;SmurfBot&quot;, 25, 1, 15); ... */" />
            <marker date="1701973179000" expanded="true" signature="371:766" ph="/* Smurf smurf = new Smurf(&quot;Handy Smurf&quot;, 25, 1, 15); ... */" />
            <marker date="1701973179000" expanded="true" signature="768:1155" ph="/* Smurf smurf = new Smurf(&quot;Handy Smurf&quot;, 25, 1, 15); ... */" />
            <marker date="1701973179000" expanded="true" signature="1156:1317" ph="/* Gargamel gargamel = new Gargamel(25, 15); ... */" />
            <marker date="1701973179000" expanded="true" signature="1322:1584" ph="/* Gargamel gargamel = new Gargamel(25, 15); ... */" />
            <marker date="1701973179000" expanded="true" signature="1585:1920" ph="/* Gargamel gargamel = new Gargamel(25, 15); ... */" />
            <marker date="1701973179000" expanded="true" signature="1922:2496" ph="/* Potion potion1 = new Potion(1, 3); ... */" />
            <marker date="1701973179000" expanded="true" signature="2497:3599" ph="/* Potion potion = new Potion(1, 4); ... */" />
            <marker date="1701973179000" expanded="true" signature="3600:3820" ph="/* Inventory potionsList = new Inventory(new int[] {4, 2, 5}); ... */" />
            <marker date="1701973179000" expanded="true" signature="3821:4073" ph="/* Inventory potionsList = new Inventory(new int[] {4, 2, 5}); ... */" />
            <marker date="1701973179000" expanded="true" signature="5028:6290" ph="/* Inventory potionsList = new Inventory(new int[] {4, 1, 3}); ... */" />
            <marker date="1701973179000" expanded="true" signature="6291:6803" ph="/* Smurf smurf = new Smurf(&quot;Handy Smurf&quot;, 25, 1, 15); ... */" />
            <marker date="1701973179000" expanded="true" signature="6804:7359" ph="/* Console.WriteLine(Car.GetBatteryInt(BatteryState.Ultralow));     // 0 ... */" />
            <marker date="1701973179000" expanded="true" signature="7360:7487" ph="/* Car car1 = new Car(100); ... */" />
            <marker date="1701973179000" expanded="true" signature="7488:8024" ph="/* Car car1 = new Car(100); ... */" />
            <marker date="1701973179000" expanded="true" signature="8025:9196" ph="/* Car car1 = new Car(100); ... */" />
            <marker date="1701973179000" expanded="true" signature="9197:9582" ph="/* Smurf[] smurfs = { ... */" />
            <marker date="1701973179000" expanded="true" signature="9584:9850" ph="/* Smurf smurf = new Smurf(&quot;TrueSmurf&quot;, 123); ... */" />
          </folding>
        </state>
      </provider>
    </entry>
    <entry file="file://$PROJECT_DIR$/SmurfBot/Proficiencies/MagicFormula.cs">
      <provider selected="true" editor-type-id="text-editor">
        <state relative-caret-position="798">
          <caret line="38" column="4" selection-start-line="38" selection-start-column="4" selection-end-line="38" selection-end-column="4" />
          <folding>
            <marker date="1701970196000" expanded="true" signature="127:320" ph="{...}" />
            <marker date="1701970196000" expanded="true" signature="204:296" ph="{...}" />
            <marker date="1701970196000" expanded="true" signature="370:512" ph="{...}" />
            <marker date="1701970196000" expanded="true" signature="576:609" ph="{...}" />
            <marker date="1701970196000" expanded="true" signature="684:717" ph="{...}" />
          </folding>
        </state>
      </provider>
    </entry>
    <entry file="file://$PROJECT_DIR$/SmurfBot/Fundamentals/Smurf.cs">
      <provider selected="true" editor-type-id="text-editor">
        <state relative-caret-position="420">
          <caret line="20" selection-start-line="20" selection-end-line="43" selection-end-column="19" />
          <folding>
            <marker date="1701971883000" expanded="true" signature="268:374" ph="{...}" />
            <marker date="1701971883000" expanded="true" signature="406:961" ph="{...}" />
            <marker date="1701971883000" expanded="true" signature="474:518" ph="{...}" />
            <marker date="1701971883000" expanded="true" signature="596:640" ph="{...}" />
            <marker date="1701971883000" expanded="true" signature="997:1027" ph="{...}" />
            <marker date="1701971883000" expanded="true" signature="1075:1117" ph="{...}" />
          </folding>
        </state>
      </provider>
    </entry>
    <entry file="file://$PROJECT_DIR$/SmurfBot/Fundamentals/Game.cs">
      <provider selected="true" editor-type-id="text-editor">
        <state relative-caret-position="1827">
          <caret line="87" column="8" selection-start-line="87" selection-start-column="8" selection-end-line="87" selection-end-column="8" />
          <folding>
            <marker date="1701970905000" expanded="true" signature="196:1328" ph="{...}" />
            <marker date="1701970905000" expanded="true" signature="252:341" ph="{...}" />
            <marker date="1701970905000" expanded="true" signature="396:480" ph="{...}" />
            <marker date="1701970905000" expanded="true" signature="535:617" ph="{...}" />
            <marker date="1701970905000" expanded="true" signature="681:764" ph="{...}" />
            <marker date="1701970905000" expanded="true" signature="819:900" ph="{...}" />
            <marker date="1701970905000" expanded="true" signature="955:1036" ph="{...}" />
            <marker date="1701970905000" expanded="true" signature="1069:1148" ph="{...}" />
            <marker date="1701970905000" expanded="true" signature="1181:1281" ph="{...}" />
            <marker date="1701970905000" expanded="true" signature="1417:1516" ph="{...}" />
            <marker date="1701970905000" expanded="true" signature="1588:1748" ph="{...}" />
            <marker date="1701970905000" expanded="true" signature="1621:1716" ph="{...}" />
            <marker date="1701970905000" expanded="true" signature="1817:2088" ph="{...}" />
            <marker date="1701970905000" expanded="true" signature="1867:1925" ph="{...}" />
            <marker date="1701970905000" expanded="true" signature="1969:2026" ph="{...}" />
            <marker date="1701970905000" expanded="true" signature="2169:3248" ph="{...}" />
            <marker date="1701970905000" expanded="true" signature="2227:3183" ph="{...}" />
            <marker date="1701970905000" expanded="true" signature="2773:2987" ph="{...}" />
          </folding>
        </state>
      </provider>
    </entry>
    <entry file="file://$PROJECT_DIR$/SmurfBot/Fundamentals/Inventory.cs">
      <provider selected="true" editor-type-id="text-editor">
        <state relative-caret-position="819">
          <caret line="39" column="29" selection-start-line="39" selection-start-column="29" selection-end-line="39" selection-end-column="29" />
          <folding>
            <marker date="1701973232000" expanded="true" signature="142:322" ph="{...}" />
            <marker date="1701973232000" expanded="true" signature="235:316" ph="{...}" />
            <marker date="1701973232000" expanded="true" signature="364:1132" ph="{...}" />
            <marker date="1701973232000" expanded="true" signature="432:476" ph="{...}" />
            <marker date="1701973232000" expanded="true" signature="545:589" ph="{...}" />
            <marker date="1701973232000" expanded="true" signature="703:787" ph="{...}" />
            <marker date="1701973232000" expanded="true" signature="905:1066" ph="{...}" />
            <marker date="1701973232000" expanded="true" signature="1169:1295" ph="{...}" />
            <marker date="1701973232000" expanded="true" signature="1333:1468" ph="{...}" />
          </folding>
        </state>
      </provider>
    </entry>
    <entry file="file://$PROJECT_DIR$/SmurfBot/Fundamentals/Gargamel.cs">
      <provider selected="true" editor-type-id="text-editor">
        <state relative-caret-position="672">
          <caret line="32" column="37" selection-start-line="32" selection-start-column="37" selection-end-line="32" selection-end-column="37" />
          <folding>
            <marker date="1701972046000" expanded="true" signature="55:767" ph="{...}" />
            <marker date="1701972046000" expanded="true" signature="165:219" ph="{...}" />
            <marker date="1701972046000" expanded="true" signature="252:679" ph="{...}" />
            <marker date="1701972046000" expanded="true" signature="320:364" ph="{...}" />
            <marker date="1701972046000" expanded="true" signature="431:475" ph="{...}" />
            <marker date="1701972046000" expanded="true" signature="718:748" ph="{...}" />
          </folding>
        </state>
      </provider>
    </entry>
    <entry file="file://$PROJECT_DIR$/SmurfBot/Fundamentals/Potion.cs">
      <provider selected="true" editor-type-id="text-editor">
        <state relative-caret-position="105">
          <caret line="5" column="38" lean-forward="true" selection-start-line="5" selection-start-column="38" selection-end-line="5" selection-end-column="38" />
          <folding>
            <marker date="1701973338000" expanded="true" signature="164:228" ph="{...}" />
            <marker date="1701973338000" expanded="true" signature="266:352" ph="{...}" />
            <marker date="1701973338000" expanded="true" signature="381:538" ph="{...}" />
            <marker date="1701973338000" expanded="true" signature="567:717" ph="{...}" />
          </folding>
        </state>
      </provider>
    </entry>
  </component>
</project>