<application>
  <component name="ActionsLocalSummary">
    <e n="$Copy">
      <i c="1" l="1695831693893" />
    </e>
    <e n="$Cut">
      <i c="1" l="1695642057712" />
    </e>
    <e n="$Delete">
      <i c="8" l="1701266247846" />
    </e>
    <e n="$Paste">
      <i c="4" l="1698163148477" />
    </e>
    <e n="$SelectAll">
      <i c="2" l="1702402499660" />
    </e>
    <e n="$Undo">
      <i c="1503" l="1703174837880" />
    </e>
    <e n="ActivateBookmarksToolWindow">
      <i c="2" l="1697643255653" />
    </e>
    <e n="ActivateProjectToolWindow">
      <i c="2" l="1697643255125" />
    </e>
    <e n="ActivateVersionControlToolWindow">
      <i c="2" l="1702912786783" />
    </e>
    <e n="AddReferenceAction">
      <i c="11" l="1696258480836" />
    </e>
    <e n="AddRiderItem">
      <i c="1" l="1695978521244" />
    </e>
    <e n="Back">
      <i c="79" l="1703088265223" />
    </e>
    <e n="BuildCurrentProject">
      <i c="4" l="1703008390446" />
    </e>
    <e n="CloneCaretAboveWithVirtualSpace">
      <i c="1" l="1698168044730" />
    </e>
    <e n="CodeCompletion">
      <i c="3" l="1702475245747" />
    </e>
    <e n="CopyReference">
      <i c="1" l="1695643590037" />
    </e>
    <e n="EditCustomVmOptions">
      <i c="1" l="1702399686072" />
    </e>
    <e n="EditPropertiesAction">
      <i c="4" l="1698162088106" />
    </e>
    <e n="EditSource">
      <i c="6" l="1700663571153" />
    </e>
    <e n="EditorBackSpace">
      <i c="20664" l="1704985966662" />
    </e>
    <e n="EditorChooseLookupItem">
      <i c="753" l="1703174916794" />
    </e>
    <e n="EditorChooseLookupItemReplace">
      <i c="2293" l="1703174928426" />
    </e>
    <e n="EditorCopy">
      <i c="847" l="1703174902497" />
    </e>
    <e n="EditorCut">
      <i c="5" l="1702491447878" />
    </e>
    <e n="EditorDelete">
      <i c="3" l="1704985950347" />
    </e>
    <e n="EditorDeleteLine">
      <i c="1" l="1697644879880" />
    </e>
    <e n="EditorDeleteToWordStart">
      <i c="8" l="1703011843810" />
    </e>
    <e n="EditorDown">
      <i c="3581" l="1703174260448" />
    </e>
    <e n="EditorDuplicate">
      <i c="5" l="1697817773353" />
    </e>
    <e n="EditorEnter">
      <i c="3798" l="1704985969222" />
    </e>
    <e n="EditorEscape">
      <i c="69" l="1703170670637" />
    </e>
    <e n="EditorIndentSelection">
      <i c="23" l="1703085684515" />
    </e>
    <e n="EditorLeft">
      <i c="4687" l="1704985932969" />
    </e>
    <e n="EditorLineEnd">
      <i c="15" l="1703076897038" />
    </e>
    <e n="EditorLineStart">
      <i c="4" l="1703094994587" />
    </e>
    <e n="EditorPageUp">
      <i c="2" l="1701969635987" />
    </e>
    <e n="EditorPaste">
      <i c="1829" l="1703174905233" />
    </e>
    <e n="EditorPasteFromX11">
      <i c="17" l="1700585261802" />
    </e>
    <e n="EditorPasteSimple">
      <i c="1" l="1695647383372" />
    </e>
    <e n="EditorPreviousWord">
      <i c="1" l="1703080405733" />
    </e>
    <e n="EditorRight">
      <i c="6760" l="1704985968574" />
    </e>
    <e n="EditorRightWithSelection">
      <i c="1" l="1704985204069" />
    </e>
    <e n="EditorScrollUp">
      <i c="2" l="1695976853100" />
    </e>
    <e n="EditorSelectWord">
      <i c="4" l="1700586353840" />
    </e>
    <e n="EditorStartNewLineBefore">
      <i c="47" l="1703096684009" />
    </e>
    <e n="EditorTab">
      <i c="414" l="1703174741359" />
    </e>
    <e n="EditorTabsEntryPoint">
      <i c="2" l="1702464862674" />
    </e>
    <e n="EditorToggleInsertState">
      <i c="84" l="1703095737436" />
    </e>
    <e n="EditorUnindentSelection">
      <i c="1" l="1697632447681" />
    </e>
    <e n="EditorUp">
      <i c="1324" l="1703174523110" />
    </e>
    <e n="Exit">
      <i c="3" l="1698162171887" />
    </e>
    <e n="FileChooser.GotoHome">
      <i c="1" l="1695640812426" />
    </e>
    <e n="Find">
      <i c="13" l="1702476923751" />
    </e>
    <e n="Forward">
      <i c="70" l="1703088268991" />
    </e>
    <e n="FullyExpandTreeNode">
      <i c="1" l="1700586463808" />
    </e>
    <e n="GotoAction">
      <i c="1" l="1697634953131" />
    </e>
    <e n="GotoDeclaration">
      <i c="1" l="1703095974426" />
    </e>
    <e n="HideAllWindows">
      <i c="43" l="1703089011207" />
    </e>
    <e n="MoveLineDown">
      <i c="26" l="1702462249131" />
    </e>
    <e n="MoveLineUp">
      <i c="125" l="1703077943678" />
    </e>
    <e n="NewDir">
      <i c="18" l="1703076252703" />
    </e>
    <e n="NewRiderProject">
      <i c="23" l="1702911996766" />
    </e>
    <e n="NewRiderSolutionFolder">
      <i c="3" l="1701261853540" />
    </e>
    <e n="NextTemplateVariable">
      <i c="2" l="1703007249377" />
    </e>
    <e n="PasteMultiple">
      <i c="2" l="1703005052973" />
    </e>
    <e n="ReSharperGotoNextErrorInSolution">
      <i c="7" l="1703088996125" />
    </e>
    <e n="Register">
      <i c="26" l="1703075148759" />
    </e>
    <e n="RenameElement">
      <i c="41" l="1703008467358" />
    </e>
    <e n="Rerun">
      <i c="5" l="1695832564197" />
    </e>
    <e n="RiderEditSourceInRightSplit">
      <i c="20" l="1703174280830" />
    </e>
    <e n="RiderNewSolution">
      <i c="14" l="1703076392782" />
    </e>
    <e n="RiderOnlineHelpAction">
      <i c="2" l="1701866076898" />
    </e>
    <e n="RiderOpenSolution">
      <i c="4" l="1701798909929" />
    </e>
    <e n="RiderUnitTestDebugContextAction">
      <i c="1" l="1695723678686" />
    </e>
    <e n="RunAnything">
      <i c="7" l="1698234434710" />
    </e>
    <e n="RunToCursor">
      <i c="1" l="1695643092099" />
    </e>
    <e n="RunToolbarEditConfigurationAction">
      <i c="15" l="1703089073694" />
    </e>
    <e n="RunToolbarMainMoreActionGroup">
      <i c="3" l="1698162102334" />
    </e>
    <e n="RunToolbarRerunAction">
      <i c="11" l="1702463172737" />
    </e>
    <e n="RunToolbarResumeAction">
      <i c="5" l="1700657438081" />
    </e>
    <e n="RunToolbarStopAction">
      <i c="33" l="1703079519602" />
    </e>
    <e n="SaveAll">
      <i c="27" l="1703012779355" />
    </e>
    <e n="SaveDocument">
      <i c="34" l="1703077499621" />
    </e>
    <e n="SearchEverywhere">
      <i c="3" l="1703085886276" />
    </e>
    <e n="SearchEverywhereNewToolbarAction">
      <i c="3" l="1701263852653" />
    </e>
    <e n="SettingsEntryPoint">
      <i c="3" l="1695827712636" />
    </e>
    <e n="ShowIntentionActions">
      <i c="31" l="1702386020559" />
    </e>
    <e n="ShowPopupMenu">
      <i c="3" l="1700587469454" />
    </e>
    <e n="ShowSettings">
      <i c="2" l="1695827807815" />
    </e>
    <e n="StepInto">
      <i c="205" l="1703079489795" />
    </e>
    <e n="StepOut">
      <i c="4" l="1701334118238" />
    </e>
    <e n="StepOver">
      <i c="213" l="1703079494299" />
    </e>
    <e n="Switcher">
      <i c="2" l="1697629196148" />
    </e>
    <e n="ToggleLineBreakpoint">
      <i c="75" l="1703171515429" />
    </e>
    <e n="Unsplit">
      <i c="2" l="1702464864707" />
    </e>
    <e n="com.intellij.find.SearchReplaceComponent$CloseAction">
      <i c="9" l="1702476937027" />
    </e>
    <e n="com.intellij.find.editorHeaderActions.NextOccurrenceAction">
      <i c="13" l="1697212389950" />
    </e>
    <e n="com.intellij.ide.ReopenProjectAction">
      <i c="6" l="1703097744709" />
    </e>
    <e n="com.intellij.ide.actions.runAnything.ui.RunAnythingScrollingUtil$1">
      <i c="1" l="1698234435511" />
    </e>
    <e n="com.intellij.notification.NotificationAction$Simple">
      <i c="2" l="1700585351409" />
    </e>
    <e n="com.intellij.openapi.actionSystem.EmptyAction$MyDelegatingAction">
      <i c="1" l="1695648586749" />
    </e>
    <e n="com.intellij.openapi.editor.impl.EditorMarkupModelImpl$TrafficLightAction">
      <i c="29" l="1703010828785" />
    </e>
    <e n="com.intellij.openapi.fileEditor.impl.tabActions.CloseTab">
      <i c="202" l="1703174327113" />
    </e>
    <e n="com.intellij.openapi.project.DumbAwareAction$SimpleDumbAwareAction">
      <i c="7" l="1703084111493" />
    </e>
    <e n="com.intellij.openapi.ui.DialogWrapper$4">
      <i c="1" l="1701273976047" />
    </e>
    <e n="com.intellij.openapi.wm.impl.content.SingleContentLayout$CloseCurrentContentAction">
      <i c="12" l="1703007632476" />
    </e>
    <e n="com.intellij.toolWindow.ToolWindowHeader$HideAction">
      <i c="86" l="1703173677374" />
    </e>
    <e n="com.intellij.toolWindow.ToolWindowHeader$ShowOptionsAction">
      <i c="1" l="1697815237916" />
    </e>
    <e n="com.intellij.xdebugger.impl.breakpoints.RemoveBreakpointGutterIconAction">
      <i c="51" l="1703171531797" />
    </e>
    <e n="com.jetbrains.rider.actions.RiderAsyncBackendDelegatingActionPromoter$FallbackBackendAction">
      <i c="56" l="1703171518881" />
    </e>
    <e n="com.jetbrains.rider.debugger.components.RiderPaneWithTitle$getActionGroup$1">
      <i c="3" l="1695723669429" />
    </e>
    <e n="com.jetbrains.rider.hyperlinks.ToggleLineBreakpointPlaceholderAction">
      <i c="29" l="1703079476204" />
    </e>
    <e n="com.jetbrains.rider.hyperlinks.ToggleLineDisabledBreakpointAction">
      <i c="9" l="1703094843918" />
    </e>
    <e n="com.jetbrains.rider.intentions.gutterWrappers.BackendGutterMarkWrapper$getClickAction$1">
      <i c="325" l="1703173981252" />
    </e>
    <e n="com.jetbrains.rider.projectView.actions.newFile.RiderNewMultiFileFromTemplateAction">
      <i c="84" l="1703171108969" />
    </e>
    <e n="com.jetbrains.rider.ui.components.ComponentFactories$Companion$getAnAction$1">
      <i c="5" l="1700657413553" />
    </e>
    <e n="mainRunToolbarDebugProcess">
      <i c="34" l="1703079472603" />
    </e>
    <e n="mainRunToolbarRunProcess">
      <i c="1113" l="1703173316186" />
    </e>
  </component>
</application>