<application>
  <component name="NotRoamableUiSettings">
    <option name="presentationModeIdeScale" value="1.75" />
  </component>
  <component name="PropertyService"><![CDATA[{
  "keyToString": {
    "CWM_LOGGING_VERSION": "1",
    "Debug.Allow.Typing": "true",
    "FindSplitterProportion": "0.2642819",
    "InstalledPluginsSearchHistory": "/tag:Keymap",
    "MarketplacePluginsSearchHistory": "/tag:Keymap",
    "NextRunPlatformUpdateBuild": "RD-231.9225.23",
    "NextRunPlatformUpdateVersion": "2023.1.4",
    "NonModalCommitCustomization.IsApplied": "true",
    "PluginConfigurable.selectionTab": "1",
    "RD.Init.Cfg.2": "true",
    "RD.Init.DialogShown.Ide": "true",
    "Rider.Last.Started.IDE.Build": "RD-231.9011.39",
    "RiderUnitTestPanelSplitter.Horizontal": "0.5",
    "RunOnceActivity.se.text.search": "true",
    "SettingsSearchHistory": "licen",
    "Tutorials.In.Recent.Projects.Disabled": "true",
    "appcds.runOnSecondStart": "RD-231.9011.39-2a27f76ae40d3c3d1fc7c362128fb69fff04a99e5c18a4718264d273efebe378",
    "ask.about.ctrl.y.shortcut.v2": "true",
    "bundled.plugins.list.saved.version": "RD-231.9011.39",
    "com.intellij.ide.navigationToolbar.experimental.showSearchEverywhereHotKeyTip": "false",
    "debugger.layout.watches.defaultThreadsProportion": "0.59658486",
    "evlsprt3.231": "22",
    "experimental.ui.first.promotion.localdate": "2023-09-25",
    "experimentalFeature.editor.reader.mode": "false",
    "file.gist.reindex.count": "2",
    "fileTypeChangedCounter": "2",
    "fontSizeToResetConsole": "13.0",
    "fontSizeToResetEditor": "13.0",
    "ide.widget.toolbar.first.inclusion": "2",
    "ignoreUltimateEdition": "true",
    "input.method.disabler.muted": "true",
    "last_open_solution_path": "/home/marcus.poirot/afs/epita-prepa-acdc-PROG-102-P-03-2028-marcus.poirot",
    "last_opened_file_path": "/home/marcus.poirot/afs/epita-prepa-acdc-PROG-102-P-05-2028-marcus.poirot",
    "last_selected_template": "Console Application|.NET / .NET Core",
    "last_selected_template_parameters": "TargetFrameworkOverride=net7.0;Type=xUnit;Language=C#;DockerSupport=Disabled;Framework=v4.8;",
    "migrated.non.roamable.values.from.general.settings": "true",
    "previousColorScheme": "_@user_Visual Studio Dark",
    "registry.to.advanced.settings.migration.build": "RD-231.9011.39",
    "rider.tool.window.stripe.manager.enable": "true",
    "rider.whats.new.should.shown": "1",
    "settings.code.style.selected.tab.C#": "Naming",
    "tasks.pass.word.conversion.enforced": "true",
    "toolwindow.stripes.buttons.info.shown": "true",
    "ts.lib.d.ts.version": "4.8.4"
  },
  "keyToStringList": {
    "file.chooser.recent.files": [
      "/home/marcus.poirot/afs/epita-prepa-acdc-PROG-102-P-05-2028-marcus.poirot",
      "/home/marcus.poirot/afs/epita-prepa-acdc-PROG-102-P-04-2028-marcus.poirot",
      "/home/marcus.poirot/afs/epita-prepa-acdc-PROG-102-P-03-2028-marcus.poirot",
      "/home/marcus.poirot/afs/epita-prepa-acdc-PROG-102-P-02-2028-marcus.poirot",
      "/home/marcus.poirot/afs/epita-prepa-acdc-PROG-102-P-01-2028-marcus.poirot",
      "/home/marcus.poirot/afs/epita-prepa-acdc-PROG-101-E-01-2028-marcus.poirot",
      "/home/marcus.poirot/afs/epita-prepa-acdc-PROG-101-P-05-2028-marcus.poirot",
      "/home/marcus.poirot/afs/epita-prepa-acdc-PROG-101-P-04-2028-marcus.poirot/SmurfAdventures",
      "/home/marcus.poirot/afs/epita-prepa-acdc-PROG-101-P-04-2028-marcus.poirot/SmurfAdventures/Fundamentals",
      "/home/marcus.poirot/afs/epita-prepa-acdc-PROG-101-P-04-2028-marcus.poirot/SmurfAdventures/Fundamentals/smurfVillage",
      "/home/marcus.poirot/afs/epita-prepa-acdc-PROG-101-P-04-2028-marcus.poirot",
      "/home/marcus.poirot/afs/epita-prepa-acdc-PROG-101-P-03-2028-marcus.poirot",
      "/home/marcus.poirot/afs/epita-prepa-acdc-PROG-101-P-02-2028-marcus.poirot",
      "/home/marcus.poirot/afs/epita-prepa-acdc-PROG-101-P-01-2028-marcus.poirot",
      "/afs"
    ],
    "fileTypeDetectors": [
      "com.intellij.ide.scratch.ScratchFileServiceImpl$Detector",
      "com.jetbrains.rider.cpp.fileType.CppHeaderFileTypeDetector",
      "com.intellij.javascript.debugger.sourcemap.SourceMapFileType$MyFileTypeDetector",
      "com.intellij.database.vfs.DbStorageFileType$Detector",
      "com.intellij.docker.dockerFile.DockerFileTypeDetector",
      "com.jetbrains.nodejs.util.NodeFileTypeDetector$JavaScriptFileTypeDetector",
      "com.jetbrains.nodejs.util.NodeFileTypeDetector$TypeScriptFileTypeDetector",
      "org.jetbrains.plugins.textmate.TextMateFileType$TextMateFileDetector"
    ]
  }
}]]></component>
  <component name="ToolbarSettingsService">
    <option name="SHOW_NEW_MAIN_TOOLBAR" value="true" />
  </component>
</application>