<application>
  <component name="ProjectManager">
    <defaultProject>
      <component name="Encoding" addBOMForNewFiles="with BOM under Windows, with no BOM otherwise" />
      <component name="WindowStateProjectService">
        <state x="1220" y="269" width="584" height="502" key="FileChooserDialogImpl" timestamp="1702911972027">
          <screen x="0" y="0" width="1920" height="1080" />
        </state>
        <state x="1220" y="269" width="584" height="502" key="FileChooserDialogImpl/0.0.1920.1080" timestamp="1702911972027" />
        <state x="1220" y="299" key="FileChooserDialogImpl/0.0.1920.1200" timestamp="1700585033268" />
        <state x="1035" y="265" width="804" height="520" key="Rider.ProjectTemplateDialog.Size" timestamp="1702911982881">
          <screen x="0" y="0" width="1920" height="1080" />
        </state>
        <state x="1035" y="265" width="804" height="520" key="Rider.ProjectTemplateDialog.Size/0.0.1920.1080" timestamp="1702911982881" />
        <state x="479" y="257" key="Rider.ProjectTemplateDialog.Size/0.0.1920.1200" timestamp="1700585035366" />
      </component>
    </defaultProject>
  </component>
</application>