<application>
  <component name="RiderRecentProjectsManager">
    <option name="additionalInfo">
      <map>
        <entry key="$USER_HOME$/afs/epita-prepa-acdc-PROG-101-P-01-2028-marcus.poirot/BabySmurf.sln">
          <value>
            <RecentProjectMetaInfo frameTitle="BabySmurf – First.cs" projectWorkspaceId="2Vt22tVU22CEX596IURiFtTrIHN">
              <option name="activationTimestamp" value="1695978852618" />
              <option name="binFolder" value="$APPLICATION_HOME_DIR$/bin" />
              <option name="build" value="RD-231.9011.39" />
              <option name="buildTimestamp" value="1684318910372" />
              <frame x="820" y="0" width="1100" height="1061" />
              <option name="productionCode" value="RD" />
              <option name="projectOpenTimestamp" value="1695978477056" />
            </RecentProjectMetaInfo>
          </value>
        </entry>
        <entry key="$USER_HOME$/afs/epita-prepa-acdc-PROG-101-P-03-2028-marcus.poirot/SmurfLooping.sln">
          <value>
            <RecentProjectMetaInfo frameTitle="SmurfLooping – Problems.cs" projectWorkspaceId="2Wco4qg6dIQ7lsPV78epgLKoUHp">
              <option name="activationTimestamp" value="1697214437480" />
              <option name="binFolder" value="$APPLICATION_HOME_DIR$/bin" />
              <option name="build" value="RD-231.9011.39" />
              <option name="buildTimestamp" value="1684318862461" />
              <frame x="25" y="0" width="1895" height="1061" />
              <option name="productionCode" value="RD" />
              <option name="projectOpenTimestamp" value="1697212089139" />
            </RecentProjectMetaInfo>
          </value>
        </entry>
        <entry key="$USER_HOME$/afs/epita-prepa-acdc-PROG-101-P-02-2028-marcus.poirot/SmurfRecursion.sln">
          <value>
            <RecentProjectMetaInfo frameTitle="SmurfRecursion – Gargamel.cs" projectWorkspaceId="2WDCotkA2xd8L4CQtLQooc80wHE">
              <option name="activationTimestamp" value="1697213352551" />
              <option name="binFolder" value="$APPLICATION_HOME_DIR$/bin" />
              <option name="build" value="RD-231.9011.39" />
              <option name="buildTimestamp" value="1684318862461" />
              <frame x="960" y="0" width="960" height="1061" />
              <option name="productionCode" value="RD" />
              <option name="projectOpenTimestamp" value="1697213185969" />
            </RecentProjectMetaInfo>
          </value>
        </entry>
        <entry key="$USER_HOME$/afs/epita-prepa-acdc-PROG-101-P-04-2028-marcus.poirot/SmurfAdventures.sln">
          <value>
            <RecentProjectMetaInfo frameTitle="SmurfAdventures – SmurfVillageParty.cs" projectWorkspaceId="2Wvy8IIhExQU8XcsXFG6SLUFzqK">
              <option name="activationTimestamp" value="1697822519941" />
              <option name="binFolder" value="$APPLICATION_HOME_DIR$/bin" />
              <option name="build" value="RD-231.9011.39" />
              <option name="buildTimestamp" value="1684318919188" />
              <frame x="0" y="0" width="1920" height="1061" />
              <option name="productionCode" value="RD" />
              <option name="projectOpenTimestamp" value="1697803867160" />
            </RecentProjectMetaInfo>
          </value>
        </entry>
        <entry key="$USER_HOME$/afs/epita-prepa-acdc-PROG-101-P-05-2028-marcus.poirot/SmurfasticFibo.sln">
          <value>
            <RecentProjectMetaInfo frameTitle="SmurfasticFibo – SmurfasticFibo/…/DebugMe.cs" projectWorkspaceId="2XDSkZY5NJ96lpnvUods4oi9wy7">
              <option name="activationTimestamp" value="1698427315753" />
              <option name="binFolder" value="$APPLICATION_HOME_DIR$/bin" />
              <option name="build" value="RD-231.9011.39" />
              <option name="buildTimestamp" value="1684318909192" />
              <frame x="0" y="0" width="1920" height="1061" />
              <option name="productionCode" value="RD" />
              <option name="projectOpenTimestamp" value="1698419356356" />
            </RecentProjectMetaInfo>
          </value>
        </entry>
        <entry key="$USER_HOME$/afs/epita-prepa-acdc-PROG-101-E-01-2028-marcus.poirot/Smurfing.sln">
          <value>
            <RecentProjectMetaInfo frameTitle="Smurfing – Jumbling.cs" projectWorkspaceId="2Y7poDRk74GkP4ScrIOqxjd26jD">
              <option name="activationTimestamp" value="1700064654319" />
              <option name="binFolder" value="$APPLICATION_HOME_DIR$/bin" />
              <option name="build" value="RD-231.9011.39" />
              <option name="buildTimestamp" value="1684318900824" />
              <frame x="0" y="0" width="1920" height="1061" />
              <option name="productionCode" value="RD" />
              <option name="projectOpenTimestamp" value="1700051758105" />
            </RecentProjectMetaInfo>
          </value>
        </entry>
        <entry key="$USER_HOME$/afs/epita-prepa-acdc-PROG-102-P-01-2028-marcus.poirot/PartySmurf.sln">
          <value>
            <RecentProjectMetaInfo frameTitle="PartySmurf – ~/afs/epita-prepa-acdc-PROG-102-P-01-2028-marcus.poirot/PartySmurf/PackingBags.cs" projectWorkspaceId="2YUfNUtobyxC9VyKVhYWKaWsVn7">
              <option name="activationTimestamp" value="1700760039220" />
              <option name="binFolder" value="$APPLICATION_HOME_DIR$/bin" />
              <option name="build" value="RD-231.9011.39" />
              <option name="buildTimestamp" value="1684318909375" />
              <frame x="0" y="0" width="1920" height="1061" />
              <option name="productionCode" value="RD" />
              <option name="projectOpenTimestamp" value="1700760021802" />
            </RecentProjectMetaInfo>
          </value>
        </entry>
        <entry key="$USER_HOME$/afs/epita-prepa-acdc-PROG-102-P-02-2028-marcus.poirot/SmurfFestival.sln">
          <value>
            <RecentProjectMetaInfo frameTitle="SmurfFestival – ~/afs/epita-prepa-acdc-PROG-102-P-02-2028-marcus.poirot/SmurfFestival/Enhancements/Wagons.cs" projectWorkspaceId="2Yqn7ktcv3m3auGCbdzSLGBYdi7">
              <option name="activationTimestamp" value="1701798879311" />
              <option name="binFolder" value="$APPLICATION_HOME_DIR$/bin" />
              <option name="build" value="RD-231.9011.39" />
              <option name="buildTimestamp" value="1684318889661" />
              <frame x="960" y="0" width="960" height="1061" />
              <option name="productionCode" value="RD" />
              <option name="projectOpenTimestamp" value="1701798875208" />
            </RecentProjectMetaInfo>
          </value>
        </entry>
        <entry key="$USER_HOME$/afs/epita-prepa-acdc-PROG-102-P-03-2028-marcus.poirot/SmurfBot.sln">
          <value>
            <RecentProjectMetaInfo frameTitle="SmurfBot – Potion.cs" projectWorkspaceId="2Z8LlnvSTKMMArFtjmhhsfTh6gb">
              <option name="activationTimestamp" value="1703076405993" />
              <option name="binFolder" value="$APPLICATION_HOME_DIR$/bin" />
              <option name="build" value="RD-231.9011.39" />
              <option name="buildTimestamp" value="1684318883201" />
              <frame x="960" y="0" width="960" height="1061" />
              <option name="productionCode" value="RD" />
              <option name="projectOpenTimestamp" value="1703076398787" />
            </RecentProjectMetaInfo>
          </value>
        </entry>
        <entry key="$USER_HOME$/afs/epita-prepa-acdc-PROG-102-P-04-2028-marcus.poirot/Smurfket.sln">
          <value>
            <RecentProjectMetaInfo frameTitle="Smurfket – PotionType.cs" opened="true" projectWorkspaceId="2ZR9qyMG5Knps52wah5bsZy0pcH">
              <option name="activationTimestamp" value="1703097873344" />
              <option name="binFolder" value="$APPLICATION_HOME_DIR$/bin" />
              <option name="build" value="RD-231.9011.39" />
              <option name="buildTimestamp" value="1684318868370" />
              <frame x="960" y="0" width="960" height="1061" />
              <option name="productionCode" value="RD" />
              <option name="projectOpenTimestamp" value="1703097746430" />
            </RecentProjectMetaInfo>
          </value>
        </entry>
        <entry key="$USER_HOME$/afs/epita-prepa-acdc-PROG-102-P-05-2028-marcus.poirot/SmurfGetaway.sln">
          <value>
            <RecentProjectMetaInfo frameTitle="SmurfGetaway – DataProcessing.cs" opened="true" projectWorkspaceId="2ZijqY15ZVwmhfAO1dX3WP10Mgq">
              <option name="activationTimestamp" value="1704985798929" />
              <option name="binFolder" value="$APPLICATION_HOME_DIR$/bin" />
              <option name="build" value="RD-231.9011.39" />
              <option name="buildTimestamp" value="1684318910459" />
              <frame x="0" y="0" width="1920" height="1061" />
              <option name="productionCode" value="RD" />
              <option name="projectOpenTimestamp" value="1704984767449" />
            </RecentProjectMetaInfo>
          </value>
        </entry>
      </map>
    </option>
    <option name="lastOpenedProject" value="$USER_HOME$/afs/epita-prepa-acdc-PROG-102-P-05-2028-marcus.poirot/SmurfGetaway.sln" />
    <option name="lastProjectLocation" value="$USER_HOME$/afs/epita-prepa-acdc-PROG-102-P-05-2028-marcus.poirot" />
  </component>
</application>