<application>
  <component name="SolutionConfigurationStore">
    <option name="configurations">
      <map>
        <entry key="$USER_HOME$/afs/epita-prepa-acdc-PROG-101-E-01-2028-marcus.poirot/Smurfing.sln">
          <value>
            <ConfigurationInfo>
              <option name="activeConfiguration" value="Debug" />
              <option name="activePlatform" value="Any CPU" />
            </ConfigurationInfo>
          </value>
        </entry>
        <entry key="$USER_HOME$/afs/epita-prepa-acdc-PROG-101-P-01-2028-marcus.poirot/BabySmurf.sln">
          <value>
            <ConfigurationInfo>
              <option name="activeConfiguration" value="Debug" />
              <option name="activePlatform" value="Any CPU" />
            </ConfigurationInfo>
          </value>
        </entry>
        <entry key="$USER_HOME$/afs/epita-prepa-acdc-PROG-101-P-01-2028-marcus.poirot/SmurfRecursion.sln">
          <value>
            <ConfigurationInfo />
          </value>
        </entry>
        <entry key="$USER_HOME$/afs/epita-prepa-acdc-PROG-101-P-02-2028-marcus.poirot/SmurfRecursion.sln">
          <value>
            <ConfigurationInfo>
              <option name="activeConfiguration" value="Debug" />
              <option name="activePlatform" value="Any CPU" />
            </ConfigurationInfo>
          </value>
        </entry>
        <entry key="$USER_HOME$/afs/epita-prepa-acdc-PROG-101-P-02-2028-marcus.poirot/SmurfasticFibo/SmurfasticFibo.sln">
          <value>
            <ConfigurationInfo>
              <option name="activeConfiguration" value="Debug" />
              <option name="activePlatform" value="Any CPU" />
            </ConfigurationInfo>
          </value>
        </entry>
        <entry key="$USER_HOME$/afs/epita-prepa-acdc-PROG-101-P-03-2028-marcus.poirot/SmurfLooping.sln">
          <value>
            <ConfigurationInfo>
              <option name="activeConfiguration" value="Debug" />
              <option name="activePlatform" value="Any CPU" />
            </ConfigurationInfo>
          </value>
        </entry>
        <entry key="$USER_HOME$/afs/epita-prepa-acdc-PROG-101-P-04-2028-marcus.poirot/SmurfAdventures.sln">
          <value>
            <ConfigurationInfo>
              <option name="activeConfiguration" value="Debug" />
              <option name="activePlatform" value="Any CPU" />
            </ConfigurationInfo>
          </value>
        </entry>
        <entry key="$USER_HOME$/afs/epita-prepa-acdc-PROG-101-P-05-2028-marcus.poirot/SmurfasticFibo.sln">
          <value>
            <ConfigurationInfo>
              <option name="activeConfiguration" value="Debug" />
              <option name="activePlatform" value="Any CPU" />
            </ConfigurationInfo>
          </value>
        </entry>
        <entry key="$USER_HOME$/afs/epita-prepa-acdc-PROG-102-P-01-2028-marcus.poirot/PartySmurf.sln">
          <value>
            <ConfigurationInfo>
              <option name="activeConfiguration" value="Debug" />
              <option name="activePlatform" value="Any CPU" />
            </ConfigurationInfo>
          </value>
        </entry>
        <entry key="$USER_HOME$/afs/epita-prepa-acdc-PROG-102-P-02-2028-marcus.poirot/SmurfFestival.sln">
          <value>
            <ConfigurationInfo>
              <option name="activeConfiguration" value="Debug" />
              <option name="activePlatform" value="Any CPU" />
            </ConfigurationInfo>
          </value>
        </entry>
        <entry key="$USER_HOME$/afs/epita-prepa-acdc-PROG-102-P-03-2028-marcus.poirot/SmurfBot.sln">
          <value>
            <ConfigurationInfo>
              <option name="activeConfiguration" value="Debug" />
              <option name="activePlatform" value="Any CPU" />
            </ConfigurationInfo>
          </value>
        </entry>
        <entry key="$USER_HOME$/afs/epita-prepa-acdc-PROG-102-P-04-2028-marcus.poirot/Smurfket.sln">
          <value>
            <ConfigurationInfo>
              <option name="activeConfiguration" value="Debug" />
              <option name="activePlatform" value="Any CPU" />
            </ConfigurationInfo>
          </value>
        </entry>
        <entry key="$USER_HOME$/afs/epita-prepa-acdc-PROG-102-P-05-2028-marcus.poirot/SmurfGetaway.sln">
          <value>
            <ConfigurationInfo>
              <option name="activeConfiguration" value="Debug" />
              <option name="activePlatform" value="Any CPU" />
            </ConfigurationInfo>
          </value>
        </entry>
      </map>
    </option>
  </component>
</application>