<application>
  <component name="Trusted.Paths">
    <option name="TRUSTED_PROJECT_PATHS">
      <map>
        <entry key="$USER_HOME$/afs/epita-prepa-acdc-PROG-101-E-01-2028-marcus.poirot" value="true" />
        <entry key="$USER_HOME$/afs/epita-prepa-acdc-PROG-101-E-01-2028-marcus.poirot/.idea/.idea.Smurfing" value="true" />
        <entry key="$USER_HOME$/afs/epita-prepa-acdc-PROG-101-P-01-2028-marcus.poirot" value="true" />
        <entry key="$USER_HOME$/afs/epita-prepa-acdc-PROG-101-P-01-2028-marcus.poirot/.idea/.idea.BabySmurf" value="true" />
        <entry key="$USER_HOME$/afs/epita-prepa-acdc-PROG-101-P-02-2028-marcus.poirot" value="true" />
        <entry key="$USER_HOME$/afs/epita-prepa-acdc-PROG-101-P-02-2028-marcus.poirot/.idea/.idea.SmurfRecursion" value="true" />
        <entry key="$USER_HOME$/afs/epita-prepa-acdc-PROG-101-P-02-2028-marcus.poirot/SmurfasticFibo" value="true" />
        <entry key="$USER_HOME$/afs/epita-prepa-acdc-PROG-101-P-02-2028-marcus.poirot/SmurfasticFibo/.idea/.idea.SmurfasticFibo" value="true" />
        <entry key="$USER_HOME$/afs/epita-prepa-acdc-PROG-101-P-03-2028-marcus.poirot" value="true" />
        <entry key="$USER_HOME$/afs/epita-prepa-acdc-PROG-101-P-03-2028-marcus.poirot/.idea/.idea.SmurfLooping" value="true" />
        <entry key="$USER_HOME$/afs/epita-prepa-acdc-PROG-101-P-04-2028-marcus.poirot" value="true" />
        <entry key="$USER_HOME$/afs/epita-prepa-acdc-PROG-101-P-04-2028-marcus.poirot/.idea/.idea.SmurfAdventures" value="true" />
        <entry key="$USER_HOME$/afs/epita-prepa-acdc-PROG-101-P-05-2028-marcus.poirot" value="true" />
        <entry key="$USER_HOME$/afs/epita-prepa-acdc-PROG-101-P-05-2028-marcus.poirot/.idea/.idea.SmurfasticFibo" value="true" />
        <entry key="$USER_HOME$/afs/epita-prepa-acdc-PROG-102-P-01-2028-marcus.poirot" value="true" />
        <entry key="$USER_HOME$/afs/epita-prepa-acdc-PROG-102-P-01-2028-marcus.poirot/.idea/.idea.PartySmurf" value="true" />
        <entry key="$USER_HOME$/afs/epita-prepa-acdc-PROG-102-P-02-2028-marcus.poirot" value="true" />
        <entry key="$USER_HOME$/afs/epita-prepa-acdc-PROG-102-P-02-2028-marcus.poirot/.idea/.idea.SmurfFestival" value="true" />
        <entry key="$USER_HOME$/afs/epita-prepa-acdc-PROG-102-P-03-2028-marcus.poirot" value="true" />
        <entry key="$USER_HOME$/afs/epita-prepa-acdc-PROG-102-P-03-2028-marcus.poirot/.idea/.idea.SmurfBot" value="true" />
        <entry key="$USER_HOME$/afs/epita-prepa-acdc-PROG-102-P-04-2028-marcus.poirot" value="true" />
        <entry key="$USER_HOME$/afs/epita-prepa-acdc-PROG-102-P-04-2028-marcus.poirot/.idea/.idea.Smurfket" value="true" />
        <entry key="$USER_HOME$/afs/epita-prepa-acdc-PROG-102-P-05-2028-marcus.poirot" value="true" />
        <entry key="$USER_HOME$/afs/epita-prepa-acdc-PROG-102-P-05-2028-marcus.poirot/.idea/.idea.SmurfGetaway" value="true" />
      </map>
    </option>
  </component>
</application>