<application>
  <component name="TrustedSolutionStore">
    <option name="trustedLocations">
      <set>
        <option value="$USER_HOME$/afs/epita-prepa-acdc-PROG-101-E-01-2028-marcus.poirot/.idea/.idea.Smurfing" />
        <option value="$USER_HOME$/afs/epita-prepa-acdc-PROG-101-P-01-2028-marcus.poirot/.idea/.idea.BabySmurf" />
        <option value="$USER_HOME$/afs/epita-prepa-acdc-PROG-101-P-01-2028-marcus.poirot/.idea/.idea.SmurfRecursion" />
        <option value="$USER_HOME$/afs/epita-prepa-acdc-PROG-101-P-02-2028-marcus.poirot/.idea/.idea.SmurfRecursion" />
        <option value="$USER_HOME$/afs/epita-prepa-acdc-PROG-101-P-02-2028-marcus.poirot/SmurfasticFibo/.idea/.idea.SmurfasticFibo" />
        <option value="$USER_HOME$/afs/epita-prepa-acdc-PROG-101-P-03-2028-marcus.poirot/.idea/.idea.SmurfLooping" />
        <option value="$USER_HOME$/afs/epita-prepa-acdc-PROG-101-P-04-2028-marcus.poirot/.idea/.idea.SmurfAdventures" />
        <option value="$USER_HOME$/afs/epita-prepa-acdc-PROG-101-P-05-2028-marcus.poirot/.idea/.idea.SmurfasticFibo" />
        <option value="$USER_HOME$/afs/epita-prepa-acdc-PROG-102-P-01-2028-marcus.poirot/.idea/.idea.PartySmurf" />
        <option value="$USER_HOME$/afs/epita-prepa-acdc-PROG-102-P-02-2028-marcus.poirot/.idea/.idea.SmurfFestival" />
        <option value="$USER_HOME$/afs/epita-prepa-acdc-PROG-102-P-03-2028-marcus.poirot/.idea/.idea.SmurfBot" />
        <option value="$USER_HOME$/afs/epita-prepa-acdc-PROG-102-P-04-2028-marcus.poirot/.idea/.idea.Smurfket" />
        <option value="$USER_HOME$/afs/epita-prepa-acdc-PROG-102-P-05-2028-marcus.poirot/.idea/.idea.SmurfGetaway" />
      </set>
    </option>
  </component>
</application>