<application>
  <component name="DimensionService">
    <size key="GridCell.Tab.0.left.0.0.1920.1080" width="1874" height="456" />
    <size key="GridCell.Tab.0.center.0.0.1920.1080" width="1874" height="456" />
    <size key="GridCell.Tab.0.right.0.0.1920.1080" width="1874" height="456" />
    <size key="GridCell.Tab.0.bottom.0.0.1920.1080" width="1874" height="456" />
    <size key="GridCell.Tab.1.left.0.0.1920.1080" width="1874" height="388" />
    <size key="GridCell.Tab.1.center.0.0.1920.1080" width="1874" height="388" />
    <size key="GridCell.Tab.1.right.0.0.1920.1080" width="1874" height="388" />
    <size key="GridCell.Tab.1.bottom.0.0.1920.1080" width="1874" height="388" />
    <size key="GridCell.Tab.2.left.0.0.1920.1080" width="1874" height="388" />
    <size key="GridCell.Tab.2.center.0.0.1920.1080" width="1874" height="388" />
    <size key="GridCell.Tab.2.right.0.0.1920.1080" width="1874" height="388" />
    <size key="GridCell.Tab.2.bottom.0.0.1920.1080" width="1874" height="388" />
    <size key="GridCell.Tab.3.left.0.0.1920.1080" width="1874" height="388" />
    <size key="GridCell.Tab.3.center.0.0.1920.1080" width="1874" height="388" />
    <size key="GridCell.Tab.3.right.0.0.1920.1080" width="1874" height="388" />
    <size key="GridCell.Tab.3.bottom.0.0.1920.1080" width="1874" height="388" />
    <size key="GridCell.Tab.4.left.0.0.1920.1080" width="1874" height="388" />
    <size key="GridCell.Tab.4.center.0.0.1920.1080" width="1874" height="388" />
    <size key="GridCell.Tab.4.right.0.0.1920.1080" width="1874" height="388" />
    <size key="GridCell.Tab.4.bottom.0.0.1920.1080" width="1874" height="388" />
    <size key="GridCell.Tab.0.left.0.0.1920.1200" width="1874" height="512" />
    <size key="GridCell.Tab.0.center.0.0.1920.1200" width="1874" height="512" />
    <size key="GridCell.Tab.0.right.0.0.1920.1200" width="1874" height="512" />
    <size key="GridCell.Tab.0.bottom.0.0.1920.1200" width="1874" height="512" />
    <size key="GridCell.Tab.1.left.0.0.1920.1200" width="1874" height="436" />
    <size key="GridCell.Tab.1.center.0.0.1920.1200" width="1874" height="436" />
    <size key="GridCell.Tab.1.right.0.0.1920.1200" width="1874" height="436" />
    <size key="GridCell.Tab.1.bottom.0.0.1920.1200" width="1874" height="436" />
    <size key="GridCell.Tab.2.left.0.0.1920.1200" width="1874" height="436" />
    <size key="GridCell.Tab.2.center.0.0.1920.1200" width="1874" height="436" />
    <size key="GridCell.Tab.2.right.0.0.1920.1200" width="1874" height="436" />
    <size key="GridCell.Tab.2.bottom.0.0.1920.1200" width="1874" height="436" />
    <size key="GridCell.Tab.3.left.0.0.1920.1200" width="1874" height="436" />
    <size key="GridCell.Tab.3.center.0.0.1920.1200" width="1874" height="436" />
    <size key="GridCell.Tab.3.right.0.0.1920.1200" width="1874" height="436" />
    <size key="GridCell.Tab.3.bottom.0.0.1920.1200" width="1874" height="436" />
    <size key="GridCell.Tab.4.left.0.0.1920.1200" width="1874" height="436" />
    <size key="GridCell.Tab.4.center.0.0.1920.1200" width="1874" height="436" />
    <size key="GridCell.Tab.4.right.0.0.1920.1200" width="1874" height="436" />
    <size key="GridCell.Tab.4.bottom.0.0.1920.1200" width="1874" height="436" />
  </component>
  <component name="WindowManager">
    <frame x="0" y="0" width="1920" height="1061" />
  </component>
  <component name="WindowStateApplicationService">
    <state x="630" y="342" width="654" height="367" key="APPLICATION_WIDE_STORE_#rider.projectView.actions.properties.EditPropertiesDialogSolution" timestamp="1698162091848">
      <screen x="0" y="0" width="1920" height="1080" />
    </state>
    <state x="630" y="342" width="654" height="367" key="APPLICATION_WIDE_STORE_#rider.projectView.actions.properties.EditPropertiesDialogSolution/0.0.1920.1080" timestamp="1698162091848" />
    <state x="1223" y="288" width="584" height="474" key="FileChooserDialogImpl" timestamp="1701798912582">
      <screen x="0" y="0" width="1920" height="1080" />
    </state>
    <state x="1223" y="288" width="584" height="474" key="FileChooserDialogImpl/0.0.1920.1080" timestamp="1701798912582" />
    <state x="1424" y="1070" width="488" height="120" key="ProcessPopupWindow" timestamp="1702487386391">
      <screen x="0" y="0" width="1920" height="1200" />
    </state>
    <state x="1423" y="953" width="486" height="106" key="ProcessPopupWindow/0.0.1920.1080@0.0.1920.1080" timestamp="1700053258497" />
    <state x="1424" y="1070" width="488" height="120" key="ProcessPopupWindow/0.0.1920.1200@0.0.1920.1200" timestamp="1702487386391" />
    <state x="960" y="590" width="1920" height="1181" key="WELCOME_SCREEN" timestamp="1704984757167">
      <screen x="0" y="0" width="1920" height="1200" />
    </state>
    <state x="960" y="530" width="1920" height="1061" key="WELCOME_SCREEN/0.0.1920.1080" timestamp="1703174298657" />
    <state x="960" y="590" width="1920" height="1181" key="WELCOME_SCREEN/0.0.1920.1200" timestamp="1704984757167" />
  </component>
</application>