<application>
  <component name="ActionsLocalSummary">
    <e n="$Copy">
      <i c="3" l="1702375034596" />
    </e>
    <e n="$Delete">
      <i c="27" l="1698425027771" />
    </e>
    <e n="$Redo">
      <i c="42" l="1703081857444" />
    </e>
    <e n="$SelectAll">
      <i c="56" l="1703075928165" />
    </e>
    <e n="$Undo">
      <i c="1122" l="1703097406530" />
    </e>
    <e n="ActivateProjectToolWindow">
      <i c="3" l="1697641593151" />
    </e>
    <e n="ActivateVersionControlToolWindow">
      <i c="8" l="1701858510662" />
    </e>
    <e n="AddReferenceAction">
      <i c="6" l="1696423366743" />
    </e>
    <e n="Annotate">
      <i c="1" l="1697211616464" />
    </e>
    <e n="BuildCurrentProject">
      <i c="2" l="1697039756268" />
    </e>
    <e n="CloneCaretAboveWithVirtualSpace">
      <i c="6" l="1703094001625" />
    </e>
    <e n="CloneCaretBelowWithVirtualSpace">
      <i c="36" l="1703093998170" />
    </e>
    <e n="CodeCompletion">
      <i c="1" l="1697783242843" />
    </e>
    <e n="EditBookmark">
      <i c="1" l="1697030797261" />
    </e>
    <e n="EditorBackSpace">
      <i c="15259" l="1703166066039" />
    </e>
    <e n="EditorChooseLookupItem">
      <i c="3740" l="1703165426665" />
    </e>
    <e n="EditorChooseLookupItemReplace">
      <i c="18" l="1697644749950" />
    </e>
    <e n="EditorCopy">
      <i c="717" l="1703165022821" />
    </e>
    <e n="EditorCut">
      <i c="133" l="1703166193129" />
    </e>
    <e n="EditorDelete">
      <i c="14" l="1703097402545" />
    </e>
    <e n="EditorDeleteLine">
      <i c="455" l="1703164909581" />
    </e>
    <e n="EditorDeleteToWordStart">
      <i c="685" l="1703164913915" />
    </e>
    <e n="EditorDown">
      <i c="1379" l="1703164915892" />
    </e>
    <e n="EditorDownWithSelection">
      <i c="3" l="1701859582199" />
    </e>
    <e n="EditorDuplicate">
      <i c="18" l="1703003489981" />
    </e>
    <e n="EditorEnter">
      <i c="4347" l="1703166173473" />
    </e>
    <e n="EditorIndentSelection">
      <i c="36" l="1703094066960" />
    </e>
    <e n="EditorLeft">
      <i c="1877" l="1703164800547" />
    </e>
    <e n="EditorLeftWithSelection">
      <i c="31" l="1703084531271" />
    </e>
    <e n="EditorNextWord">
      <i c="952" l="1703164303228" />
    </e>
    <e n="EditorNextWordWithSelection">
      <i c="16" l="1701854585508" />
    </e>
    <e n="EditorPaste">
      <i c="2080" l="1703166198377" />
    </e>
    <e n="EditorPasteFromX11">
      <i c="8" l="1703096169432" />
    </e>
    <e n="EditorPreviousWord">
      <i c="719" l="1703098153504" />
    </e>
    <e n="EditorPreviousWordWithSelection">
      <i c="44" l="1700585414903" />
    </e>
    <e n="EditorRight">
      <i c="3344" l="1703165427817" />
    </e>
    <e n="EditorRightWithSelection">
      <i c="20" l="1703001483456" />
    </e>
    <e n="EditorScrollDown">
      <i c="5" l="1703003851276" />
    </e>
    <e n="EditorScrollUp">
      <i c="1" l="1698247304762" />
    </e>
    <e n="EditorSelectWord">
      <i c="12" l="1703091526121" />
    </e>
    <e n="EditorStartNewLineBefore">
      <i c="27" l="1703002241063" />
    </e>
    <e n="EditorTab">
      <i c="236" l="1703096947390" />
    </e>
    <e n="EditorToggleInsertState">
      <i c="36" l="1703098107808" />
    </e>
    <e n="EditorUnindentSelection">
      <i c="15" l="1703088709950" />
    </e>
    <e n="EditorUp">
      <i c="280" l="1703164319781" />
    </e>
    <e n="EditorUpWithSelection">
      <i c="11" l="1703094004641" />
    </e>
    <e n="Find">
      <i c="38" l="1703096625654" />
    </e>
    <e n="FindNext">
      <i c="1" l="1700585355862" />
    </e>
    <e n="Git.Toolbar.ShowMoreActions">
      <i c="3" l="1702482149824" />
    </e>
    <e n="GotoAction">
      <i c="5" l="1697624284480" />
    </e>
    <e n="GotoLine">
      <i c="1" l="1697783253354" />
    </e>
    <e n="HideAllWindows">
      <i c="51" l="1703096020532" />
    </e>
    <e n="LocalHistory.ShowLocalHistory">
      <i c="1" l="1695817847004" />
    </e>
    <e n="MoveLineDown">
      <i c="358" l="1703093869800" />
    </e>
    <e n="MoveLineUp">
      <i c="377" l="1703096151878" />
    </e>
    <e n="NewDir">
      <i c="23" l="1702996934992" />
    </e>
    <e n="NewFile">
      <i c="3" l="1697805910000" />
    </e>
    <e n="NewRiderProject">
      <i c="22" l="1702996543783" />
    </e>
    <e n="NewRiderSolutionFolder">
      <i c="1" l="1696421972545" />
    </e>
    <e n="NextTemplateVariable">
      <i c="100" l="1703164769082" />
    </e>
    <e n="RecentLocations">
      <i c="1" l="1697044934842" />
    </e>
    <e n="Register">
      <i c="8" l="1703075144226" />
    </e>
    <e n="RenameElement">
      <i c="38" l="1703088520620" />
    </e>
    <e n="Rerun">
      <i c="4" l="1701276882294" />
    </e>
    <e n="Resume">
      <i c="1" l="1701266841766" />
    </e>
    <e n="RiderEditSourceInRightSplit">
      <i c="3" l="1700645886557" />
    </e>
    <e n="RiderNewSolution">
      <i c="20" l="1702996427874" />
    </e>
    <e n="RiderOpenSolution">
      <i c="7" l="1703084990756" />
    </e>
    <e n="RiderUnitTestDebugContextAction">
      <i c="5" l="1695825004580" />
    </e>
    <e n="RiderUnitTestRunContextAction">
      <i c="36" l="1695826557219" />
    </e>
    <e n="RiderUnitTestRunTreeSplitAction">
      <i c="2" l="1695823079094" />
    </e>
    <e n="RunAnything">
      <i c="6" l="1703084336689" />
    </e>
    <e n="RunToolbarEditConfigurationAction">
      <i c="17" l="1698389041351" />
    </e>
    <e n="RunToolbarStopAction">
      <i c="27" l="1703094637582" />
    </e>
    <e n="SaveAll">
      <i c="5" l="1697188445795" />
    </e>
    <e n="SaveDocument">
      <i c="2" l="1697017072851" />
    </e>
    <e n="SearchEverywhere">
      <i c="3" l="1698253339381" />
    </e>
    <e n="SearchEverywhereNewToolbarAction">
      <i c="8" l="1703078705164" />
    </e>
    <e n="SettingsEntryPoint">
      <i c="1" l="1695827683712" />
    </e>
    <e n="ShowIntentionActions">
      <i c="77" l="1703167625512" />
    </e>
    <e n="ShowPopupMenu">
      <i c="3" l="1697184433935" />
    </e>
    <e n="ShowSettings">
      <i c="1" l="1695827722499" />
    </e>
    <e n="StepInto">
      <i c="1" l="1701268358797" />
    </e>
    <e n="StepOut">
      <i c="3" l="1701268355613" />
    </e>
    <e n="StepOver">
      <i c="103" l="1701355518349" />
    </e>
    <e n="Stop">
      <i c="9" l="1701355339370" />
    </e>
    <e n="ToggleBookmark">
      <i c="5" l="1697030809645" />
    </e>
    <e n="ToggleBookmark0">
      <i c="1" l="1697030786720" />
    </e>
    <e n="ToggleLineBreakpoint">
      <i c="13" l="1703078737701" />
    </e>
    <e n="Vcs.VcsClone">
      <i c="1" l="1696422194721" />
    </e>
    <e n="WelcomeScreen.RemoveSelected">
      <i c="2" l="1696422028293" />
    </e>
    <e n="com.intellij.find.SearchTextArea$ClearAction">
      <i c="1" l="1702481131046" />
    </e>
    <e n="com.intellij.find.editorHeaderActions.NextOccurrenceAction">
      <i c="31" l="1703085048283" />
    </e>
    <e n="com.intellij.find.editorHeaderActions.SwitchToFind">
      <i c="1" l="1701366735706" />
    </e>
    <e n="com.intellij.openapi.actionSystem.EmptyAction$MyDelegatingAction">
      <i c="1" l="1695824654166" />
    </e>
    <e n="com.intellij.openapi.actionSystem.impl.MoreActionGroup">
      <i c="1" l="1695824771175" />
    </e>
    <e n="com.intellij.openapi.editor.impl.EditorMarkupModelImpl$MarkupModelDelegateAction">
      <i c="5" l="1700585396519" />
    </e>
    <e n="com.intellij.openapi.fileEditor.impl.tabActions.CloseTab">
      <i c="107" l="1703093873487" />
    </e>
    <e n="com.intellij.openapi.ui.DialogWrapper$4">
      <i c="24" l="1702996973135" />
    </e>
    <e n="com.intellij.toolWindow.ToolWindowHeader$HideAction">
      <i c="1" l="1703091412080" />
    </e>
    <e n="com.intellij.xdebugger.impl.breakpoints.RemoveBreakpointGutterIconAction">
      <i c="34" l="1701862496167" />
    </e>
    <e n="com.jetbrains.rider.actions.RiderAsyncBackendDelegatingActionPromoter$FallbackBackendAction">
      <i c="46" l="1703096169431" />
    </e>
    <e n="com.jetbrains.rider.hyperlinks.ToggleLineBreakpointPlaceholderAction">
      <i c="32" l="1701862495399" />
    </e>
    <e n="com.jetbrains.rider.hyperlinks.ToggleLineDisabledBreakpointAction">
      <i c="8" l="1703001610929" />
    </e>
    <e n="com.jetbrains.rider.intentions.gutterWrappers.BackendGutterMarkWrapper$getClickAction$1">
      <i c="20" l="1703078736653" />
    </e>
    <e n="com.jetbrains.rider.projectView.actions.newFile.RiderNewMultiFileFromTemplateAction">
      <i c="93" l="1702997004560" />
    </e>
    <e n="com.jetbrains.rider.ui.components.ComponentFactories$Companion$getAnAction$1">
      <i c="1" l="1701266863823" />
    </e>
    <e n="mainRunToolbarDebugProcess">
      <i c="17" l="1703091387647" />
    </e>
    <e n="mainRunToolbarRunProcess">
      <i c="1983" l="1703097802860" />
    </e>
  </component>
</application>