<application>
  <component name="FeatureUsageStatistics" first-run="1695817407316" have-been-shown="false" show-in-other="true" show-in-compilation="true">
    <feature id="editing.completion.camelHumps" count="0" last-shown="0" last-used="0" shown-count="0" />
    <feature id="editing.completion.smarttype.afternew" count="0" last-shown="0" last-used="0" shown-count="0" />
    <feature id="codeassists.surroundwith.statement" count="0" last-shown="0" last-used="0" shown-count="0" />
    <feature id="navigation.goto.file.line" count="0" last-shown="0" last-used="0" shown-count="0" />
    <feature id="navigation.popup.symbol" count="0" last-shown="0" last-used="0" shown-count="0" />
    <feature id="switcher" count="0" last-shown="0" last-used="0" shown-count="0" />
    <feature id="editing.completion.replace" count="18" last-shown="1703165425622" last-used="1697644749959" shown-count="15057" />
    <feature id="codeassists.complete.statement" count="0" last-shown="0" last-used="0" shown-count="0" />
    <feature id="vcs.show.quick.list" count="0" last-shown="0" last-used="0" shown-count="0" />
    <feature id="editing.convert.line.separators" count="0" last-shown="0" last-used="0" shown-count="0" />
    <feature id="db.console.execute" count="0" last-shown="0" last-used="0" shown-count="0" />
    <feature id="navigation.recent.files" count="0" last-shown="0" last-used="0" shown-count="0" />
    <feature id="scratch" count="0" last-shown="0" last-used="0" shown-count="0" />
    <feature id="vcs.pull.requests" count="0" last-shown="0" last-used="0" shown-count="0" />
    <feature id="vcs.annotate" count="1" last-shown="0" last-used="1697211616464" shown-count="0" />
    <feature id="ui.open.last.tool.window" count="0" last-shown="0" last-used="0" shown-count="0" />
    <feature id="editing.reformat.code" count="0" last-shown="0" last-used="0" shown-count="0" />
    <feature id="editing.completion.show.liveTemplates" count="0" last-shown="0" last-used="0" shown-count="0" />
    <feature id="editing.copy.line" count="6" last-shown="0" last-used="1703088476189" shown-count="0" />
    <feature id="navigation.find.in.files" count="0" last-shown="0" last-used="0" shown-count="0" />
    <feature id="db.copy.table" count="0" last-shown="0" last-used="0" shown-count="0" />
    <feature id="ui.hide.tool.window" count="1" last-shown="0" last-used="1703091412083" shown-count="0" />
    <feature id="navigation.find.replace.in.files.toggle" count="0" last-shown="0" last-used="0" shown-count="0" />
    <feature id="move.element.left.right" count="0" last-shown="0" last-used="0" shown-count="0" />
    <feature id="intentions.check.regexp" count="0" last-shown="0" last-used="0" shown-count="0" />
    <feature id="profiler.open.snapshot" count="0" last-shown="0" last-used="0" shown-count="0" />
    <feature id="codeassists.comment.line" count="0" last-shown="0" last-used="0" shown-count="0" />
    <feature id="SearchEverywhere" count="3" last-shown="0" last-used="1698253339557" shown-count="0" />
    <feature id="editor.delete.line" count="455" last-shown="0" last-used="1703164909584" shown-count="0" />
    <feature id="navigation.inheritance.hierarchy" count="0" last-shown="0" last-used="0" shown-count="0" />
    <feature id="editing.duplicate" count="18" last-shown="0" last-used="1703003489985" shown-count="0" />
    <feature id="editing.copy.reference" count="0" last-shown="0" last-used="0" shown-count="0" />
    <feature id="navigation.find" count="38" last-shown="0" last-used="1703096625705" shown-count="0" />
    <feature id="codeassists.quickdefinition" count="0" last-shown="0" last-used="0" shown-count="0" />
    <feature id="editing.completion.basic" count="3740" last-shown="0" last-used="1703165426672" shown-count="0" />
    <feature id="editing.completion.postfix" count="0" last-shown="0" last-used="0" shown-count="0" />
    <feature id="dir.diff" count="0" last-shown="0" last-used="0" shown-count="0" />
    <feature id="navigation.recent.locations" count="1" last-shown="0" last-used="1697044934901" shown-count="0" />
    <feature id="editing.select.word" count="12" last-shown="0" last-used="1703091526122" shown-count="0" />
    <feature id="ui.close.other.editors" count="0" last-shown="0" last-used="0" shown-count="0" />
    <feature id="debugger.evaluate.expression" count="0" last-shown="0" last-used="0" shown-count="0" />
    <feature id="codeassists.highlight.usages" count="0" last-shown="0" last-used="0" shown-count="0" />
    <feature id="debugger.breakpoint.edit" count="0" last-shown="0" last-used="0" shown-count="0" />
    <feature id="editing.completion.smarttype.general" count="0" last-shown="0" last-used="0" shown-count="0" />
    <feature id="codeassist.inspect.batch" count="0" last-shown="0" last-used="0" shown-count="0" />
    <feature id="db.table.editor" count="0" last-shown="0" last-used="0" shown-count="0" />
    <feature id="codeassists.liveTemplates" count="0" last-shown="0" last-used="0" shown-count="0" />
    <feature id="navigation.goto.usages" count="0" last-shown="0" last-used="0" shown-count="0" />
    <feature id="codeassists.comment.block" count="0" last-shown="0" last-used="0" shown-count="0" />
    <feature id="intentions.edit.regexp" count="0" last-shown="0" last-used="0" shown-count="0" />
    <feature id="codeassists.quickdefinition.lookup" count="0" last-shown="0" last-used="0" shown-count="0" />
    <feature id="navigation.find.usages" count="0" last-shown="0" last-used="0" shown-count="0" />
    <feature id="editing.clipboard.history" count="0" last-shown="0" last-used="0" shown-count="0" />
    <feature id="editing.compare.editor.with.clipboard" count="0" last-shown="0" last-used="0" shown-count="0" />
    <feature id="refactoring.rename" count="38" last-shown="0" last-used="1703088520621" shown-count="0" />
    <feature id="navigation.popup.action" count="5" last-shown="0" last-used="1697624284491" shown-count="0" />
    <feature id="refactoring.show.quick.list" count="0" last-shown="0" last-used="0" shown-count="0" />
    <feature id="db.forget.cached.schemas" count="0" last-shown="0" last-used="0" shown-count="0" />
    <feature id="editing.completion.cancelByControlArrows" count="0" last-shown="0" last-used="0" shown-count="0" />
    <feature id="find.recent.search" count="0" last-shown="0" last-used="0" shown-count="0" />
    <feature id="navigation.goto.inspection" count="0" last-shown="0" last-used="0" shown-count="0" />
    <feature id="vcs.show.local.history" count="0" last-shown="0" last-used="0" shown-count="0" />
    <feature id="editing.completion.variable.name" count="0" last-shown="0" last-used="0" shown-count="0" />
    <feature id="vcs.use.integration" count="8" last-shown="0" last-used="1701858511001" shown-count="0" />
    <feature id="navigation.popup.file" count="0" last-shown="0" last-used="0" shown-count="0" />
    <feature id="codeassists.overrideimplement" count="0" last-shown="0" last-used="0" shown-count="0" />
    <feature id="db.console.run.intention" count="0" last-shown="0" last-used="0" shown-count="0" />
    <feature id="db.diff" count="0" last-shown="0" last-used="0" shown-count="0" />
    <feature id="ui.close.all.editors" count="0" last-shown="0" last-used="0" shown-count="0" />
    <feature id="navigation.popup.wildcards" count="0" last-shown="0" last-used="0" shown-count="0" />
    <feature id="refactoring.introduceVariable" count="0" last-shown="0" last-used="0" shown-count="0" />
    <feature id="refactoring.extractMethod" count="0" last-shown="0" last-used="0" shown-count="0" />
    <feature id="NuGet.QuickList" count="0" last-shown="0" last-used="0" shown-count="0" />
    <feature id="codeassists.generate.code" count="0" last-shown="0" last-used="0" shown-count="0" />
    <feature id="navigation.goto.declaration" count="0" last-shown="0" last-used="0" shown-count="0" />
    <feature id="editing.completion.finishByDotEtc" count="776" last-shown="0" last-used="1703165005981" shown-count="0" />
    <feature id="ui.open.project.tool.window" count="3" last-shown="0" last-used="1697641593154" shown-count="0" />
    <feature id="editing.join.lines" count="0" last-shown="0" last-used="0" shown-count="0" />
    <feature id="navigation.goto.implementation" count="0" last-shown="0" last-used="0" shown-count="0" />
    <feature id="debugger.breakpoint.non.suspending" count="0" last-shown="0" last-used="0" shown-count="0" />
    <feature id="editing.completion.finishByCtrlDot" count="0" last-shown="0" last-used="0" shown-count="0" />
    <feature id="codeassists.context.actions" count="97" last-shown="0" last-used="1703167625527" shown-count="0" />
    <feature id="navigation.select.in" count="0" last-shown="0" last-used="0" shown-count="0" />
    <feature id="ui.tree.speedsearch" count="1" last-shown="0" last-used="1696424213904" shown-count="0" />
    <feature id="ui.horizontal.scrolling" count="0" last-shown="0" last-used="0" shown-count="0" />
    <feature id="navigation.replace" count="0" last-shown="0" last-used="0" shown-count="0" />
    <feature id="refactoring.copyClass" count="0" last-shown="0" last-used="0" shown-count="0" />
    <feature id="navigation.popup.camelprefix" count="0" last-shown="0" last-used="0" shown-count="0" />
    <feature id="navigation.popup.class" count="0" last-shown="0" last-used="0" shown-count="0" />
    <feature id="codeassists.parameterInfo" count="0" last-shown="0" last-used="0" shown-count="0" />
    <feature id="db.table.editor.wrapper" count="0" last-shown="0" last-used="0" shown-count="0" />
    <feature id="find.completion" count="0" last-shown="0" last-used="0" shown-count="0" />
    <feature id="tag.name.completion" count="0" last-shown="0" last-used="0" shown-count="0" />
    <feature id="refactoring.introduceVariable.incompleteStatement" count="0" last-shown="0" last-used="0" shown-count="0" />
    <feature id="db.readonly.datasource" count="0" last-shown="0" last-used="0" shown-count="0" />
    <feature id="vcs.compare.file.versions" count="0" last-shown="0" last-used="0" shown-count="0" />
    <feature id="navigation.find.replace.toggle" count="0" last-shown="0" last-used="0" shown-count="0" />
    <feature id="editing.add.carets.using.double.ctrl" count="0" last-shown="0" last-used="0" shown-count="0" />
    <feature id="db.console" count="0" last-shown="0" last-used="0" shown-count="0" />
    <feature id="codeassists.quickjavadoc.lookup" count="0" last-shown="0" last-used="0" shown-count="0" />
    <feature id="ui.scheme.quickswitch" count="0" last-shown="0" last-used="0" shown-count="0" />
    <feature id="navigation.replace.in.files" count="0" last-shown="0" last-used="0" shown-count="0" />
    <feature id="navigation.popup.file.structure" count="0" last-shown="0" last-used="0" shown-count="0" />
    <feature id="codeassists.quickjavadoc.ctrln" count="0" last-shown="0" last-used="0" shown-count="0" />
    <feature id="codeassists.quickjavadoc" count="0" last-shown="0" last-used="0" shown-count="0" />
    <feature id="ui.recentchanges" count="0" last-shown="0" last-used="0" shown-count="0" />
    <feature id="editing.move.statement.up.down" count="0" last-shown="0" last-used="0" shown-count="0" />
    <feature id="editing.completion.second.basic" count="0" last-shown="0" last-used="0" shown-count="0" />
    <feature id="editing.completion.changeSorting" count="0" last-shown="0" last-used="0" shown-count="0" />
    <feature id="db.assign.color" count="0" last-shown="0" last-used="0" shown-count="0" />
    <completionStatsTag>
      <option name="sparedCharacters" value="0" />
      <option name="invocations" value="0" />
      <option name="startDate" value="0" />
      <option name="dayCount" value="0" />
      <option name="lastDate" value="0" />
    </completionStatsTag>
    <fixesStatsTag>
      <option name="invocations" value="0" />
      <option name="startDate" value="0" />
      <option name="dayCount" value="0" />
      <option name="lastDate" value="0" />
    </fixesStatsTag>
  </component>
</application>