<application>
  <component name="NotRoamableUiSettings">
    <option name="presentationModeIdeScale" value="1.75" />
  </component>
  <component name="PropertyService"><![CDATA[{
  "keyToString": {
    "AttachDialogCommandLine_Width": "225",
    "AttachDialogDebuggers_Width": "118",
    "AttachDialogExecutable_Width": "225",
    "AttachDialogProcessId_Width": "64",
    "AttachDialogProcessOwner_Width": "64",
    "CWM_LOGGING_VERSION": "1",
    "Debug.Allow.Typing": "true",
    "FindSplitterProportion": "0.33027524",
    "NextRunPlatformUpdateBuild": "RD-231.9225.23",
    "NextRunPlatformUpdateVersion": "2023.1.4",
    "NonModalCommitCustomization.IsApplied": "true",
    "RD.Init.Cfg.2": "true",
    "RD.Init.DialogShown.Ide": "true",
    "Rider.Last.Started.IDE.Build": "RD-231.9011.39",
    "RiderUnitTestPanelSplitter.Horizontal": "0.5",
    "RunOnceActivity.se.text.search": "true",
    "Tutorials.In.Recent.Projects.Disabled": "true",
    "appcds.runOnSecondStart": "RD-231.9011.39-52ecb02e94cdd81a46fe7727a1565b91bfdf363ec64c8bfcd5e8f6e26a7446a0",
    "ask.about.ctrl.y.shortcut.v2": "true",
    "bundled.plugins.list.saved.version": "RD-231.9011.39",
    "com.intellij.history.integration.ui.views.DirectoryHistoryDialog.0": "300",
    "com.intellij.ide.navigationToolbar.experimental.showSearchEverywhereHotKeyTip": "false",
    "evlsprt3.231": "25",
    "experimental.ui.first.promotion.localdate": "2023-09-27",
    "experimentalFeature.editor.reader.mode": "false",
    "file.gist.reindex.count": "18",
    "fileTypeChangedCounter": "2",
    "fontSizeToResetConsole": "13.0",
    "fontSizeToResetEditor": "13.0",
    "ide.widget.toolbar.first.inclusion": "2",
    "ignoreUltimateEdition": "true",
    "input.method.disabler.muted": "true",
    "last_open_solution_path": "/home/alexandre2.meunier/afs/epita-prepa-acdc-PROG-102-P-04-2028-alexandre2.meunier",
    "last_opened_file_path": "/home/alexandre2.meunier/afs/epita-prepa-acdc-PROG-102-P-05-2028-alexandre2.meunier",
    "last_selected_template": "Unit Test Project|.NET / .NET Core",
    "last_selected_template_parameters": "TargetFrameworkOverride=net7.0;Type=xUnit;Language=C#;DockerSupport=Disabled;",
    "migrated.non.roamable.values.from.general.settings": "true",
    "previousColorScheme": "_@user_Visual Studio Dark",
    "registry.to.advanced.settings.migration.build": "RD-231.9011.39",
    "rider.tool.window.stripe.manager.enable": "true",
    "rider.whats.new.should.shown": "1",
    "settings.code.style.selected.tab.C#": "Naming",
    "tasks.pass.word.conversion.enforced": "true",
    "toolwindow.stripes.buttons.info.shown": "true",
    "ts.lib.d.ts.version": "4.8.4"
  },
  "keyToStringList": {
    "file.chooser.recent.files": [
      "/home/alexandre2.meunier/afs/epita-prepa-acdc-PROG-102-P-04-2028-alexandre2.meunier",
      "/home/alexandre2.meunier/afs/epita-prepa-acdc-PROG-102-P-05-2028-alexandre2.meunier",
      "/home/alexandre2.meunier/afs/epita-prepa-acdc-PROG-102-P-03-2028-alexandre2.meunier",
      "/home/alexandre2.meunier/afs/epita-prepa-acdc-PROG-102-P-02-2028-alexandre2.meunier/SmurfFestival.sln",
      "/home/alexandre2.meunier/afs/epita-prepa-acdc-PROG-102-P-02-2028-alexandre2.meunier",
      "/home/alexandre2.meunier/afs/epita-prepa-acdc-PROG-102-P-01-2028-alexandre2.meunier",
      "/home/alexandre2.meunier/afs/epita-prepa-acdc-PROG-101-P-05-2028-alexandre2.meunier/SmurfasticFibo/Enhancements",
      "/home/alexandre2.meunier/afs/epita-prepa-acdc-PROG-101-P-05-2028-alexandre2.meunier/SmurfasticFibo/Fundamentals",
      "/home/alexandre2.meunier/afs/epita-prepa-acdc-PROG-101-P-05-2028-alexandre2.meunier",
      "/home/alexandre2.meunier/afs/epita-prepa-acdc-PROG-101-P-04-2028-alexandre2.meunier",
      "/home/alexandre2.meunier/afs/epita-prepa-acdc-PROG-101-P-02-2028-alexandre2.meunier",
      "/home/alexandre2.meunier/afs/epita-prepa-acdc-PROG-101-P-03-2028-alexandre2.meunier",
      "/home/alexandre2.meunier/afs/epita-prepa-acdc-PROG-101-P-01-2028-alexandre2.meunier"
    ],
    "fileTypeDetectors": [
      "com.intellij.ide.scratch.ScratchFileServiceImpl$Detector",
      "com.jetbrains.rider.cpp.fileType.CppHeaderFileTypeDetector",
      "com.intellij.javascript.debugger.sourcemap.SourceMapFileType$MyFileTypeDetector",
      "com.intellij.database.vfs.DbStorageFileType$Detector",
      "com.intellij.docker.dockerFile.DockerFileTypeDetector",
      "com.jetbrains.nodejs.util.NodeFileTypeDetector$JavaScriptFileTypeDetector",
      "com.jetbrains.nodejs.util.NodeFileTypeDetector$TypeScriptFileTypeDetector",
      "org.jetbrains.plugins.textmate.TextMateFileType$TextMateFileDetector"
    ]
  }
}]]></component>
  <component name="ToolbarSettingsService">
    <option name="SHOW_NEW_MAIN_TOOLBAR" value="true" />
  </component>
</application>