<application>
  <component name="ProjectManager">
    <defaultProject>
      <component name="WindowStateProjectService">
        <state x="740" y="296" width="666" height="502" key="FileChooserDialogImpl" timestamp="1702996442425">
          <screen x="0" y="0" width="1920" height="1080" />
        </state>
        <state x="740" y="296" key="FileChooserDialogImpl/0.0.1920.1080" timestamp="1702996442425" />
        <state x="740" y="329" width="666" height="502" key="FileChooserDialogImpl/0.0.1920.1200" timestamp="1701262049942" />
        <state x="555" y="293" width="804" height="520" key="Rider.ProjectTemplateDialog.Size" timestamp="1702996447060">
          <screen x="0" y="0" width="1920" height="1080" />
        </state>
        <state x="555" y="293" width="804" height="520" key="Rider.ProjectTemplateDialog.Size/0.0.1920.1080" timestamp="1702996447060" />
        <state x="555" y="325" width="804" height="520" key="Rider.ProjectTemplateDialog.Size/0.0.1920.1200" timestamp="1701262058162" />
      </component>
    </defaultProject>
  </component>
</application>