<application>
  <component name="SolutionConfigurationStore">
    <option name="configurations">
      <map>
        <entry key="$USER_HOME$/RiderProjects/BabySmurf.sln">
          <value>
            <ConfigurationInfo>
              <option name="activeConfiguration" value="Debug" />
              <option name="activePlatform" value="Any CPU" />
            </ConfigurationInfo>
          </value>
        </entry>
        <entry key="$USER_HOME$/afs/epita-prepa-acdc-PROG-101-P-01-2028-alexandre2.meunier/BabySmurf.sln">
          <value>
            <ConfigurationInfo>
              <option name="activeConfiguration" value="Debug" />
              <option name="activePlatform" value="Any CPU" />
            </ConfigurationInfo>
          </value>
        </entry>
        <entry key="$USER_HOME$/afs/epita-prepa-acdc-PROG-101-P-01-2028-alexandre2.meunier/SmurfRecursion.sln">
          <value>
            <ConfigurationInfo>
              <option name="activeConfiguration" value="Debug" />
              <option name="activePlatform" value="Any CPU" />
            </ConfigurationInfo>
          </value>
        </entry>
        <entry key="$USER_HOME$/afs/epita-prepa-acdc-PROG-101-P-02-2028-alexandre2.meunier/SmurfRecursion.sln">
          <value>
            <ConfigurationInfo>
              <option name="activeConfiguration" value="Debug" />
              <option name="activePlatform" value="Any CPU" />
            </ConfigurationInfo>
          </value>
        </entry>
        <entry key="$USER_HOME$/afs/epita-prepa-acdc-PROG-101-P-03-2028-alexandre2.meunier/SmurfLooping.sln">
          <value>
            <ConfigurationInfo>
              <option name="activeConfiguration" value="Debug" />
              <option name="activePlatform" value="Any CPU" />
            </ConfigurationInfo>
          </value>
        </entry>
        <entry key="$USER_HOME$/afs/epita-prepa-acdc-PROG-101-P-04-2028-alexandre2.meunier/SmurfAdventures.sln">
          <value>
            <ConfigurationInfo>
              <option name="activeConfiguration" value="Debug" />
              <option name="activePlatform" value="Any CPU" />
            </ConfigurationInfo>
          </value>
        </entry>
        <entry key="$USER_HOME$/afs/epita-prepa-acdc-PROG-101-P-05-2028-alexandre2.meunier/SmurfasticFibo.sln">
          <value>
            <ConfigurationInfo>
              <option name="activeConfiguration" value="Debug" />
              <option name="activePlatform" value="Any CPU" />
            </ConfigurationInfo>
          </value>
        </entry>
        <entry key="$USER_HOME$/afs/epita-prepa-acdc-PROG-102-P-01-2028-alexandre2.meunier/PartySmurf.sln">
          <value>
            <ConfigurationInfo>
              <option name="activeConfiguration" value="Debug" />
              <option name="activePlatform" value="Any CPU" />
            </ConfigurationInfo>
          </value>
        </entry>
        <entry key="$USER_HOME$/afs/epita-prepa-acdc-PROG-102-P-02-2028-alexandre2.meunier/SmurfFestival.sln">
          <value>
            <ConfigurationInfo>
              <option name="activeConfiguration" value="Debug" />
              <option name="activePlatform" value="Any CPU" />
            </ConfigurationInfo>
          </value>
        </entry>
        <entry key="$USER_HOME$/afs/epita-prepa-acdc-PROG-102-P-03-2028-alexandre2.meunier/SmurfBot.sln">
          <value>
            <ConfigurationInfo>
              <option name="activeConfiguration" value="Debug" />
              <option name="activePlatform" value="Any CPU" />
            </ConfigurationInfo>
          </value>
        </entry>
        <entry key="$USER_HOME$/afs/epita-prepa-acdc-PROG-102-P-04-2028-alexandre2.meunier/Smurfket.sln">
          <value>
            <ConfigurationInfo>
              <option name="activeConfiguration" value="Debug" />
              <option name="activePlatform" value="Any CPU" />
            </ConfigurationInfo>
          </value>
        </entry>
        <entry key="$USER_HOME$/afs/epita-prepa-acdc-PROG-102-P-05-2028-alexandre2.meunier/SmurfGetaway.sln">
          <value>
            <ConfigurationInfo>
              <option name="activeConfiguration" value="Debug" />
              <option name="activePlatform" value="Any CPU" />
            </ConfigurationInfo>
          </value>
        </entry>
      </map>
    </option>
  </component>
</application>