<application>
  <component name="RiderRecentProjectsManager">
    <option name="additionalInfo">
      <map>
        <entry key="$USER_HOME$/afs/epita-prepa-acdc-PROG-101-P-01-2028-alexandre2.meunier/BabySmurf.sln">
          <value>
            <RecentProjectMetaInfo frameTitle="BabySmurf – UnitTest1.cs" projectWorkspaceId="2Vyp3O46qICa9TAH3XDRVtsZ2f9">
              <option name="activationTimestamp" value="1695833732155" />
              <option name="binFolder" value="$APPLICATION_HOME_DIR$/bin" />
              <option name="build" value="RD-231.9011.39" />
              <option name="buildTimestamp" value="1684318889872" />
              <frame x="0" y="0" width="1920" height="1061" />
              <option name="productionCode" value="RD" />
              <option name="projectOpenTimestamp" value="1695827861300" />
            </RecentProjectMetaInfo>
          </value>
        </entry>
        <entry key="$USER_HOME$/afs/epita-prepa-acdc-PROG-101-P-03-2028-alexandre2.meunier/SmurfLooping.sln">
          <value>
            <RecentProjectMetaInfo frameTitle="SmurfLooping – Problems.cs" projectWorkspaceId="2WbqZAeXudgPA68tOrgKsA4HDfr">
              <option name="activationTimestamp" value="1697214795823" />
              <option name="binFolder" value="$APPLICATION_HOME_DIR$/bin" />
              <option name="build" value="RD-231.9011.39" />
              <option name="buildTimestamp" value="1684318869815" />
              <frame x="0" y="0" width="1920" height="1061" />
              <option name="productionCode" value="RD" />
              <option name="projectOpenTimestamp" value="1697207899512" />
            </RecentProjectMetaInfo>
          </value>
        </entry>
        <entry key="$USER_HOME$/afs/epita-prepa-acdc-PROG-101-P-02-2028-alexandre2.meunier/SmurfRecursion.sln">
          <value>
            <RecentProjectMetaInfo frameTitle="SmurfRecursion – Program.cs" projectWorkspaceId="2WIZqbPJxVDOrR9s4HUBZCbvL5N">
              <option name="activationTimestamp" value="1697212950507" />
              <option name="binFolder" value="$APPLICATION_HOME_DIR$/bin" />
              <option name="build" value="RD-231.9011.39" />
              <option name="buildTimestamp" value="1684318869815" />
              <frame x="960" y="0" width="960" height="1061" />
              <option name="productionCode" value="RD" />
              <option name="projectOpenTimestamp" value="1697211806318" />
            </RecentProjectMetaInfo>
          </value>
        </entry>
        <entry key="$USER_HOME$/afs/epita-prepa-acdc-PROG-101-P-04-2028-alexandre2.meunier/SmurfAdventures.sln">
          <value>
            <RecentProjectMetaInfo frameTitle="SmurfAdventures – file1.txt" projectWorkspaceId="2WvWpNvwzxrXulwWfo7xMORT257">
              <option name="activationTimestamp" value="1697821731313" />
              <option name="binFolder" value="$APPLICATION_HOME_DIR$/bin" />
              <option name="build" value="RD-231.9011.39" />
              <option name="buildTimestamp" value="1684318916335" />
              <frame x="0" y="0" width="1920" height="1061" />
              <option name="productionCode" value="RD" />
              <option name="projectOpenTimestamp" value="1697819954813" />
            </RecentProjectMetaInfo>
          </value>
        </entry>
        <entry key="$USER_HOME$/afs/epita-prepa-acdc-PROG-101-P-05-2028-alexandre2.meunier/SmurfasticFibo.sln">
          <value>
            <RecentProjectMetaInfo frameTitle="SmurfasticFibo – BinaryCoding.cs" projectWorkspaceId="2XDUSKKSTXnGG6BLKAbGh3VoSwj">
              <option name="activationTimestamp" value="1698426868553" />
              <option name="binFolder" value="$APPLICATION_HOME_DIR$/bin" />
              <option name="build" value="RD-231.9011.39" />
              <option name="buildTimestamp" value="1684318871494" />
              <frame x="0" y="0" width="1920" height="1181" />
              <option name="productionCode" value="RD" />
              <option name="projectOpenTimestamp" value="1698419430041" />
            </RecentProjectMetaInfo>
          </value>
        </entry>
        <entry key="$USER_HOME$/afs/epita-prepa-acdc-PROG-102-P-01-2028-alexandre2.meunier/PartySmurf.sln">
          <value>
            <RecentProjectMetaInfo frameTitle="PartySmurf – PackingBags.cs" projectWorkspaceId="2YUeyEnU9oFE5LJEvb83y9KI6Vl">
              <option name="activationTimestamp" value="1700667161814" />
              <option name="binFolder" value="$APPLICATION_HOME_DIR$/bin" />
              <option name="build" value="RD-231.9011.39" />
              <option name="buildTimestamp" value="1684318918403" />
              <frame x="0" y="0" width="1920" height="1061" />
              <option name="productionCode" value="RD" />
              <option name="projectOpenTimestamp" value="1700662344379" />
            </RecentProjectMetaInfo>
          </value>
        </entry>
        <entry key="$USER_HOME$/afs/epita-prepa-acdc-PROG-102-P-02-2028-alexandre2.meunier/SmurfFestival.sln">
          <value>
            <RecentProjectMetaInfo frameTitle="SmurfFestival – MagicStone.cs" projectWorkspaceId="2Yqnt9Wu96KHH2yvO2E4MZNAf2v">
              <option name="activationTimestamp" value="1701420309541" />
              <option name="binFolder" value="$APPLICATION_HOME_DIR$/bin" />
              <option name="build" value="RD-231.9011.39" />
              <option name="buildTimestamp" value="1684318898699" />
              <frame x="0" y="0" width="1920" height="1061" />
              <option name="productionCode" value="RD" />
              <option name="projectOpenTimestamp" value="1701419948729" />
            </RecentProjectMetaInfo>
          </value>
        </entry>
        <entry key="$USER_HOME$/afs/epita-prepa-acdc-PROG-102-P-03-2028-alexandre2.meunier/SmurfBot.sln">
          <value>
            <RecentProjectMetaInfo frameTitle="SmurfBot – MagicFormula.cs" projectWorkspaceId="2ZA8rXJzol9J4irvM4EWr3o2NXi">
              <option name="activationTimestamp" value="1702373899012" />
              <option name="binFolder" value="$APPLICATION_HOME_DIR$/bin" />
              <option name="build" value="RD-231.9011.39" />
              <option name="buildTimestamp" value="1684318904211" />
              <frame x="0" y="0" width="1920" height="1061" />
              <option name="productionCode" value="RD" />
              <option name="projectOpenTimestamp" value="1702373832274" />
            </RecentProjectMetaInfo>
          </value>
        </entry>
        <entry key="$USER_HOME$/afs/epita-prepa-acdc-PROG-102-P-04-2028-alexandre2.meunier/Smurfket.sln">
          <value>
            <RecentProjectMetaInfo frameTitle="Smurfket – Vehicle.cs" opened="true" projectWorkspaceId="2ZR9flY5epCUKJ5q6q3j4XuBKfP">
              <option name="activationTimestamp" value="1703094028926" />
              <option name="binFolder" value="$APPLICATION_HOME_DIR$/bin" />
              <option name="build" value="RD-231.9011.39" />
              <option name="buildTimestamp" value="1684318919565" />
              <frame x="0" y="0" width="1920" height="1181" />
              <option name="productionCode" value="RD" />
              <option name="projectOpenTimestamp" value="1703085007920" />
            </RecentProjectMetaInfo>
          </value>
        </entry>
        <entry key="$USER_HOME$/afs/epita-prepa-acdc-PROG-102-P-05-2028-alexandre2.meunier/SmurfGetaway.sln">
          <value>
            <RecentProjectMetaInfo frameTitle="SmurfGetaway – DataProcessing.cs" opened="true" projectWorkspaceId="2ZlV2zwBlZHf9zJYPv4eA62sxf1">
              <option name="activationTimestamp" value="1703170114801" />
              <option name="binFolder" value="$APPLICATION_HOME_DIR$/bin" />
              <option name="build" value="RD-231.9011.39" />
              <option name="buildTimestamp" value="1684318912617" />
              <frame x="0" y="0" width="1920" height="1181" />
              <option name="productionCode" value="RD" />
              <option name="projectOpenTimestamp" value="1703164153656" />
            </RecentProjectMetaInfo>
          </value>
        </entry>
      </map>
    </option>
    <option name="lastOpenedProject" value="$USER_HOME$/afs/epita-prepa-acdc-PROG-102-P-05-2028-alexandre2.meunier/SmurfGetaway.sln" />
    <option name="lastProjectLocation" value="$USER_HOME$/afs/epita-prepa-acdc-PROG-102-P-05-2028-alexandre2.meunier" />
  </component>
</application>