<application>
  <component name="RiderSettingsUpdater">
    <option name="allEditorsZoom" value="1" />
    <option name="attachDialogVersion" value="1" />
    <option name="autoPopupSummaryInfoVersion" value="1" />
    <option name="bigSurAlertsVersion" value="1" />
    <option name="borderlessTitleClasspathVersion" value="2" />
    <option name="breakOnUserUnhandledExceptionsVersion" value="1" />
    <option name="codeVisionSettingsTransfer" value="1" />
    <option name="commitWindowDoubleClickVersion" value="1" />
    <option name="commonSshSettingsMigration" value="1" />
    <option name="completionParenthesisSetting" value="1" />
    <option name="debuggerInlayVersion" value="3" />
    <option name="eaDevelopersListVersion" value="1" />
    <option name="eaNoDistractionModeVersion" value="3" />
    <option name="eapWhatsNew" value="1" />
    <option name="fileChooserNativeVersion" value="2" />
    <option name="flushAbbreviations" value="1" />
    <option name="ignorePrecompiledAssemblies" value="1" />
    <option name="ignoredFilesListVersion" value="1" />
    <option name="initialTooltipDelayVersion" value="1" />
    <option name="navBarVisibility" value="3" />
    <option name="newCommonDebugUiVersion" value="4" />
    <option name="newDebugUiVersion" value="5" />
    <option name="perAppToolWindows" value="1" />
    <option name="problemsViewGotItTooltip" value="1" />
    <option name="registryMigrationVersion" value="1" />
    <option name="resetNewUiLayoutForEveryone" value="1" />
    <option name="showDiffPreviewVersion" value="1" />
    <option name="solutionOpenVersion" value="1" />
    <option name="storeOpenedToolwindows" value="1" />
    <option name="titleDebugVersion" value="2" />
    <option name="treeHorizontalDefaultAutoscrollingVersion" value="1" />
    <option name="userUnhandledExceptionsIgnoreListVersion" value="1" />
  </component>
</application>