<application>
  <component name="RunnerLayoutSettings">
    <runner id="Debug">
      <ViewImpl>
        <option name="ID" value="DebuggerView" />
        <option name="placeInGrid" value="center" />
      </ViewImpl>
      <ViewImpl>
        <option name="ID" value="ConsoleContent" />
        <option name="placeInGrid" value="bottom" />
        <option name="tabIndex" value="1" />
      </ViewImpl>
      <ViewImpl>
        <option name="ID" value="ParallelStacks" />
        <option name="placeInGrid" value="center" />
        <option name="tabIndex" value="3" />
      </ViewImpl>
      <ViewImpl>
        <option name="ID" value="MemoryView" />
        <option name="placeInGrid" value="center" />
        <option name="tabIndex" value="4" />
      </ViewImpl>
      <ViewImpl>
        <option name="ID" value="DebuggerOutput" />
        <option name="placeInGrid" value="center" />
        <option name="tabIndex" value="2" />
      </ViewImpl>
      <TabImpl />
      <TabImpl>
        <option name="bottomProportion" value="0.0" />
        <option name="defaultIndex" value="1" />
        <option name="index" value="1" />
      </TabImpl>
      <TabImpl>
        <option name="defaultIndex" value="2" />
        <option name="index" value="2" />
      </TabImpl>
      <TabImpl>
        <option name="defaultIndex" value="3" />
        <option name="index" value="3" />
      </TabImpl>
      <TabImpl>
        <option name="defaultIndex" value="4" />
        <option name="index" value="4" />
      </TabImpl>
    </runner>
    <runner id="JavaRunner">
      <ViewImpl>
        <option name="ID" value="ConsoleContent" />
        <option name="placeInGrid" value="bottom" />
      </ViewImpl>
      <TabImpl>
        <option name="bottomProportion" value="0.0" />
      </TabImpl>
    </runner>
  </component>
</application>