<application>
  <component name="Trusted.Paths">
    <option name="TRUSTED_PROJECT_PATHS">
      <map>
        <entry key="$USER_HOME$/RiderProjects" value="true" />
        <entry key="$USER_HOME$/afs/epita-prepa-acdc-PROG-101-P-01-2028-alexandre2.meunier" value="true" />
        <entry key="$USER_HOME$/afs/epita-prepa-acdc-PROG-101-P-01-2028-alexandre2.meunier/.idea/.idea.BabySmurf" value="true" />
        <entry key="$USER_HOME$/afs/epita-prepa-acdc-PROG-101-P-02-2028-alexandre2.meunier" value="true" />
        <entry key="$USER_HOME$/afs/epita-prepa-acdc-PROG-101-P-02-2028-alexandre2.meunier/.idea/.idea.SmurfRecursion" value="true" />
        <entry key="$USER_HOME$/afs/epita-prepa-acdc-PROG-101-P-03-2028-alexandre2.meunier" value="true" />
        <entry key="$USER_HOME$/afs/epita-prepa-acdc-PROG-101-P-03-2028-alexandre2.meunier/.idea/.idea.SmurfLooping" value="true" />
        <entry key="$USER_HOME$/afs/epita-prepa-acdc-PROG-101-P-04-2028-alexandre2.meunier" value="true" />
        <entry key="$USER_HOME$/afs/epita-prepa-acdc-PROG-101-P-04-2028-alexandre2.meunier/.idea/.idea.SmurfAdventures" value="true" />
        <entry key="$USER_HOME$/afs/epita-prepa-acdc-PROG-101-P-05-2028-alexandre2.meunier" value="true" />
        <entry key="$USER_HOME$/afs/epita-prepa-acdc-PROG-101-P-05-2028-alexandre2.meunier/.idea/.idea.SmurfasticFibo" value="true" />
        <entry key="$USER_HOME$/afs/epita-prepa-acdc-PROG-102-P-01-2028-alexandre2.meunier" value="true" />
        <entry key="$USER_HOME$/afs/epita-prepa-acdc-PROG-102-P-01-2028-alexandre2.meunier/.idea/.idea.PartySmurf" value="true" />
        <entry key="$USER_HOME$/afs/epita-prepa-acdc-PROG-102-P-02-2028-alexandre2.meunier" value="true" />
        <entry key="$USER_HOME$/afs/epita-prepa-acdc-PROG-102-P-02-2028-alexandre2.meunier/.idea/.idea.SmurfFestival" value="true" />
        <entry key="$USER_HOME$/afs/epita-prepa-acdc-PROG-102-P-03-2028-alexandre2.meunier" value="true" />
        <entry key="$USER_HOME$/afs/epita-prepa-acdc-PROG-102-P-03-2028-alexandre2.meunier/.idea/.idea.SmurfBot" value="true" />
        <entry key="$USER_HOME$/afs/epita-prepa-acdc-PROG-102-P-04-2028-alexandre2.meunier" value="true" />
        <entry key="$USER_HOME$/afs/epita-prepa-acdc-PROG-102-P-04-2028-alexandre2.meunier/.idea/.idea.Smurfket" value="true" />
        <entry key="$USER_HOME$/afs/epita-prepa-acdc-PROG-102-P-05-2028-alexandre2.meunier" value="true" />
        <entry key="$USER_HOME$/afs/epita-prepa-acdc-PROG-102-P-05-2028-alexandre2.meunier/.idea/.idea.SmurfGetaway" value="true" />
      </map>
    </option>
  </component>
</application>