<application>
  <component name="DimensionService">
    <size key="GridCell.Tab.0.left.0.0.1920.1200" width="1874" height="258" />
    <size key="GridCell.Tab.0.center.0.0.1920.1200" width="1874" height="258" />
    <size key="GridCell.Tab.0.right.0.0.1920.1200" width="1874" height="258" />
    <size key="GridCell.Tab.0.bottom.0.0.1920.1200" width="1874" height="258" />
    <size key="GridCell.Tab.1.left.0.0.1920.1200" width="1874" height="436" />
    <size key="GridCell.Tab.1.center.0.0.1920.1200" width="1874" height="436" />
    <size key="GridCell.Tab.1.right.0.0.1920.1200" width="1874" height="436" />
    <size key="GridCell.Tab.1.bottom.0.0.1920.1200" width="1874" height="436" />
    <size key="GridCell.Tab.2.left.0.0.1920.1200" width="1874" height="436" />
    <size key="GridCell.Tab.2.center.0.0.1920.1200" width="1874" height="436" />
    <size key="GridCell.Tab.2.right.0.0.1920.1200" width="1874" height="436" />
    <size key="GridCell.Tab.2.bottom.0.0.1920.1200" width="1874" height="436" />
    <size key="GridCell.Tab.3.left.0.0.1920.1200" width="1874" height="436" />
    <size key="GridCell.Tab.3.center.0.0.1920.1200" width="1874" height="436" />
    <size key="GridCell.Tab.3.right.0.0.1920.1200" width="1874" height="436" />
    <size key="GridCell.Tab.3.bottom.0.0.1920.1200" width="1874" height="436" />
    <size key="GridCell.Tab.4.left.0.0.1920.1200" width="1874" height="436" />
    <size key="GridCell.Tab.4.center.0.0.1920.1200" width="1874" height="436" />
    <size key="GridCell.Tab.4.right.0.0.1920.1200" width="1874" height="436" />
    <size key="GridCell.Tab.4.bottom.0.0.1920.1200" width="1874" height="436" />
    <size key="GridCell.Tab.0.left.0.0.1920.1080" width="1874" height="228" />
    <size key="GridCell.Tab.0.center.0.0.1920.1080" width="1874" height="228" />
    <size key="GridCell.Tab.0.right.0.0.1920.1080" width="1874" height="228" />
    <size key="GridCell.Tab.0.bottom.0.0.1920.1080" width="1874" height="228" />
  </component>
  <component name="WindowManager">
    <frame x="0" y="0" width="1920" height="1181" />
  </component>
  <component name="WindowStateApplicationService">
    <state x="1223" y="348" width="666" height="474" key="FileChooserDialogImpl" timestamp="1701262188058">
      <screen x="0" y="0" width="1920" height="1200" />
    </state>
    <state x="1223" y="348" width="666" height="474" key="FileChooserDialogImpl/0.0.1920.1200" timestamp="1701262188058" />
    <state x="960" y="530" width="1920" height="1061" key="WELCOME_SCREEN" timestamp="1703164141024">
      <screen x="0" y="0" width="1920" height="1080" />
    </state>
    <state x="960" y="530" width="1920" height="1061" key="WELCOME_SCREEN/0.0.1920.1080" timestamp="1703164141024" />
    <state x="960" y="590" width="1920" height="1181" key="WELCOME_SCREEN/0.0.1920.1200" timestamp="1703094035920" />
  </component>
</application>