<project version="4">
  <component name="BookmarksManager">
    <option name="groups">
      <GroupState>
        <option name="name" value="BabySmurf" />
      </GroupState>
    </option>
  </component>
  <component name="ProjectView">
    <navigator currentView="SolutionExplorer" proportions="0.9" version="1" />
    <panes>
      <pane id="AssemblyExplorer" />
      <pane id="FileSystemExplorer" />
      <pane id="SolutionExplorer">
        <subPane>
          <expand />
          <select>
            <path>
              <item name="Project" type="784c90a0:SolutionExplorerRootNode" />
              <item name="BabySmurf" type="24d0babc:SolutionExplorerModelNode" />
            </path>
          </select>
        </subPane>
        <option name="show-all-files" value="false" />
        <option name="show-project-imports" value="true" />
        <option name="autoscroll-all" value="false" />
        <option name="show-scratches" value="true" />
        <option name="search-dependencies" value="false" />
        <option name="show-unreal-project-files" value="true" />
      </pane>
    </panes>
  </component>
  <component name="RunToolbarSettings">
    <option name="slotOrder">
      <option value="ae19e0e2-d456-42e5-bb61-613ef6db9aa1" />
    </option>
  </component>
  <component name="TimeTrackingManager">
    <option name="totallyTimeSpent" value="76000" />
  </component>
  <component name="TodoView">
    <todo-panel id="selected-file">
      <is-autoscroll-to-source value="true" />
    </todo-panel>
    <todo-panel id="all">
      <are-packages-shown value="true" />
      <is-autoscroll-to-source value="true" />
    </todo-panel>
  </component>
  <component name="ToolWindowManager">
    <layout>
      <window_info content_ui="combo" id="Project" order="0" visible="true" weight="0.25026095" />
      <window_info id="Structure" order="0" side_tool="true" />
      <window_info anchor="bottom" id="Version Control" order="0" show_stripe_button="false" />
      <window_info anchor="bottom" id="Find" order="1" />
      <window_info anchor="bottom" id="Run" order="2" />
      <window_info anchor="bottom" id="Debug" order="3" weight="0.4" />
      <window_info anchor="bottom" id="Inspection" order="4" weight="0.4" />
      <window_info anchor="bottom" id="Problems View" order="4" />
      <window_info anchor="bottom" id="Terminal" order="4" />
      <window_info anchor="bottom" id="NuGet" order="4" />
      <window_info anchor="bottom" id="Services" order="4" show_stripe_button="false" />
      <window_info anchor="right" id="Endpoints" order="0" show_stripe_button="false" />
      <window_info anchor="right" id="Database" order="0" />
      <window_info anchor="right" id="Notifications" order="0" weight="0.25" />
      <unified_weights left="0.25026095" />
    </layout>
    <recentWindows>
      <value>Project</value>
    </recentWindows>
  </component>
  <component name="WindowStateProjectService">
    <state x="960" y="0" width="960" height="1181" key="com.intellij.history.integration.ui.views.DirectoryHistoryDialog" timestamp="1695817869529">
      <screen x="0" y="0" width="1920" height="1200" />
    </state>
    <state x="960" y="0" width="960" height="1181" key="com.intellij.history.integration.ui.views.DirectoryHistoryDialog/0.0.1920.1200@0.0.1920.1200" timestamp="1695817869529" />
  </component>
</project>