<project version="4">
  <component name="BookmarksManager">
    <option name="groups">
      <GroupState>
        <option name="name" value="BabySmurf" />
      </GroupState>
    </option>
  </component>
  <component name="FileEditorManager">
    <leaf SIDE_TABS_SIZE_LIMIT_KEY="-1">
      <file current-in-tab="false">
        <entry file="file://$PROJECT_DIR$/BabySmurf/Program.cs">
          <provider selected="true" editor-type-id="text-editor">
            <state relative-caret-position="48">
              <caret line="2" selection-start-line="2" selection-end-line="2" />
              <folding>
                <marker date="1695833125000" expanded="true" signature="468:2419" ph="/* int v1 = BabySmurf.SmurfMe.Beginning.Sum(11, 10);  // v1 ==  21 ... */" />
              </folding>
            </state>
          </provider>
        </entry>
      </file>
      <file current-in-tab="false">
        <entry file="file://$PROJECT_DIR$/BabySmurf/SmurfMe/Division.cs">
          <provider selected="true" editor-type-id="text-editor">
            <state relative-caret-position="238">
              <caret line="29" column="44" selection-start-line="29" selection-start-column="44" selection-end-line="29" selection-end-column="44" />
              <folding>
                <marker date="1695831582000" expanded="true" signature="51:810" ph="{...}" />
                <marker date="1695831582000" expanded="true" signature="99:389" ph="{...}" />
                <marker date="1695831582000" expanded="true" signature="150:259" ph="{...}" />
                <marker date="1695831582000" expanded="true" signature="439:807" ph="{...}" />
                <marker date="1695831582000" expanded="true" signature="465:574" ph="{...}" />
              </folding>
            </state>
          </provider>
        </entry>
      </file>
      <file>
        <entry file="file://$PROJECT_DIR$/BabySmurf/SmurfMe/Beginning.cs">
          <provider selected="true" editor-type-id="text-editor">
            <state relative-caret-position="432">
              <caret line="15" column="36" selection-start-line="15" selection-start-column="36" selection-end-line="15" selection-end-column="36" />
              <folding>
                <marker date="1695833754000" expanded="true" signature="52:1094" ph="{...}" />
                <marker date="1695833754000" expanded="true" signature="97:209" ph="{...}" />
                <marker date="1695833754000" expanded="true" signature="261:412" ph="{...}" />
                <marker date="1695833754000" expanded="true" signature="458:492" ph="{...}" />
                <marker date="1695833754000" expanded="true" signature="531:624" ph="{...}" />
                <marker date="1695833754000" expanded="true" signature="556:599" ph="{...}" />
                <marker date="1695833754000" expanded="true" signature="670:772" ph="{...}" />
                <marker date="1695833754000" expanded="true" signature="698:744" ph="{...}" />
                <marker date="1695833754000" expanded="true" signature="816:1090" ph="{...}" />
                <marker date="1695833754000" expanded="true" signature="847:900" ph="{...}" />
                <marker date="1695833754000" expanded="true" signature="929:977" ph="{...}" />
                <marker date="1695833754000" expanded="true" signature="1006:1054" ph="{...}" />
              </folding>
            </state>
          </provider>
        </entry>
      </file>
      <file current-in-tab="false">
        <entry file="file://$PROJECT_DIR$/Tests/UnitTest1.cs">
          <provider selected="true" editor-type-id="text-editor">
            <state relative-caret-position="-17">
              <caret line="15" column="1" selection-start-line="15" selection-start-column="1" selection-end-line="15" selection-end-column="1" />
              <folding>
                <marker date="1695824378000" expanded="true" signature="53:317" ph="{...}" />
                <marker date="1695824378000" expanded="true" signature="236:315" ph="{...}" />
              </folding>
            </state>
          </provider>
        </entry>
      </file>
      <file current-in-tab="false">
        <entry file="file://$PROJECT_DIR$/BabySmurf/DebugMe/Second.cs">
          <provider selected="true" editor-type-id="text-editor">
            <state relative-caret-position="-17">
              <caret line="11" column="1" selection-start-line="11" selection-start-column="1" selection-end-line="11" selection-end-column="1" />
              <folding>
                <marker date="1695823555000" expanded="true" signature="49:207" ph="{...}" />
                <marker date="1695823555000" expanded="true" signature="89:205" ph="{...}" />
              </folding>
            </state>
          </provider>
        </entry>
      </file>
      <file current-in-tab="false">
        <entry file="file://$PROJECT_DIR$/BabySmurf/DebugMe/Third.cs">
          <provider selected="true" editor-type-id="text-editor">
            <state>
              <caret line="10" column="25" selection-start-line="10" selection-start-column="24" selection-end-line="10" selection-end-column="25" />
              <folding>
                <marker date="1695824284000" expanded="true" signature="48:536" ph="{...}" />
                <marker date="1695824284000" expanded="true" signature="93:534" ph="{...}" />
                <marker date="1695824284000" expanded="true" signature="150:508" ph="{...}" />
              </folding>
            </state>
          </provider>
        </entry>
      </file>
      <file current-in-tab="false">
        <entry file="file://$PROJECT_DIR$/BabySmurf/DebugMe/Fourth.cs">
          <provider selected="true" editor-type-id="text-editor">
            <state relative-caret-position="-10">
              <caret line="23" column="23" selection-start-line="23" selection-start-column="23" selection-end-line="23" selection-end-column="23" />
              <folding>
                <marker date="1695826530000" expanded="true" signature="49:590" ph="{...}" />
                <marker date="1695826530000" expanded="true" signature="88:127" ph="{...}" />
                <marker date="1695826530000" expanded="true" signature="166:200" ph="{...}" />
                <marker date="1695826530000" expanded="true" signature="240:275" ph="{...}" />
                <marker date="1695826530000" expanded="true" signature="320:587" ph="{...}" />
                <marker date="1695826530000" expanded="true" signature="349:393" ph="{...}" />
                <marker date="1695826530000" expanded="true" signature="421:501" ph="{...}" />
                <marker date="1695826530000" expanded="true" signature="514:554" ph="{...}" />
              </folding>
            </state>
          </provider>
        </entry>
      </file>
      <file current-in-tab="false">
        <entry file="file://$PROJECT_DIR$/BabySmurf/DebugMe/First.cs">
          <provider selected="true" editor-type-id="text-editor">
            <state>
              <caret column="28" selection-start-column="28" selection-end-column="28" />
              <folding>
                <marker date="1695822523000" expanded="true" signature="48:577" ph="{...}" />
                <marker date="1695822523000" expanded="true" signature="119:575" ph="{...}" />
              </folding>
            </state>
          </provider>
        </entry>
      </file>
      <file current-in-tab="false">
        <entry file="file://$PROJECT_DIR$/Tests/Usings.cs">
          <provider selected="true" editor-type-id="text-editor">
            <state>
              <caret column="14" selection-start-column="14" selection-end-column="14" />
            </state>
          </provider>
        </entry>
      </file>
    </leaf>
  </component>
  <component name="FileTypeUsageLocalSummary">
    <fileType name="C#">
      <summary usageCount="33" lastUsed="1695827861122" />
    </fileType>
  </component>
  <component name="IdeDocumentHistory">
    <changedPaths>
      <option value="$PROJECT_DIR$/BabySmurf/DebugMe/First.cs" />
      <option value="$PROJECT_DIR$/BabySmurf/DebugMe/Second.cs" />
      <option value="$PROJECT_DIR$/BabySmurf/DebugMe/Third.cs" />
      <option value="$PROJECT_DIR$/Tests/UnitTest1.cs" />
      <option value="$PROJECT_DIR$/BabySmurf/DebugMe/Fourth.cs" />
      <option value="$PROJECT_DIR$/BabySmurf/SmurfMe/Division.cs" />
      <option value="$PROJECT_DIR$/BabySmurf/Program.cs" />
      <option value="$PROJECT_DIR$/BabySmurf/SmurfMe/Beginning.cs" />
    </changedPaths>
  </component>
  <component name="IgnoredFileRootStore">
    <option name="generatedRoots">
      <set>
        <option value="$PROJECT_DIR$/.idea/.idea.BabySmurf/.idea" />
      </set>
    </option>
  </component>
  <component name="LanguageUsageStatistics">
    <language id="C#">
      <summary usageCount="33" lastUsage="1695827861122" />
    </language>
  </component>
  <component name="ProjectView">
    <navigator currentView="SolutionExplorer" proportions="0.9" version="1" />
    <panes>
      <pane id="AssemblyExplorer" />
      <pane id="SolutionExplorer">
        <subPane>
          <expand>
            <path>
              <item name="Project" type="784c90a0:SolutionExplorerRootNode" />
              <item name="BabySmurf" type="24d0babc:SolutionExplorerModelNode" />
            </path>
            <path>
              <item name="Project" type="784c90a0:SolutionExplorerRootNode" />
              <item name="BabySmurf" type="24d0babc:SolutionExplorerModelNode" />
              <item name="BabySmurf" type="24d0babc:SolutionExplorerModelNode" />
            </path>
            <path>
              <item name="Project" type="784c90a0:SolutionExplorerRootNode" />
              <item name="BabySmurf" type="24d0babc:SolutionExplorerModelNode" />
              <item name="BabySmurf" type="24d0babc:SolutionExplorerModelNode" />
              <item name="SmurfMe" type="24d0babc:SolutionExplorerModelNode" />
            </path>
            <path>
              <item name="Project" type="784c90a0:SolutionExplorerRootNode" />
              <item name="BabySmurf" type="24d0babc:SolutionExplorerModelNode" />
              <item name="Tests" type="24d0babc:SolutionExplorerModelNode" />
            </path>
          </expand>
          <select>
            <path>
              <item name="Project" type="784c90a0:SolutionExplorerRootNode" />
              <item name="BabySmurf" type="24d0babc:SolutionExplorerModelNode" />
              <item name="BabySmurf" type="24d0babc:SolutionExplorerModelNode" />
              <item name="SmurfMe" type="24d0babc:SolutionExplorerModelNode" />
              <item name="Beginning.cs" type="24d0babc:SolutionExplorerModelNode" />
            </path>
          </select>
        </subPane>
        <option name="show-all-files" value="false" />
        <option name="show-project-imports" value="true" />
        <option name="autoscroll-all" value="false" />
        <option name="show-scratches" value="true" />
        <option name="search-dependencies" value="false" />
        <option name="show-unreal-project-files" value="true" />
      </pane>
      <pane id="FileSystemExplorer" />
    </panes>
  </component>
  <component name="RiderPerAppToolWindowOpenedTWKeeper">
    <option name="map">
      <map>
        <entry key="Bookmarks">
          <value>
            <window_info id="Bookmarks" side_tool="true" />
          </value>
        </entry>
        <entry key="Build">
          <value>
            <window_info anchor="bottom" id="Build" order="4" weight="0.3299712" />
          </value>
        </entry>
        <entry key="Commit">
          <value>
            <window_info id="Commit" />
          </value>
        </entry>
        <entry key="Database">
          <value>
            <window_info anchor="right" id="Database" order="0" />
          </value>
        </entry>
        <entry key="Database Changes">
          <value>
            <window_info anchor="bottom" id="Database Changes" show_stripe_button="false" />
          </value>
        </entry>
        <entry key="Debug">
          <value>
            <window_info anchor="bottom" id="Debug" order="3" weight="0.40008613" />
          </value>
        </entry>
        <entry key="Dynamic Program Analysis">
          <value>
            <window_info anchor="bottom" id="Dynamic Program Analysis" />
          </value>
        </entry>
        <entry key="Endpoints">
          <value>
            <window_info anchor="right" id="Endpoints" order="0" show_stripe_button="false" />
          </value>
        </entry>
        <entry key="File Transfer">
          <value>
            <window_info anchor="bottom" id="File Transfer" />
          </value>
        </entry>
        <entry key="Find">
          <value>
            <window_info anchor="bottom" id="Find" order="1" />
          </value>
        </entry>
        <entry key="IL Viewer">
          <value>
            <window_info anchor="right" id="IL Viewer" />
          </value>
        </entry>
        <entry key="Inspection">
          <value>
            <window_info anchor="bottom" id="Inspection" order="4" weight="0.4" />
          </value>
        </entry>
        <entry key="Notifications">
          <value>
            <window_info anchor="right" id="Notifications" order="0" weight="0.25" />
          </value>
        </entry>
        <entry key="NuGet">
          <value>
            <window_info anchor="bottom" id="NuGet" order="4" />
          </value>
        </entry>
        <entry key="Problems View">
          <value>
            <window_info anchor="bottom" id="Problems View" order="4" />
          </value>
        </entry>
        <entry key="Project">
          <value>
            <window_info content_ui="combo" id="Project" order="0" visible="true" weight="0.12239039" />
          </value>
        </entry>
        <entry key="Pull Requests">
          <value>
            <window_info id="Pull Requests" />
          </value>
        </entry>
        <entry key="Run">
          <value>
            <window_info anchor="bottom" id="Run" order="2" visible="true" weight="0.3299712" />
          </value>
        </entry>
        <entry key="Services">
          <value>
            <window_info anchor="bottom" id="Services" order="4" show_stripe_button="false" />
          </value>
        </entry>
        <entry key="Space Code Reviews">
          <value>
            <window_info id="Space Code Reviews" />
          </value>
        </entry>
        <entry key="Structure">
          <value>
            <window_info id="Structure" order="0" side_tool="true" />
          </value>
        </entry>
        <entry key="TODO">
          <value>
            <window_info anchor="bottom" id="TODO" />
          </value>
        </entry>
        <entry key="Terminal">
          <value>
            <window_info anchor="bottom" id="Terminal" order="4" />
          </value>
        </entry>
        <entry key="TypeScript">
          <value>
            <window_info anchor="bottom" id="TypeScript" />
          </value>
        </entry>
        <entry key="Unit Tests">
          <value>
            <window_info anchor="bottom" id="Unit Tests" weight="0.3299712" />
          </value>
        </entry>
        <entry key="Unit Tests Coverage">
          <value>
            <window_info anchor="right" id="Unit Tests Coverage" />
          </value>
        </entry>
        <entry key="Version Control">
          <value>
            <window_info anchor="bottom" id="Version Control" order="0" />
          </value>
        </entry>
        <entry key="documentation.v2">
          <value>
            <window_info anchor="right" id="documentation.v2" side_tool="true" />
          </value>
        </entry>
        <entry key="dotMemory Profiler">
          <value>
            <window_info anchor="bottom" id="dotMemory Profiler" />
          </value>
        </entry>
        <entry key="dotTrace Profiler">
          <value>
            <window_info anchor="bottom" id="dotTrace Profiler" />
          </value>
        </entry>
      </map>
    </option>
  </component>
  <component name="RunConfigurationStartHistory">
    <history>
      <element setting=".NET Project.BabySmurf" />
    </history>
  </component>
  <component name="RunToolbarSettings">
    <option name="slotOrder">
      <option value="73e8b8a3-4bf2-43ef-a68b-3e3413d256f5" />
    </option>
    <slots>
      <entry key="73e8b8a3-4bf2-43ef-a68b-3e3413d256f5" value=".NET Project.BabySmurf" />
    </slots>
  </component>
  <component name="TimeTrackingManager">
    <option name="totallyTimeSpent" value="15513000" />
  </component>
  <component name="TodoView">
    <todo-panel id="selected-file">
      <is-autoscroll-to-source value="true" />
    </todo-panel>
    <todo-panel id="all">
      <are-packages-shown value="true" />
      <is-autoscroll-to-source value="true" />
    </todo-panel>
  </component>
  <component name="ToolWindowManager">
    <editor active="true" />
    <layout>
      <window_info id="Space Code Reviews" />
      <window_info id="Bookmarks" side_tool="true" />
      <window_info id="Pull Requests" />
      <window_info id="Commit" />
      <window_info id="Structure" order="0" side_tool="true" />
      <window_info content_ui="combo" id="Project" order="0" visible="true" weight="0.12239039" />
      <window_info anchor="bottom" id="Database Changes" show_stripe_button="false" />
      <window_info anchor="bottom" id="TypeScript" />
      <window_info anchor="bottom" id="Dynamic Program Analysis" />
      <window_info anchor="bottom" id="TODO" />
      <window_info anchor="bottom" id="Unit Tests" weight="0.3299712" />
      <window_info anchor="bottom" id="dotTrace Profiler" />
      <window_info anchor="bottom" id="File Transfer" />
      <window_info anchor="bottom" id="dotMemory Profiler" />
      <window_info anchor="bottom" id="Version Control" order="0" />
      <window_info anchor="bottom" id="Find" order="1" />
      <window_info anchor="bottom" id="Run" order="2" visible="true" weight="0.3299712" />
      <window_info anchor="bottom" id="Debug" order="3" weight="0.40008613" />
      <window_info anchor="bottom" id="Build" order="4" weight="0.3299712" />
      <window_info anchor="bottom" id="Inspection" order="4" weight="0.4" />
      <window_info anchor="bottom" id="Problems View" order="4" />
      <window_info anchor="bottom" id="Terminal" order="4" />
      <window_info anchor="bottom" id="NuGet" order="4" />
      <window_info anchor="bottom" id="Services" order="4" show_stripe_button="false" />
      <window_info anchor="right" id="Unit Tests Coverage" />
      <window_info anchor="right" id="IL Viewer" />
      <window_info anchor="right" id="documentation.v2" side_tool="true" />
      <window_info anchor="right" id="Endpoints" order="0" show_stripe_button="false" />
      <window_info anchor="right" id="Database" order="0" />
      <window_info anchor="right" id="Notifications" order="0" weight="0.25" />
      <unified_weights bottom="0.3299712" left="0.12239039" />
    </layout>
    <recentWindows>
      <value>Run</value>
      <value>Build</value>
      <value>Project</value>
    </recentWindows>
  </component>
  <component name="WindowStateProjectService">
    <state width="317" height="73" key="DebuggerActiveHint" timestamp="1695824215991">
      <screen x="0" y="0" width="1920" height="1200" />
    </state>
    <state width="317" height="73" key="DebuggerActiveHint/0.0.1920.1200@0.0.1920.1200" timestamp="1695824215991" />
    <state width="1874" height="315" key="GridCell.Tab.0.bottom" timestamp="1695833757617">
      <screen x="0" y="0" width="1920" height="1080" />
    </state>
    <state width="1874" height="315" key="GridCell.Tab.0.bottom/0.0.1920.1080@0.0.1920.1080" timestamp="1695833757617" />
    <state width="1874" height="355" key="GridCell.Tab.0.bottom/0.0.1920.1200@0.0.1920.1200" timestamp="1695826532795" />
    <state width="1874" height="315" key="GridCell.Tab.0.center" timestamp="1695833757617">
      <screen x="0" y="0" width="1920" height="1080" />
    </state>
    <state width="1874" height="315" key="GridCell.Tab.0.center/0.0.1920.1080@0.0.1920.1080" timestamp="1695833757617" />
    <state width="1874" height="355" key="GridCell.Tab.0.center/0.0.1920.1200@0.0.1920.1200" timestamp="1695826532794" />
    <state width="1874" height="315" key="GridCell.Tab.0.left" timestamp="1695833757617">
      <screen x="0" y="0" width="1920" height="1080" />
    </state>
    <state width="1874" height="315" key="GridCell.Tab.0.left/0.0.1920.1080@0.0.1920.1080" timestamp="1695833757617" />
    <state width="1874" height="355" key="GridCell.Tab.0.left/0.0.1920.1200@0.0.1920.1200" timestamp="1695826532794" />
    <state width="1874" height="315" key="GridCell.Tab.0.right" timestamp="1695833757617">
      <screen x="0" y="0" width="1920" height="1080" />
    </state>
    <state width="1874" height="315" key="GridCell.Tab.0.right/0.0.1920.1080@0.0.1920.1080" timestamp="1695833757617" />
    <state width="1874" height="355" key="GridCell.Tab.0.right/0.0.1920.1200@0.0.1920.1200" timestamp="1695826532794" />
    <state width="1874" height="436" key="GridCell.Tab.1.bottom" timestamp="1695825048522">
      <screen x="0" y="0" width="1920" height="1200" />
    </state>
    <state width="1874" height="436" key="GridCell.Tab.1.bottom/0.0.1920.1200@0.0.1920.1200" timestamp="1695825048522" />
    <state width="1874" height="436" key="GridCell.Tab.1.center" timestamp="1695825048522">
      <screen x="0" y="0" width="1920" height="1200" />
    </state>
    <state width="1874" height="436" key="GridCell.Tab.1.center/0.0.1920.1200@0.0.1920.1200" timestamp="1695825048522" />
    <state width="1874" height="436" key="GridCell.Tab.1.left" timestamp="1695825048522">
      <screen x="0" y="0" width="1920" height="1200" />
    </state>
    <state width="1874" height="436" key="GridCell.Tab.1.left/0.0.1920.1200@0.0.1920.1200" timestamp="1695825048522" />
    <state width="1874" height="436" key="GridCell.Tab.1.right" timestamp="1695825048522">
      <screen x="0" y="0" width="1920" height="1200" />
    </state>
    <state width="1874" height="436" key="GridCell.Tab.1.right/0.0.1920.1200@0.0.1920.1200" timestamp="1695825048522" />
    <state width="1874" height="436" key="GridCell.Tab.2.bottom" timestamp="1695825048522">
      <screen x="0" y="0" width="1920" height="1200" />
    </state>
    <state width="1874" height="436" key="GridCell.Tab.2.bottom/0.0.1920.1200@0.0.1920.1200" timestamp="1695825048522" />
    <state width="1874" height="436" key="GridCell.Tab.2.center" timestamp="1695825048522">
      <screen x="0" y="0" width="1920" height="1200" />
    </state>
    <state width="1874" height="436" key="GridCell.Tab.2.center/0.0.1920.1200@0.0.1920.1200" timestamp="1695825048522" />
    <state width="1874" height="436" key="GridCell.Tab.2.left" timestamp="1695825048522">
      <screen x="0" y="0" width="1920" height="1200" />
    </state>
    <state width="1874" height="436" key="GridCell.Tab.2.left/0.0.1920.1200@0.0.1920.1200" timestamp="1695825048522" />
    <state width="1874" height="436" key="GridCell.Tab.2.right" timestamp="1695825048522">
      <screen x="0" y="0" width="1920" height="1200" />
    </state>
    <state width="1874" height="436" key="GridCell.Tab.2.right/0.0.1920.1200@0.0.1920.1200" timestamp="1695825048522" />
    <state width="1874" height="436" key="GridCell.Tab.3.bottom" timestamp="1695825048522">
      <screen x="0" y="0" width="1920" height="1200" />
    </state>
    <state width="1874" height="436" key="GridCell.Tab.3.bottom/0.0.1920.1200@0.0.1920.1200" timestamp="1695825048522" />
    <state width="1874" height="436" key="GridCell.Tab.3.center" timestamp="1695825048522">
      <screen x="0" y="0" width="1920" height="1200" />
    </state>
    <state width="1874" height="436" key="GridCell.Tab.3.center/0.0.1920.1200@0.0.1920.1200" timestamp="1695825048522" />
    <state width="1874" height="436" key="GridCell.Tab.3.left" timestamp="1695825048522">
      <screen x="0" y="0" width="1920" height="1200" />
    </state>
    <state width="1874" height="436" key="GridCell.Tab.3.left/0.0.1920.1200@0.0.1920.1200" timestamp="1695825048522" />
    <state width="1874" height="436" key="GridCell.Tab.3.right" timestamp="1695825048522">
      <screen x="0" y="0" width="1920" height="1200" />
    </state>
    <state width="1874" height="436" key="GridCell.Tab.3.right/0.0.1920.1200@0.0.1920.1200" timestamp="1695825048522" />
    <state width="1874" height="436" key="GridCell.Tab.4.bottom" timestamp="1695825048522">
      <screen x="0" y="0" width="1920" height="1200" />
    </state>
    <state width="1874" height="436" key="GridCell.Tab.4.bottom/0.0.1920.1200@0.0.1920.1200" timestamp="1695825048522" />
    <state width="1874" height="436" key="GridCell.Tab.4.center" timestamp="1695825048522">
      <screen x="0" y="0" width="1920" height="1200" />
    </state>
    <state width="1874" height="436" key="GridCell.Tab.4.center/0.0.1920.1200@0.0.1920.1200" timestamp="1695825048522" />
    <state width="1874" height="436" key="GridCell.Tab.4.left" timestamp="1695825048522">
      <screen x="0" y="0" width="1920" height="1200" />
    </state>
    <state width="1874" height="436" key="GridCell.Tab.4.left/0.0.1920.1200@0.0.1920.1200" timestamp="1695825048522" />
    <state width="1874" height="436" key="GridCell.Tab.4.right" timestamp="1695825048522">
      <screen x="0" y="0" width="1920" height="1200" />
    </state>
    <state width="1874" height="436" key="GridCell.Tab.4.right/0.0.1920.1200@0.0.1920.1200" timestamp="1695825048522" />
    <state x="555" y="325" width="804" height="520" key="Rider.ProjectTemplateDialog.Size" timestamp="1695819912546">
      <screen x="0" y="0" width="1920" height="1200" />
    </state>
    <state x="555" y="325" width="804" height="520" key="Rider.ProjectTemplateDialog.Size/0.0.1920.1200@0.0.1920.1200" timestamp="1695819912546" />
    <state x="449" y="165" key="SettingsEditor" timestamp="1695827789992">
      <screen x="0" y="0" width="1920" height="1080" />
    </state>
    <state x="449" y="165" key="SettingsEditor/0.0.1920.1080@0.0.1920.1080" timestamp="1695827789992" />
    <state width="960" height="590" key="XDebugger.FullValuePopup" timestamp="1695824097941">
      <screen x="0" y="0" width="1920" height="1200" />
    </state>
    <state width="960" height="590" key="XDebugger.FullValuePopup/0.0.1920.1200@0.0.1920.1200" timestamp="1695824097941" />
    <state x="623" y="264" key="search.everywhere.popup" timestamp="1695820370624">
      <screen x="0" y="0" width="1920" height="1200" />
    </state>
    <state x="623" y="264" key="search.everywhere.popup/0.0.1920.1200@0.0.1920.1200" timestamp="1695820370624" />
  </component>
  <component name="editorHistoryManager">
    <entry file="file://$APPLICATION_CONFIG_DIR$/resharper-host/SourcesCache/fd495755bc5b3363eba9fd4b7bbd653483c3b258d07289d887a6a83bb7e1071/TargetInvocationException.cs">
      <provider selected="true" editor-type-id="text-editor">
        <state relative-caret-position="242">
          <caret line="12" column="14" selection-start-line="12" selection-start-column="14" selection-end-line="12" selection-end-column="14" />
          <folding>
            <marker date="1695825039000" expanded="false" signature="0:136" ph="// Licensed to the .NET Foundation under one or more agreements...." />
            <marker date="1695825039000" expanded="true" signature="202:973" ph="{...}" />
            <marker date="1695825039000" expanded="true" signature="431:971" ph="{...}" />
            <marker date="1695825039000" expanded="true" signature="556:631" ph="{...}" />
            <marker date="1695825039000" expanded="true" signature="743:818" ph="{...}" />
            <marker date="1695825039000" expanded="true" signature="945:965" ph="{...}" />
          </folding>
        </state>
      </provider>
    </entry>
    <entry file="file://$APPLICATION_CONFIG_DIR$/resharper-host/SourcesCache/ec11489f13fea2ba3e5dfbdea086f41dac024556d53f318c75a75a2cbd73/EqualityAsserts.cs">
      <provider selected="true" editor-type-id="text-editor">
        <state relative-caret-position="192">
          <caret line="95" column="24" selection-start-line="95" selection-start-column="24" selection-end-line="95" selection-end-column="24" />
          <folding>
            <marker date="1695825015000" expanded="false" signature="90:202" ph="..." />
            <marker date="1695825015000" expanded="true" signature="219:15570" ph="{...}" />
            <marker date="1695825015000" expanded="true" signature="304:15568" ph="{...}" />
            <marker date="1695825015000" expanded="true" signature="325:927" ph="/* Verifies that two arrays of unmanaged type T are equal, using Span&amp;lt;T&amp;gt;.SequenceEqual. ... */" />
            <marker date="1695825015000" expanded="true" signature="1406:1795" ph="/// Verifies that two objects are equal, using a default comparer. ... " />
            <marker date="1695825015000" expanded="true" signature="1955:2017" ph="{...}" />
            <marker date="1695825015000" expanded="true" signature="2021:2501" ph="/// Verifies that two objects are equal, using a custom equatable comparer. ... " />
            <marker date="1695825015000" expanded="true" signature="2723:3443" ph="{...}" />
            <marker date="1695825015000" expanded="true" signature="3041:3343" ph="{...}" />
            <marker date="1695825015000" expanded="true" signature="3133:3338" ph="{...}" />
            <marker date="1695825015000" expanded="true" signature="3447:3963" ph="/// Verifies that two &lt;see cref=&quot;double&quot;/&gt; values are equal, within the number of decimal ... " />
            <marker date="1695825015000" expanded="true" signature="4037:4447" ph="{...}" />
            <marker date="1695825015000" expanded="true" signature="4451:5068" ph="/// Verifies that two &lt;see cref=&quot;double&quot;/&gt; values are equal, within the number of decimal ... " />
            <marker date="1695825015000" expanded="true" signature="5169:5599" ph="{...}" />
            <marker date="1695825015000" expanded="true" signature="5603:6170" ph="/// Verifies that two &lt;see cref=&quot;double&quot;/&gt; values are equal, within the tolerance given by ... " />
            <marker date="1695825015000" expanded="true" signature="6247:6709" ph="{...}" />
            <marker date="1695825015000" expanded="true" signature="6713:7279" ph="/// Verifies that two &lt;see cref=&quot;float&quot;/&gt; values are equal, within the tolerance given by ... " />
            <marker date="1695825015000" expanded="true" signature="7353:7810" ph="{...}" />
            <marker date="1695825015000" expanded="true" signature="7814:8331" ph="/// Verifies that two &lt;see cref=&quot;decimal&quot;/&gt; values are equal, within the number of decimal ... " />
            <marker date="1695825015000" expanded="true" signature="8407:8803" ph="{...}" />
            <marker date="1695825015000" expanded="true" signature="8807:9290" ph="/// Verifies that two &lt;see cref=&quot;DateTime&quot;/&gt; values are equal, within the precision ... " />
            <marker date="1695825015000" expanded="true" signature="9373:9737" ph="{...}" />
            <marker date="1695825015000" expanded="true" signature="9460:9733" ph="{...}" />
            <marker date="1695825015000" expanded="true" signature="9741:10148" ph="/// Verifies that two objects are strictly equal, using the type's default comparer. ... " />
            <marker date="1695825015000" expanded="true" signature="10460:10890" ph="/* Verifies that two arrays of unmanaged type T are not equal, using Span&amp;lt;T&amp;gt;.SequenceEqual. ... */" />
            <marker date="1695825015000" expanded="true" signature="11424:11802" ph="/// Verifies that two objects are not equal, using a default comparer. ... " />
            <marker date="1695825015000" expanded="true" signature="11968:12033" ph="{...}" />
            <marker date="1695825015000" expanded="true" signature="12037:12501" ph="/// Verifies that two objects are not equal, using a custom equality comparer. ... " />
            <marker date="1695825015000" expanded="true" signature="12729:12936" ph="{...}" />
            <marker date="1695825015000" expanded="true" signature="12940:13414" ph="/// Verifies that two &lt;see cref=&quot;double&quot;/&gt; values are not equal, within the number of decimal ... " />
            <marker date="1695825015000" expanded="true" signature="13491:13903" ph="{...}" />
            <marker date="1695825015000" expanded="true" signature="13907:14382" ph="/// Verifies that two &lt;see cref=&quot;decimal&quot;/&gt; values are not equal, within the number of decimal ... " />
            <marker date="1695825015000" expanded="true" signature="14461:14860" ph="{...}" />
            <marker date="1695825015000" expanded="true" signature="14864:15260" ph="/// Verifies that two objects are strictly not equal, using the type's default comparer. ... " />
          </folding>
        </state>
      </provider>
    </entry>
    <entry file="file:///afs/cri.epita.fr/user/a/al/alexandre2.meunier/u/epita-prepa-acdc-PROG-101-P-01-2028-alexandre2.meunier/BabySmurf/SmurfMe/Beginning.cs">
      <provider selected="true" editor-type-id="text-editor">
        <state relative-caret-position="371">
          <caret line="51" column="8" lean-forward="true" selection-start-line="51" selection-start-column="8" selection-end-line="54" selection-end-column="9" />
          <folding>
            <marker date="1695826250000" expanded="true" signature="52:988" ph="{...}" />
            <marker date="1695826250000" expanded="true" signature="97:144" ph="{...}" />
            <marker date="1695826250000" expanded="true" signature="196:311" ph="{...}" />
            <marker date="1695826250000" expanded="true" signature="352:386" ph="{...}" />
            <marker date="1695826250000" expanded="true" signature="425:518" ph="{...}" />
            <marker date="1695826250000" expanded="true" signature="450:493" ph="{...}" />
            <marker date="1695826250000" expanded="true" signature="564:666" ph="{...}" />
            <marker date="1695826250000" expanded="true" signature="592:638" ph="{...}" />
            <marker date="1695826250000" expanded="true" signature="710:984" ph="{...}" />
            <marker date="1695826250000" expanded="true" signature="740:788" ph="{...}" />
            <marker date="1695826250000" expanded="true" signature="817:865" ph="{...}" />
            <marker date="1695826250000" expanded="true" signature="931:948" ph="{...}" />
          </folding>
        </state>
      </provider>
    </entry>
    <entry file="file://$PROJECT_DIR$/BabySmurf/DebugMe/Third.cs">
      <provider selected="true" editor-type-id="text-editor">
        <state>
          <caret line="10" column="25" selection-start-line="10" selection-start-column="24" selection-end-line="10" selection-end-column="25" />
          <folding>
            <marker date="1695824284000" expanded="true" signature="48:536" ph="{...}" />
            <marker date="1695824284000" expanded="true" signature="93:534" ph="{...}" />
            <marker date="1695824284000" expanded="true" signature="150:508" ph="{...}" />
          </folding>
        </state>
      </provider>
    </entry>
    <entry file="file://$PROJECT_DIR$/BabySmurf/DebugMe/Fourth.cs">
      <provider selected="true" editor-type-id="text-editor">
        <state relative-caret-position="-10">
          <caret line="23" column="23" selection-start-line="23" selection-start-column="23" selection-end-line="23" selection-end-column="23" />
          <folding>
            <marker date="1695826530000" expanded="true" signature="49:590" ph="{...}" />
            <marker date="1695826530000" expanded="true" signature="88:127" ph="{...}" />
            <marker date="1695826530000" expanded="true" signature="166:200" ph="{...}" />
            <marker date="1695826530000" expanded="true" signature="240:275" ph="{...}" />
            <marker date="1695826530000" expanded="true" signature="320:587" ph="{...}" />
            <marker date="1695826530000" expanded="true" signature="349:393" ph="{...}" />
            <marker date="1695826530000" expanded="true" signature="421:501" ph="{...}" />
            <marker date="1695826530000" expanded="true" signature="514:554" ph="{...}" />
          </folding>
        </state>
      </provider>
    </entry>
    <entry file="file://$PROJECT_DIR$/BabySmurf/DebugMe/First.cs">
      <provider selected="true" editor-type-id="text-editor">
        <state>
          <caret column="28" lean-forward="true" selection-start-column="28" selection-end-column="28" />
          <folding>
            <marker date="1695822523000" expanded="true" signature="48:577" ph="{...}" />
            <marker date="1695822523000" expanded="true" signature="119:575" ph="{...}" />
          </folding>
        </state>
      </provider>
    </entry>
    <entry file="file://$PROJECT_DIR$/Tests/Usings.cs">
      <provider selected="true" editor-type-id="text-editor">
        <state>
          <caret column="14" selection-start-column="14" selection-end-column="14" />
        </state>
      </provider>
    </entry>
    <entry file="file://$PROJECT_DIR$/Tests/UnitTest1.cs">
      <provider selected="true" editor-type-id="text-editor">
        <state relative-caret-position="-17">
          <caret line="15" column="1" selection-start-line="15" selection-start-column="1" selection-end-line="15" selection-end-column="1" />
          <folding>
            <marker date="1695824378000" expanded="true" signature="53:317" ph="{...}" />
            <marker date="1695824378000" expanded="true" signature="236:315" ph="{...}" />
          </folding>
        </state>
      </provider>
    </entry>
    <entry file="file://$PROJECT_DIR$/BabySmurf/DebugMe/Second.cs">
      <provider selected="true" editor-type-id="text-editor">
        <state relative-caret-position="-17">
          <caret line="11" column="1" selection-start-line="11" selection-start-column="1" selection-end-line="11" selection-end-column="1" />
          <folding>
            <marker date="1695823555000" expanded="true" signature="49:207" ph="{...}" />
            <marker date="1695823555000" expanded="true" signature="89:205" ph="{...}" />
          </folding>
        </state>
      </provider>
    </entry>
    <entry file="file://$PROJECT_DIR$/BabySmurf/Program.cs">
      <provider selected="true" editor-type-id="text-editor">
        <state relative-caret-position="48">
          <caret line="2" selection-start-line="2" selection-end-line="2" />
          <folding>
            <marker date="1695833125000" expanded="true" signature="468:2419" ph="/* int v1 = BabySmurf.SmurfMe.Beginning.Sum(11, 10);  // v1 ==  21 ... */" />
          </folding>
        </state>
      </provider>
    </entry>
    <entry file="file://$PROJECT_DIR$/BabySmurf/SmurfMe/Division.cs">
      <provider selected="true" editor-type-id="text-editor">
        <state relative-caret-position="238">
          <caret line="29" column="44" selection-start-line="29" selection-start-column="44" selection-end-line="29" selection-end-column="44" />
          <folding>
            <marker date="1695831582000" expanded="true" signature="51:810" ph="{...}" />
            <marker date="1695831582000" expanded="true" signature="99:389" ph="{...}" />
            <marker date="1695831582000" expanded="true" signature="150:259" ph="{...}" />
            <marker date="1695831582000" expanded="true" signature="439:807" ph="{...}" />
            <marker date="1695831582000" expanded="true" signature="465:574" ph="{...}" />
          </folding>
        </state>
      </provider>
    </entry>
    <entry file="file://$PROJECT_DIR$/BabySmurf/SmurfMe/Beginning.cs">
      <provider selected="true" editor-type-id="text-editor">
        <state relative-caret-position="432">
          <caret line="15" column="36" selection-start-line="15" selection-start-column="36" selection-end-line="15" selection-end-column="36" />
          <folding>
            <marker date="1695833754000" expanded="true" signature="52:1094" ph="{...}" />
            <marker date="1695833754000" expanded="true" signature="97:209" ph="{...}" />
            <marker date="1695833754000" expanded="true" signature="261:412" ph="{...}" />
            <marker date="1695833754000" expanded="true" signature="458:492" ph="{...}" />
            <marker date="1695833754000" expanded="true" signature="531:624" ph="{...}" />
            <marker date="1695833754000" expanded="true" signature="556:599" ph="{...}" />
            <marker date="1695833754000" expanded="true" signature="670:772" ph="{...}" />
            <marker date="1695833754000" expanded="true" signature="698:744" ph="{...}" />
            <marker date="1695833754000" expanded="true" signature="816:1090" ph="{...}" />
            <marker date="1695833754000" expanded="true" signature="847:900" ph="{...}" />
            <marker date="1695833754000" expanded="true" signature="929:977" ph="{...}" />
            <marker date="1695833754000" expanded="true" signature="1006:1054" ph="{...}" />
          </folding>
        </state>
      </provider>
    </entry>
  </component>
</project>