<project version="4">
  <component name="BookmarksManager">
    <option name="groups">
      <GroupState>
        <option name="name" value="SmurfLooping" />
      </GroupState>
    </option>
  </component>
  <component name="FileEditorManager">
    <leaf SIDE_TABS_SIZE_LIMIT_KEY="-1">
      <file current-in-tab="false">
        <entry file="file://$PROJECT_DIR$/SmurfLooping/Program.cs">
          <provider selected="true" editor-type-id="text-editor">
            <state relative-caret-position="489">
              <caret line="133" column="27" selection-start-line="133" selection-start-column="27" selection-end-line="133" selection-end-column="27" />
              <folding>
                <marker date="1697214379000" expanded="false" signature="0:208" ph="/*..." />
                <marker date="1697214379000" expanded="true" signature="210:481" ph="/* int b1 = SmurfLooping.Lessons.Fibonacci(0);    // b1 == 0 ... */" />
                <marker date="1697214379000" expanded="true" signature="483:763" ph="/* int c1 = SmurfLooping.Lessons.Factorial(-10);    // c1 == 1 ... */" />
                <marker date="1697214379000" expanded="true" signature="765:1322" ph="/* float d1 = SmurfLooping.Lessons.MyPow(0, 2);    // d1 == 0f ... */" />
                <marker date="1697214379000" expanded="true" signature="1324:1770" ph="/* string e1 = SmurfLooping.Lessons.ReverseString(&quot;&quot;);             // e1 == &quot;&quot; ... */" />
                <marker date="1697214379000" expanded="true" signature="1772:2323" ph="/* bool f1 = SmurfLooping.Lessons.SearchLetter(&quot;Looping&quot;, 'g');      // f1 == false ... */" />
                <marker date="1697214379000" expanded="true" signature="2325:2615" ph="/* string g1 = SmurfLooping.Travel.SmurfGame(6);    // g1 == &quot;1 2 Papa 4 Smurf Papa&quot; ... */" />
                <marker date="1697214379000" expanded="true" signature="2617:3112" ph="/* bool h1 = SmurfLooping.Travel.IsPalindrome(&quot;ACDC&quot;);                           // h1 == false ... */" />
                <marker date="1697214379000" expanded="true" signature="3114:3407" ph="/* int i1 = SmurfLooping.Travel.ReverseNumber(-10022004);      // i1 == 0 ... */" />
                <marker date="1697214379000" expanded="true" signature="3409:3864" ph="/* int j1 = SmurfLooping.Travel.GCD(1334238524, -1818449115);    // j1 == 10 ... */" />
                <marker date="1697214379000" expanded="true" signature="3866:4440" ph="/* bool k1 = SmurfLooping.Travel.CheckPrime(1);      // k1 == false ... */" />
                <marker date="1697214379000" expanded="true" signature="4748:5443" ph="/* int m1 = SmurfLooping.Problems.KingOfTheHill(&quot;1 2 3 4 5 6 7 8 9 1&quot;);                 // m1 == 1 ... */" />
                <marker date="1697214379000" expanded="true" signature="5445:5729" ph="/* string n1 = SmurfLooping.Problems.ItoA(0);      // n1 == &quot;0&quot; ... */" />
                <marker date="1697214379000" expanded="true" signature="5731:6101" ph="/* int o1 = SmurfLooping.Problems.AtoI(&quot;123&quot;);     // o1 == 123 ... */" />
                <marker date="1697214379000" expanded="true" signature="6103:6422" ph="/* string p1 = SmurfLooping.Problems.DecimalToBase16(42);      // p1 == &quot;2A&quot; ... */" />
                <marker date="1697214379000" expanded="true" signature="6424:6732" ph="/* int q1 = SmurfLooping.Problems.Base16ToDecimal(&quot;2A&quot;);     // q1 == 42 ... */" />
                <marker date="1697214379000" expanded="true" signature="6734:6990" ph="/* string r1 = SmurfLooping.Problems.HanoiTower(1);   // r1 == &quot;Moves for 1 disks\n1 -&gt; 3&quot; ... */" />
              </folding>
            </state>
          </provider>
        </entry>
      </file>
      <file current-in-tab="false">
        <entry file="file://$PROJECT_DIR$/Tests/UnitTest1.cs">
          <provider selected="true" editor-type-id="text-editor">
            <state>
              <folding>
                <marker date="1697209386000" expanded="true" signature="40:91" ph="{...}" />
                <marker date="1697209386000" expanded="true" signature="77:89" ph="{...}" />
              </folding>
            </state>
          </provider>
        </entry>
      </file>
      <file current-in-tab="false">
        <entry file="file://$PROJECT_DIR$/Tests/Usings.cs">
          <provider selected="true" editor-type-id="text-editor" />
        </entry>
      </file>
      <file>
        <entry file="file://$PROJECT_DIR$/SmurfLooping/Problems.cs">
          <provider selected="true" editor-type-id="text-editor">
            <state relative-caret-position="653">
              <caret line="251" column="21" lean-forward="true" selection-start-line="251" selection-start-column="21" selection-end-line="251" selection-end-column="21" />
              <folding>
                <marker date="1697214005000" expanded="true" signature="46:8534" ph="{...}" />
                <marker date="1697214005000" expanded="true" signature="99:450" ph="{...}" />
                <marker date="1697214005000" expanded="true" signature="364:420" ph="{...}" />
                <marker date="1697214005000" expanded="true" signature="496:903" ph="{...}" />
                <marker date="1697214005000" expanded="true" signature="747:870" ph="{...}" />
                <marker date="1697214005000" expanded="true" signature="947:1101" ph="{...}" />
                <marker date="1697214005000" expanded="true" signature="1012:1071" ph="{...}" />
                <marker date="1697214005000" expanded="true" signature="1140:1302" ph="{...}" />
                <marker date="1697214005000" expanded="true" signature="1211:1271" ph="{...}" />
                <marker date="1697214005000" expanded="true" signature="1353:2154" ph="{...}" />
                <marker date="1697214005000" expanded="true" signature="1592:2123" ph="{...}" />
                <marker date="1697214005000" expanded="true" signature="1629:1736" ph="{...}" />
                <marker date="1697214005000" expanded="true" signature="1784:2087" ph="{...}" />
                <marker date="1697214005000" expanded="true" signature="1851:1950" ph="{...}" />
                <marker date="1697214005000" expanded="true" signature="2006:2073" ph="{...}" />
                <marker date="1697214005000" expanded="true" signature="2200:2584" ph="{...}" />
                <marker date="1697214005000" expanded="true" signature="2371:2525" ph="{...}" />
                <marker date="1697214005000" expanded="true" signature="2622:2722" ph="{...}" />
                <marker date="1697214005000" expanded="true" signature="2776:3090" ph="{...}" />
                <marker date="1697214005000" expanded="true" signature="2811:3063" ph="{...}" />
                <marker date="1697214005000" expanded="true" signature="2995:3053" ph="{...}" />
                <marker date="1697214005000" expanded="true" signature="3130:3394" ph="{...}" />
                <marker date="1697214005000" expanded="true" signature="3184:3362" ph="{...}" />
                <marker date="1697214005000" expanded="true" signature="3432:3917" ph="{...}" />
                <marker date="1697214005000" expanded="true" signature="3639:3845" ph="{...}" />
                <marker date="1697214005000" expanded="true" signature="3742:3835" ph="{...}" />
                <marker date="1697214005000" expanded="true" signature="3960:4218" ph="{...}" />
                <marker date="1697214005000" expanded="true" signature="4270:4564" ph="{...}" />
                <marker date="1697214005000" expanded="true" signature="4408:4511" ph="{...}" />
                <marker date="1697214005000" expanded="true" signature="4610:4911" ph="{...}" />
                <marker date="1697214005000" expanded="true" signature="4970:5223" ph="{...}" />
                <marker date="1697214005000" expanded="true" signature="5075:5185" ph="{...}" />
                <marker date="1697214005000" expanded="true" signature="5274:5321" ph="{...}" />
                <marker date="1697214005000" expanded="true" signature="5366:5497" ph="{...}" />
                <marker date="1697214005000" expanded="true" signature="5403:5445" ph="{...}" />
                <marker date="1697214005000" expanded="true" signature="5552:5710" ph="{...}" />
                <marker date="1697214005000" expanded="true" signature="5615:5680" ph="{...}" />
                <marker date="1697214005000" expanded="true" signature="5759:8528" ph="{...}" />
                <marker date="1697214005000" expanded="true" signature="6274:6371" ph="{...}" />
                <marker date="1697214005000" expanded="true" signature="6423:8486" ph="{...}" />
                <marker date="1697214005000" expanded="true" signature="6501:7146" ph="{...}" />
                <marker date="1697214005000" expanded="true" signature="6630:6879" ph="{...}" />
                <marker date="1697214005000" expanded="true" signature="6904:7128" ph="{...}" />
                <marker date="1697214005000" expanded="true" signature="7183:7808" ph="{...}" />
                <marker date="1697214005000" expanded="true" signature="7314:7538" ph="{...}" />
                <marker date="1697214005000" expanded="true" signature="7563:7790" ph="{...}" />
                <marker date="1697214005000" expanded="true" signature="7845:8472" ph="{...}" />
                <marker date="1697214005000" expanded="true" signature="7976:8201" ph="{...}" />
                <marker date="1697214005000" expanded="true" signature="8226:8454" ph="{...}" />
              </folding>
            </state>
          </provider>
        </entry>
      </file>
      <file current-in-tab="false">
        <entry file="file://$PROJECT_DIR$/SmurfLooping/Travel.cs">
          <provider selected="true" editor-type-id="text-editor">
            <state relative-caret-position="198">
              <caret line="55" column="9" selection-start-line="55" selection-start-column="9" selection-end-line="55" selection-end-column="9" />
              <folding>
                <marker date="1697211631000" expanded="true" signature="44:2249" ph="{...}" />
                <marker date="1697211631000" expanded="true" signature="88:518" ph="{...}" />
                <marker date="1697211631000" expanded="true" signature="232:488" ph="{...}" />
                <marker date="1697211631000" expanded="true" signature="566:901" ph="{...}" />
                <marker date="1697211631000" expanded="true" signature="655:871" ph="{...}" />
                <marker date="1697211631000" expanded="true" signature="948:1189" ph="{...}" />
                <marker date="1697211631000" expanded="true" signature="1090:1161" ph="{...}" />
                <marker date="1697211631000" expanded="true" signature="1231:1394" ph="{...}" />
                <marker date="1697211631000" expanded="true" signature="1311:1369" ph="{...}" />
                <marker date="1697211631000" expanded="true" signature="1442:1712" ph="{...}" />
                <marker date="1697211631000" expanded="true" signature="1536:1632" ph="{...}" />
                <marker date="1697211631000" expanded="true" signature="1758:2002" ph="{...}" />
                <marker date="1697211631000" expanded="true" signature="1896:1977" ph="{...}" />
                <marker date="1697211631000" expanded="true" signature="2044:2242" ph="{...}" />
                <marker date="1697211631000" expanded="true" signature="2152:2214" ph="{...}" />
              </folding>
            </state>
          </provider>
        </entry>
      </file>
      <file current-in-tab="false">
        <entry file="file://$PROJECT_DIR$/SmurfLooping/Lessons.cs">
          <provider selected="true" editor-type-id="text-editor">
            <state relative-caret-position="1731">
              <caret line="102" column="27" selection-start-line="102" selection-start-column="27" selection-end-line="102" selection-end-column="27" />
              <folding>
                <marker date="1697210293000" expanded="true" signature="45:2112" ph="{...}" />
                <marker date="1697210293000" expanded="true" signature="92:416" ph="{...}" />
                <marker date="1697210293000" expanded="true" signature="117:211" ph="{...}" />
                <marker date="1697210293000" expanded="true" signature="272:391" ph="{...}" />
                <marker date="1697210293000" expanded="true" signature="456:870" ph="{...}" />
                <marker date="1697210293000" expanded="true" signature="481:575" ph="{...}" />
                <marker date="1697210293000" expanded="true" signature="765:846" ph="{...}" />
                <marker date="1697210293000" expanded="true" signature="910:1301" ph="{...}" />
                <marker date="1697210293000" expanded="true" signature="998:1172" ph="{...}" />
                <marker date="1697210293000" expanded="true" signature="1236:1276" ph="{...}" />
                <marker date="1697210293000" expanded="true" signature="1335:1395" ph="{...}" />
                <marker date="1697210293000" expanded="true" signature="1440:1648" ph="{...}" />
                <marker date="1697210293000" expanded="true" signature="1547:1587" ph="{...}" />
                <marker date="1697210293000" expanded="true" signature="1698:1873" ph="{...}" />
                <marker date="1697210293000" expanded="true" signature="1788:1848" ph="{...}" />
                <marker date="1697210293000" expanded="true" signature="1928:2105" ph="{...}" />
                <marker date="1697210293000" expanded="true" signature="2006:2080" ph="{...}" />
              </folding>
            </state>
          </provider>
        </entry>
      </file>
    </leaf>
  </component>
  <component name="FileTypeUsageLocalSummary">
    <fileType name="C#">
      <summary usageCount="41" lastUsed="1697209398724" />
    </fileType>
  </component>
  <component name="IdeDocumentHistory">
    <changedPaths>
      <option value="$PROJECT_DIR$/Tests/UnitTest1.cs" />
      <option value="$PROJECT_DIR$/SmurfLooping/Lessons.cs" />
      <option value="$PROJECT_DIR$/SmurfLooping/Travel.cs" />
      <option value="$PROJECT_DIR$/SmurfLooping/Problems.cs" />
      <option value="$PROJECT_DIR$/SmurfLooping/Program.cs" />
    </changedPaths>
  </component>
  <component name="IgnoredFileRootStore">
    <option name="generatedRoots">
      <set>
        <option value="$PROJECT_DIR$/.idea/.idea.SmurfLooping/.idea" />
      </set>
    </option>
  </component>
  <component name="LanguageUsageStatistics">
    <language id="C#">
      <summary usageCount="41" lastUsage="1697209398724" />
    </language>
  </component>
  <component name="ProjectView">
    <navigator currentView="SolutionExplorer" proportions="0.9" version="1" />
    <panes>
      <pane id="SolutionExplorer">
        <subPane>
          <expand>
            <path>
              <item name="Project" type="784c90a0:SolutionExplorerRootNode" />
              <item name="SmurfLooping" type="24d0babc:SolutionExplorerModelNode" />
            </path>
            <path>
              <item name="Project" type="784c90a0:SolutionExplorerRootNode" />
              <item name="SmurfLooping" type="24d0babc:SolutionExplorerModelNode" />
              <item name="SmurfLooping" type="24d0babc:SolutionExplorerModelNode" />
            </path>
            <path>
              <item name="Project" type="784c90a0:SolutionExplorerRootNode" />
              <item name="SmurfLooping" type="24d0babc:SolutionExplorerModelNode" />
              <item name="Tests" type="24d0babc:SolutionExplorerModelNode" />
            </path>
          </expand>
          <select>
            <path>
              <item name="Project" type="784c90a0:SolutionExplorerRootNode" />
              <item name="SmurfLooping" type="24d0babc:SolutionExplorerModelNode" />
              <item name="SmurfLooping" type="24d0babc:SolutionExplorerModelNode" />
              <item name="Travel.cs" type="24d0babc:SolutionExplorerModelNode" />
            </path>
          </select>
        </subPane>
        <option name="show-all-files" value="false" />
        <option name="show-project-imports" value="true" />
        <option name="autoscroll-all" value="false" />
        <option name="show-scratches" value="true" />
        <option name="search-dependencies" value="false" />
        <option name="show-unreal-project-files" value="true" />
      </pane>
      <pane id="AssemblyExplorer" />
      <pane id="FileSystemExplorer" />
    </panes>
  </component>
  <component name="RiderPerAppToolWindowOpenedTWKeeper">
    <option name="map">
      <map>
        <entry key="Bookmarks">
          <value>
            <window_info id="Bookmarks" side_tool="true" />
          </value>
        </entry>
        <entry key="Build">
          <value>
            <window_info anchor="bottom" id="Build" order="4" weight="0.3299712" />
          </value>
        </entry>
        <entry key="Commit">
          <value>
            <window_info id="Commit" />
          </value>
        </entry>
        <entry key="Database">
          <value>
            <window_info anchor="right" id="Database" order="0" />
          </value>
        </entry>
        <entry key="Database Changes">
          <value>
            <window_info anchor="bottom" id="Database Changes" show_stripe_button="false" />
          </value>
        </entry>
        <entry key="Debug">
          <value>
            <window_info anchor="bottom" id="Debug" order="3" weight="0.40009606" />
          </value>
        </entry>
        <entry key="Dynamic Program Analysis">
          <value>
            <window_info anchor="bottom" id="Dynamic Program Analysis" />
          </value>
        </entry>
        <entry key="Endpoints">
          <value>
            <window_info anchor="right" id="Endpoints" order="0" show_stripe_button="false" />
          </value>
        </entry>
        <entry key="File Transfer">
          <value>
            <window_info anchor="bottom" id="File Transfer" />
          </value>
        </entry>
        <entry key="Find">
          <value>
            <window_info anchor="bottom" id="Find" order="1" />
          </value>
        </entry>
        <entry key="IL Viewer">
          <value>
            <window_info anchor="right" id="IL Viewer" />
          </value>
        </entry>
        <entry key="Inspection">
          <value>
            <window_info anchor="bottom" id="Inspection" order="4" weight="0.4" />
          </value>
        </entry>
        <entry key="Notifications">
          <value>
            <window_info anchor="right" id="Notifications" order="0" weight="0.25" />
          </value>
        </entry>
        <entry key="NuGet">
          <value>
            <window_info anchor="bottom" id="NuGet" order="4" />
          </value>
        </entry>
        <entry key="Problems View">
          <value>
            <window_info anchor="bottom" id="Problems View" order="4" weight="0.3299712" />
          </value>
        </entry>
        <entry key="Project">
          <value>
            <window_info content_ui="combo" id="Project" order="0" visible="true" weight="0.09055324" />
          </value>
        </entry>
        <entry key="Pull Requests">
          <value>
            <window_info id="Pull Requests" />
          </value>
        </entry>
        <entry key="Run">
          <value>
            <window_info anchor="bottom" id="Run" order="2" show_stripe_button="false" weight="0.23583093" />
          </value>
        </entry>
        <entry key="Services">
          <value>
            <window_info anchor="bottom" id="Services" order="4" show_stripe_button="false" />
          </value>
        </entry>
        <entry key="Space Code Reviews">
          <value>
            <window_info id="Space Code Reviews" />
          </value>
        </entry>
        <entry key="Structure">
          <value>
            <window_info id="Structure" order="0" side_tool="true" />
          </value>
        </entry>
        <entry key="TODO">
          <value>
            <window_info anchor="bottom" id="TODO" />
          </value>
        </entry>
        <entry key="Terminal">
          <value>
            <window_info anchor="bottom" id="Terminal" order="4" />
          </value>
        </entry>
        <entry key="TypeScript">
          <value>
            <window_info anchor="bottom" id="TypeScript" />
          </value>
        </entry>
        <entry key="Unit Tests">
          <value>
            <window_info anchor="bottom" id="Unit Tests" weight="0.3299712" />
          </value>
        </entry>
        <entry key="Unit Tests Coverage">
          <value>
            <window_info anchor="right" id="Unit Tests Coverage" />
          </value>
        </entry>
        <entry key="Version Control">
          <value>
            <window_info anchor="bottom" id="Version Control" order="0" weight="0.3299712" />
          </value>
        </entry>
        <entry key="documentation.v2">
          <value>
            <window_info anchor="right" id="documentation.v2" side_tool="true" />
          </value>
        </entry>
        <entry key="dotMemory Profiler">
          <value>
            <window_info anchor="bottom" id="dotMemory Profiler" />
          </value>
        </entry>
        <entry key="dotTrace Profiler">
          <value>
            <window_info anchor="bottom" id="dotTrace Profiler" />
          </value>
        </entry>
      </map>
    </option>
  </component>
  <component name="RunConfigurationStartHistory">
    <history>
      <element setting=".NET Project.SmurfLooping" />
    </history>
  </component>
  <component name="RunToolbarSettings">
    <option name="slotOrder">
      <option value="0371fa37-54a1-4d9b-b510-737b026f6abf" />
    </option>
    <slots>
      <entry key="0371fa37-54a1-4d9b-b510-737b026f6abf" value=".NET Project.SmurfLooping" />
    </slots>
  </component>
  <component name="TimeTrackingManager">
    <option name="totallyTimeSpent" value="38986000" />
  </component>
  <component name="TodoView">
    <todo-panel id="selected-file">
      <is-autoscroll-to-source value="true" />
    </todo-panel>
    <todo-panel id="all">
      <are-packages-shown value="true" />
      <is-autoscroll-to-source value="true" />
    </todo-panel>
  </component>
  <component name="ToolWindowManager">
    <layout>
      <window_info id="Space Code Reviews" />
      <window_info id="Bookmarks" side_tool="true" />
      <window_info id="Pull Requests" />
      <window_info id="Commit" />
      <window_info id="Structure" order="0" side_tool="true" />
      <window_info content_ui="combo" id="Project" order="0" visible="true" weight="0.09055324" />
      <window_info anchor="bottom" id="Database Changes" show_stripe_button="false" />
      <window_info anchor="bottom" id="TypeScript" />
      <window_info anchor="bottom" id="Dynamic Program Analysis" />
      <window_info anchor="bottom" id="TODO" />
      <window_info anchor="bottom" id="Unit Tests" weight="0.3299712" />
      <window_info anchor="bottom" id="dotTrace Profiler" />
      <window_info anchor="bottom" id="File Transfer" />
      <window_info anchor="bottom" id="dotMemory Profiler" />
      <window_info anchor="bottom" id="Version Control" order="0" weight="0.3299712" />
      <window_info anchor="bottom" id="Find" order="1" />
      <window_info anchor="bottom" id="Run" order="2" show_stripe_button="false" weight="0.23583093" />
      <window_info anchor="bottom" id="Debug" order="3" weight="0.40009606" />
      <window_info anchor="bottom" id="Build" order="4" weight="0.3299712" />
      <window_info anchor="bottom" id="Inspection" order="4" weight="0.4" />
      <window_info anchor="bottom" id="Problems View" order="4" weight="0.3299712" />
      <window_info anchor="bottom" id="Terminal" order="4" />
      <window_info anchor="bottom" id="NuGet" order="4" />
      <window_info anchor="bottom" id="Services" order="4" show_stripe_button="false" />
      <window_info anchor="right" id="Unit Tests Coverage" />
      <window_info anchor="right" id="IL Viewer" />
      <window_info anchor="right" id="documentation.v2" side_tool="true" />
      <window_info anchor="right" id="Endpoints" order="0" show_stripe_button="false" />
      <window_info anchor="right" id="Database" order="0" />
      <window_info anchor="right" id="Notifications" order="0" weight="0.25" />
      <unified_weights bottom="0.3299712" left="0.09055324" />
    </layout>
    <recentWindows>
      <value>Run</value>
      <value>Build</value>
      <value>Project</value>
    </recentWindows>
  </component>
  <component name="WindowStateProjectService">
    <state x="624" y="288" key="FileChooserDialogImpl" timestamp="1697211804291">
      <screen x="0" y="0" width="1920" height="1080" />
    </state>
    <state x="624" y="288" key="FileChooserDialogImpl/0.0.1920.1080@0.0.1920.1080" timestamp="1697211804291" />
    <state width="1874" height="217" key="GridCell.Tab.0.bottom" timestamp="1697214795821">
      <screen x="0" y="0" width="1920" height="1080" />
    </state>
    <state width="1874" height="217" key="GridCell.Tab.0.bottom/0.0.1920.1080@0.0.1920.1080" timestamp="1697214795821" />
    <state width="1874" height="217" key="GridCell.Tab.0.center" timestamp="1697214795821">
      <screen x="0" y="0" width="1920" height="1080" />
    </state>
    <state width="1874" height="217" key="GridCell.Tab.0.center/0.0.1920.1080@0.0.1920.1080" timestamp="1697214795821" />
    <state width="1874" height="217" key="GridCell.Tab.0.left" timestamp="1697214795821">
      <screen x="0" y="0" width="1920" height="1080" />
    </state>
    <state width="1874" height="217" key="GridCell.Tab.0.left/0.0.1920.1080@0.0.1920.1080" timestamp="1697214795821" />
    <state width="1874" height="217" key="GridCell.Tab.0.right" timestamp="1697214795821">
      <screen x="0" y="0" width="1920" height="1080" />
    </state>
    <state width="1874" height="217" key="GridCell.Tab.0.right/0.0.1920.1080@0.0.1920.1080" timestamp="1697214795821" />
    <state x="555" y="265" width="804" height="520" key="Rider.ProjectTemplateDialog.Size" timestamp="1697209386681">
      <screen x="0" y="0" width="1920" height="1080" />
    </state>
    <state x="555" y="265" width="804" height="520" key="Rider.ProjectTemplateDialog.Size/0.0.1920.1080@0.0.1920.1080" timestamp="1697209386681" />
    <state x="316" y="43" width="672" height="685" key="search.everywhere.popup" timestamp="1697187298952">
      <screen x="0" y="0" width="1920" height="1080" />
    </state>
    <state x="316" y="43" width="672" height="685" key="search.everywhere.popup/0.0.1920.1080@0.0.1920.1080" timestamp="1697187298952" />
  </component>
  <component name="editorHistoryManager">
    <entry file="file://$PROJECT_DIR$/SmurfLooping/Lessons.cs">
      <provider selected="true" editor-type-id="text-editor">
        <state relative-caret-position="1731">
          <caret line="102" column="27" selection-start-line="102" selection-start-column="27" selection-end-line="102" selection-end-column="27" />
          <folding>
            <marker date="1697210293000" expanded="true" signature="45:2112" ph="{...}" />
            <marker date="1697210293000" expanded="true" signature="92:416" ph="{...}" />
            <marker date="1697210293000" expanded="true" signature="117:211" ph="{...}" />
            <marker date="1697210293000" expanded="true" signature="272:391" ph="{...}" />
            <marker date="1697210293000" expanded="true" signature="456:870" ph="{...}" />
            <marker date="1697210293000" expanded="true" signature="481:575" ph="{...}" />
            <marker date="1697210293000" expanded="true" signature="765:846" ph="{...}" />
            <marker date="1697210293000" expanded="true" signature="910:1301" ph="{...}" />
            <marker date="1697210293000" expanded="true" signature="998:1172" ph="{...}" />
            <marker date="1697210293000" expanded="true" signature="1236:1276" ph="{...}" />
            <marker date="1697210293000" expanded="true" signature="1335:1395" ph="{...}" />
            <marker date="1697210293000" expanded="true" signature="1440:1648" ph="{...}" />
            <marker date="1697210293000" expanded="true" signature="1547:1587" ph="{...}" />
            <marker date="1697210293000" expanded="true" signature="1698:1873" ph="{...}" />
            <marker date="1697210293000" expanded="true" signature="1788:1848" ph="{...}" />
            <marker date="1697210293000" expanded="true" signature="1928:2105" ph="{...}" />
            <marker date="1697210293000" expanded="true" signature="2006:2080" ph="{...}" />
          </folding>
        </state>
      </provider>
    </entry>
    <entry file="file://$PROJECT_DIR$/Tests/Usings.cs">
      <provider selected="true" editor-type-id="text-editor" />
    </entry>
    <entry file="file://$PROJECT_DIR$/Tests/UnitTest1.cs">
      <provider selected="true" editor-type-id="text-editor">
        <state>
          <folding>
            <marker date="1697209386000" expanded="true" signature="40:91" ph="{...}" />
            <marker date="1697209386000" expanded="true" signature="77:89" ph="{...}" />
          </folding>
        </state>
      </provider>
    </entry>
    <entry file="file://$PROJECT_DIR$/SmurfLooping/Program.cs">
      <provider selected="true" editor-type-id="text-editor">
        <state relative-caret-position="489">
          <caret line="133" column="27" selection-start-line="133" selection-start-column="27" selection-end-line="133" selection-end-column="27" />
          <folding>
            <marker date="1697214379000" expanded="false" signature="0:208" ph="/*..." />
            <marker date="1697214379000" expanded="true" signature="210:481" ph="/* int b1 = SmurfLooping.Lessons.Fibonacci(0);    // b1 == 0 ... */" />
            <marker date="1697214379000" expanded="true" signature="483:763" ph="/* int c1 = SmurfLooping.Lessons.Factorial(-10);    // c1 == 1 ... */" />
            <marker date="1697214379000" expanded="true" signature="765:1322" ph="/* float d1 = SmurfLooping.Lessons.MyPow(0, 2);    // d1 == 0f ... */" />
            <marker date="1697214379000" expanded="true" signature="1324:1770" ph="/* string e1 = SmurfLooping.Lessons.ReverseString(&quot;&quot;);             // e1 == &quot;&quot; ... */" />
            <marker date="1697214379000" expanded="true" signature="1772:2323" ph="/* bool f1 = SmurfLooping.Lessons.SearchLetter(&quot;Looping&quot;, 'g');      // f1 == false ... */" />
            <marker date="1697214379000" expanded="true" signature="2325:2615" ph="/* string g1 = SmurfLooping.Travel.SmurfGame(6);    // g1 == &quot;1 2 Papa 4 Smurf Papa&quot; ... */" />
            <marker date="1697214379000" expanded="true" signature="2617:3112" ph="/* bool h1 = SmurfLooping.Travel.IsPalindrome(&quot;ACDC&quot;);                           // h1 == false ... */" />
            <marker date="1697214379000" expanded="true" signature="3114:3407" ph="/* int i1 = SmurfLooping.Travel.ReverseNumber(-10022004);      // i1 == 0 ... */" />
            <marker date="1697214379000" expanded="true" signature="3409:3864" ph="/* int j1 = SmurfLooping.Travel.GCD(1334238524, -1818449115);    // j1 == 10 ... */" />
            <marker date="1697214379000" expanded="true" signature="3866:4440" ph="/* bool k1 = SmurfLooping.Travel.CheckPrime(1);      // k1 == false ... */" />
            <marker date="1697214379000" expanded="true" signature="4748:5443" ph="/* int m1 = SmurfLooping.Problems.KingOfTheHill(&quot;1 2 3 4 5 6 7 8 9 1&quot;);                 // m1 == 1 ... */" />
            <marker date="1697214379000" expanded="true" signature="5445:5729" ph="/* string n1 = SmurfLooping.Problems.ItoA(0);      // n1 == &quot;0&quot; ... */" />
            <marker date="1697214379000" expanded="true" signature="5731:6101" ph="/* int o1 = SmurfLooping.Problems.AtoI(&quot;123&quot;);     // o1 == 123 ... */" />
            <marker date="1697214379000" expanded="true" signature="6103:6422" ph="/* string p1 = SmurfLooping.Problems.DecimalToBase16(42);      // p1 == &quot;2A&quot; ... */" />
            <marker date="1697214379000" expanded="true" signature="6424:6732" ph="/* int q1 = SmurfLooping.Problems.Base16ToDecimal(&quot;2A&quot;);     // q1 == 42 ... */" />
            <marker date="1697214379000" expanded="true" signature="6734:6990" ph="/* string r1 = SmurfLooping.Problems.HanoiTower(1);   // r1 == &quot;Moves for 1 disks\n1 -&gt; 3&quot; ... */" />
          </folding>
        </state>
      </provider>
    </entry>
    <entry file="file://$PROJECT_DIR$/SmurfLooping/Travel.cs">
      <provider selected="true" editor-type-id="text-editor">
        <state relative-caret-position="198">
          <caret line="55" column="9" selection-start-line="55" selection-start-column="9" selection-end-line="55" selection-end-column="9" />
          <folding>
            <marker date="1697211631000" expanded="true" signature="44:2249" ph="{...}" />
            <marker date="1697211631000" expanded="true" signature="88:518" ph="{...}" />
            <marker date="1697211631000" expanded="true" signature="232:488" ph="{...}" />
            <marker date="1697211631000" expanded="true" signature="566:901" ph="{...}" />
            <marker date="1697211631000" expanded="true" signature="655:871" ph="{...}" />
            <marker date="1697211631000" expanded="true" signature="948:1189" ph="{...}" />
            <marker date="1697211631000" expanded="true" signature="1090:1161" ph="{...}" />
            <marker date="1697211631000" expanded="true" signature="1231:1394" ph="{...}" />
            <marker date="1697211631000" expanded="true" signature="1311:1369" ph="{...}" />
            <marker date="1697211631000" expanded="true" signature="1442:1712" ph="{...}" />
            <marker date="1697211631000" expanded="true" signature="1536:1632" ph="{...}" />
            <marker date="1697211631000" expanded="true" signature="1758:2002" ph="{...}" />
            <marker date="1697211631000" expanded="true" signature="1896:1977" ph="{...}" />
            <marker date="1697211631000" expanded="true" signature="2044:2242" ph="{...}" />
            <marker date="1697211631000" expanded="true" signature="2152:2214" ph="{...}" />
          </folding>
        </state>
      </provider>
    </entry>
    <entry file="file://$PROJECT_DIR$/SmurfLooping/Problems.cs">
      <provider selected="true" editor-type-id="text-editor">
        <state relative-caret-position="653">
          <caret line="251" column="21" lean-forward="true" selection-start-line="251" selection-start-column="21" selection-end-line="251" selection-end-column="21" />
          <folding>
            <marker date="1697214005000" expanded="true" signature="46:8534" ph="{...}" />
            <marker date="1697214005000" expanded="true" signature="99:450" ph="{...}" />
            <marker date="1697214005000" expanded="true" signature="364:420" ph="{...}" />
            <marker date="1697214005000" expanded="true" signature="496:903" ph="{...}" />
            <marker date="1697214005000" expanded="true" signature="747:870" ph="{...}" />
            <marker date="1697214005000" expanded="true" signature="947:1101" ph="{...}" />
            <marker date="1697214005000" expanded="true" signature="1012:1071" ph="{...}" />
            <marker date="1697214005000" expanded="true" signature="1140:1302" ph="{...}" />
            <marker date="1697214005000" expanded="true" signature="1211:1271" ph="{...}" />
            <marker date="1697214005000" expanded="true" signature="1353:2154" ph="{...}" />
            <marker date="1697214005000" expanded="true" signature="1592:2123" ph="{...}" />
            <marker date="1697214005000" expanded="true" signature="1629:1736" ph="{...}" />
            <marker date="1697214005000" expanded="true" signature="1784:2087" ph="{...}" />
            <marker date="1697214005000" expanded="true" signature="1851:1950" ph="{...}" />
            <marker date="1697214005000" expanded="true" signature="2006:2073" ph="{...}" />
            <marker date="1697214005000" expanded="true" signature="2200:2584" ph="{...}" />
            <marker date="1697214005000" expanded="true" signature="2371:2525" ph="{...}" />
            <marker date="1697214005000" expanded="true" signature="2622:2722" ph="{...}" />
            <marker date="1697214005000" expanded="true" signature="2776:3090" ph="{...}" />
            <marker date="1697214005000" expanded="true" signature="2811:3063" ph="{...}" />
            <marker date="1697214005000" expanded="true" signature="2995:3053" ph="{...}" />
            <marker date="1697214005000" expanded="true" signature="3130:3394" ph="{...}" />
            <marker date="1697214005000" expanded="true" signature="3184:3362" ph="{...}" />
            <marker date="1697214005000" expanded="true" signature="3432:3917" ph="{...}" />
            <marker date="1697214005000" expanded="true" signature="3639:3845" ph="{...}" />
            <marker date="1697214005000" expanded="true" signature="3742:3835" ph="{...}" />
            <marker date="1697214005000" expanded="true" signature="3960:4218" ph="{...}" />
            <marker date="1697214005000" expanded="true" signature="4270:4564" ph="{...}" />
            <marker date="1697214005000" expanded="true" signature="4408:4511" ph="{...}" />
            <marker date="1697214005000" expanded="true" signature="4610:4911" ph="{...}" />
            <marker date="1697214005000" expanded="true" signature="4970:5223" ph="{...}" />
            <marker date="1697214005000" expanded="true" signature="5075:5185" ph="{...}" />
            <marker date="1697214005000" expanded="true" signature="5274:5321" ph="{...}" />
            <marker date="1697214005000" expanded="true" signature="5366:5497" ph="{...}" />
            <marker date="1697214005000" expanded="true" signature="5403:5445" ph="{...}" />
            <marker date="1697214005000" expanded="true" signature="5552:5710" ph="{...}" />
            <marker date="1697214005000" expanded="true" signature="5615:5680" ph="{...}" />
            <marker date="1697214005000" expanded="true" signature="5759:8528" ph="{...}" />
            <marker date="1697214005000" expanded="true" signature="6274:6371" ph="{...}" />
            <marker date="1697214005000" expanded="true" signature="6423:8486" ph="{...}" />
            <marker date="1697214005000" expanded="true" signature="6501:7146" ph="{...}" />
            <marker date="1697214005000" expanded="true" signature="6630:6879" ph="{...}" />
            <marker date="1697214005000" expanded="true" signature="6904:7128" ph="{...}" />
            <marker date="1697214005000" expanded="true" signature="7183:7808" ph="{...}" />
            <marker date="1697214005000" expanded="true" signature="7314:7538" ph="{...}" />
            <marker date="1697214005000" expanded="true" signature="7563:7790" ph="{...}" />
            <marker date="1697214005000" expanded="true" signature="7845:8472" ph="{...}" />
            <marker date="1697214005000" expanded="true" signature="7976:8201" ph="{...}" />
            <marker date="1697214005000" expanded="true" signature="8226:8454" ph="{...}" />
          </folding>
        </state>
      </provider>
    </entry>
  </component>
</project>