<project version="4">
  <component name="BookmarksManager">
    <option name="groups">
      <GroupState>
        <option name="name" value="SmurfRecursion" />
      </GroupState>
    </option>
  </component>
  <component name="BranchesTreeState">
    <expand>
      <path>
        <item name="ROOT" type="e8cecc67:BranchNodeDescriptor" />
        <item name="LOCAL_ROOT" type="e8cecc67:BranchNodeDescriptor" />
      </path>
    </expand>
    <select />
  </component>
  <component name="FileEditorManager">
    <leaf SIDE_TABS_SIZE_LIMIT_KEY="-1">
      <file>
        <entry file="file://$PROJECT_DIR$/SmurfRecursion/Program.cs">
          <provider selected="true" editor-type-id="text-editor">
            <state relative-caret-position="480">
              <caret line="163" column="17" selection-start-line="163" selection-start-column="17" selection-end-line="163" selection-end-column="17" />
              <folding>
                <marker date="1697212595000" expanded="false" signature="0:2219" ph="/*..." />
                <marker date="1697212595000" expanded="true" signature="2221:2489" ph="/* int f1 = SmurfRecursion.Basics.DebugMe(0);    // f1 == 0 ... */" />
                <marker date="1697212595000" expanded="true" signature="2491:2796" ph="/* string g1 = SmurfRecursion.TheVillage.Naturals(3);    // g1 == &quot;Smurfed! 1 2 3&quot; ... */" />
                <marker date="1697212595000" expanded="true" signature="2798:3441" ph="/* (int h1, int h2) = SmurfRecursion.TheVillage.Euclidean(2,1);      // h1 == 2,  h2 == 0 ... */" />
                <marker date="1697212595000" expanded="true" signature="3443:3995" ph="/* bool i1 = SmurfRecursion.TheVillage.CheckPrime(1);      // i1 == false ... */" />
                <marker date="1697212595000" expanded="true" signature="3997:4483" ph="/* int j1 = SmurfRecursion.TheVillage.SumPrime(-5);      // j1 == 0 ... */" />
                <marker date="1697212595000" expanded="true" signature="4485:4951" ph="/* string k1 = SmurfRecursion.TheVillage.ReverseString(&quot;&quot;);             // k1 == &quot;&quot; ... */" />
                <marker date="1697212595000" expanded="true" signature="4953:5156" ph="/* string l1 = SmurfRecursion.Gargamel.Line('+',1);    // l1 == &quot;+&quot; ... */" />
                <marker date="1697212595000" expanded="true" signature="5158:5575" ph="/* string m1 = SmurfRecursion.Gargamel.Triangle('*',0);     // m1 == &quot;&quot; ... */" />
                <marker date="1697212595000" expanded="true" signature="5578:5919" ph="/* string n1 = SmurfRecursion.Gargamel.Tree('*',4);         // n1 == &quot;   *\n  ***\n *****\n*******\n  ***\n  ***&quot; ... */" />
              </folding>
            </state>
          </provider>
        </entry>
      </file>
      <file current-in-tab="false">
        <entry file="file://$PROJECT_DIR$/SmurfRecursion/Basics.cs">
          <provider selected="true" editor-type-id="text-editor">
            <state relative-caret-position="1056">
              <caret line="48" selection-start-line="48" selection-end-line="48" />
              <folding>
                <marker date="1696427664000" expanded="true" signature="46:2061" ph="{...}" />
                <marker date="1696427664000" expanded="true" signature="92:375" ph="{...}" />
                <marker date="1696427664000" expanded="true" signature="118:236" ph="{...}" />
                <marker date="1696427664000" expanded="true" signature="257:313" ph="{...}" />
                <marker date="1696427664000" expanded="true" signature="415:645" ph="{...}" />
                <marker date="1696427664000" expanded="true" signature="686:870" ph="{...}" />
                <marker date="1696427664000" expanded="true" signature="913:1137" ph="{...}" />
                <marker date="1696427664000" expanded="true" signature="1177:1290" ph="{...}" />
                <marker date="1696427664000" expanded="true" signature="1329:1389" ph="{...}" />
                <marker date="1696427664000" expanded="true" signature="1430:1712" ph="{...}" />
                <marker date="1696427664000" expanded="true" signature="1754:2053" ph="{...}" />
                <marker date="1696427664000" expanded="true" signature="1779:1866" ph="{...}" />
                <marker date="1696427664000" expanded="true" signature="1886:1928" ph="{...}" />
                <marker date="1696427664000" expanded="true" signature="1953:2012" ph="{...}" />
              </folding>
            </state>
          </provider>
        </entry>
      </file>
      <file current-in-tab="false">
        <entry file="file://$PROJECT_DIR$/SmurfRecursion/TheVillage.cs">
          <provider selected="true" editor-type-id="text-editor">
            <state relative-caret-position="2134">
              <caret line="97" column="5" selection-start-line="97" selection-start-column="5" selection-end-line="97" selection-end-column="5" />
              <folding>
                <marker date="1696439087000" expanded="true" signature="50:2216" ph="{...}" />
                <marker date="1696439087000" expanded="true" signature="93:301" ph="{...}" />
                <marker date="1696439087000" expanded="true" signature="340:400" ph="{...}" />
                <marker date="1696439087000" expanded="true" signature="448:827" ph="{...}" />
                <marker date="1696439087000" expanded="true" signature="630:691" ph="{...}" />
                <marker date="1696439087000" expanded="true" signature="741:802" ph="{...}" />
                <marker date="1696439087000" expanded="true" signature="868:1157" ph="{...}" />
                <marker date="1696439087000" expanded="true" signature="974:1028" ph="{...}" />
                <marker date="1696439087000" expanded="true" signature="1078:1132" ph="{...}" />
                <marker date="1696439087000" expanded="true" signature="1215:1361" ph="{...}" />
                <marker date="1696439087000" expanded="true" signature="1411:1530" ph="{...}" />
                <marker date="1696439087000" expanded="true" signature="1572:1757" ph="{...}" />
                <marker date="1696439087000" expanded="true" signature="1796:1925" ph="{...}" />
                <marker date="1696439087000" expanded="true" signature="1975:2071" ph="{...}" />
                <marker date="1696439087000" expanded="true" signature="2120:2210" ph="{...}" />
              </folding>
            </state>
          </provider>
        </entry>
      </file>
      <file current-in-tab="false">
        <entry file="file://$PROJECT_DIR$/SmurfRecursion/Gargamel.cs">
          <provider selected="true" editor-type-id="text-editor">
            <state relative-caret-position="352">
              <caret line="16" column="75" selection-start-line="16" selection-start-column="75" selection-end-line="16" selection-end-column="75" />
              <folding>
                <marker date="1696521282000" expanded="true" signature="48:1929" ph="{...}" />
                <marker date="1696521282000" expanded="true" signature="95:336" ph="{...}" />
                <marker date="1696521282000" expanded="true" signature="406:596" ph="{...}" />
                <marker date="1696521282000" expanded="true" signature="646:817" ph="{...}" />
                <marker date="1696521282000" expanded="true" signature="882:1217" ph="{...}" />
                <marker date="1696521282000" expanded="true" signature="911:1113" ph="{...}" />
                <marker date="1696521282000" expanded="true" signature="1263:1427" ph="{...}" />
                <marker date="1696521282000" expanded="true" signature="1505:1700" ph="{...}" />
                <marker date="1696521282000" expanded="true" signature="1744:1923" ph="{...}" />
              </folding>
            </state>
          </provider>
        </entry>
      </file>
      <file current-in-tab="false">
        <entry file="file://$PROJECT_DIR$/Tests/UnitTest1.cs">
          <provider selected="true" editor-type-id="text-editor">
            <state relative-caret-position="396">
              <caret line="18" column="1" selection-start-line="18" selection-start-column="1" selection-end-line="18" selection-end-column="1" />
              <folding>
                <marker date="1696435876000" expanded="true" signature="40:427" ph="{...}" />
                <marker date="1696435876000" expanded="true" signature="288:424" ph="{...}" />
              </folding>
            </state>
          </provider>
        </entry>
      </file>
      <file current-in-tab="false">
        <entry file="file://$PROJECT_DIR$/Tests/Usings.cs">
          <provider selected="true" editor-type-id="text-editor">
            <state>
              <caret column="7" selection-start-column="7" selection-end-column="7" />
              <folding>
                <marker date="1696423100000" expanded="true" signature="7:48" ph="..." />
              </folding>
            </state>
          </provider>
        </entry>
      </file>
    </leaf>
  </component>
  <component name="FileTypeUsageLocalSummary">
    <fileType name="C#">
      <summary usageCount="56" lastUsed="1697211806312" />
    </fileType>
  </component>
  <component name="IdeDocumentHistory">
    <changedPaths>
      <option value="$PROJECT_DIR$/SmurfRecursion/Basic.cs" />
      <option value="$PROJECT_DIR$/SmurfRecursion/Basics.cs" />
      <option value="$PROJECT_DIR$/Tests/UnitTest1.cs" />
      <option value="$PROJECT_DIR$/SmurfRecursion/TheVillage.cs" />
      <option value="$PROJECT_DIR$/SmurfRecursion/Gargamel.cs" />
      <option value="$PROJECT_DIR$/SmurfRecursion/Program.cs" />
    </changedPaths>
  </component>
  <component name="IgnoredFileRootStore">
    <option name="generatedRoots">
      <set>
        <option value="$PROJECT_DIR$/.idea/.idea.SmurfRecursion/.idea" />
      </set>
    </option>
  </component>
  <component name="LanguageUsageStatistics">
    <language id="C#">
      <summary usageCount="56" lastUsage="1697211806312" />
    </language>
  </component>
  <component name="ProjectView">
    <navigator currentView="SolutionExplorer" proportions="0.9" version="1" />
    <panes>
      <pane id="FileSystemExplorer" />
      <pane id="AssemblyExplorer" />
      <pane id="SolutionExplorer">
        <subPane>
          <expand>
            <path>
              <item name="Project" type="784c90a0:SolutionExplorerRootNode" />
              <item name="SmurfRecursion" type="24d0babc:SolutionExplorerModelNode" />
            </path>
            <path>
              <item name="Project" type="784c90a0:SolutionExplorerRootNode" />
              <item name="SmurfRecursion" type="24d0babc:SolutionExplorerModelNode" />
              <item name="SmurfRecursion" type="24d0babc:SolutionExplorerModelNode" />
            </path>
            <path>
              <item name="Project" type="784c90a0:SolutionExplorerRootNode" />
              <item name="SmurfRecursion" type="24d0babc:SolutionExplorerModelNode" />
              <item name="Tests" type="24d0babc:SolutionExplorerModelNode" />
            </path>
          </expand>
          <select>
            <path>
              <item name="Project" type="784c90a0:SolutionExplorerRootNode" />
              <item name="SmurfRecursion" type="24d0babc:SolutionExplorerModelNode" />
            </path>
          </select>
        </subPane>
        <option name="show-all-files" value="false" />
        <option name="show-project-imports" value="true" />
        <option name="autoscroll-all" value="false" />
        <option name="show-scratches" value="true" />
        <option name="search-dependencies" value="false" />
        <option name="show-unreal-project-files" value="true" />
      </pane>
    </panes>
  </component>
  <component name="RiderPerAppToolWindowOpenedTWKeeper">
    <option name="map">
      <map>
        <entry key="Bookmarks">
          <value>
            <window_info id="Bookmarks" side_tool="true" />
          </value>
        </entry>
        <entry key="Build">
          <value>
            <window_info anchor="bottom" id="Build" order="4" weight="0.3299712" />
          </value>
        </entry>
        <entry key="Commit">
          <value>
            <window_info id="Commit" />
          </value>
        </entry>
        <entry key="Database">
          <value>
            <window_info anchor="right" id="Database" order="0" />
          </value>
        </entry>
        <entry key="Database Changes">
          <value>
            <window_info anchor="bottom" id="Database Changes" show_stripe_button="false" />
          </value>
        </entry>
        <entry key="Debug">
          <value>
            <window_info anchor="bottom" id="Debug" order="3" weight="0.40009606" />
          </value>
        </entry>
        <entry key="Dynamic Program Analysis">
          <value>
            <window_info anchor="bottom" id="Dynamic Program Analysis" />
          </value>
        </entry>
        <entry key="Endpoints">
          <value>
            <window_info anchor="right" id="Endpoints" order="0" show_stripe_button="false" />
          </value>
        </entry>
        <entry key="File Transfer">
          <value>
            <window_info anchor="bottom" id="File Transfer" />
          </value>
        </entry>
        <entry key="Find">
          <value>
            <window_info anchor="bottom" id="Find" order="1" />
          </value>
        </entry>
        <entry key="IL Viewer">
          <value>
            <window_info anchor="right" id="IL Viewer" />
          </value>
        </entry>
        <entry key="Inspection">
          <value>
            <window_info anchor="bottom" id="Inspection" order="4" weight="0.4" />
          </value>
        </entry>
        <entry key="Notifications">
          <value>
            <window_info anchor="right" id="Notifications" order="0" weight="0.25" />
          </value>
        </entry>
        <entry key="NuGet">
          <value>
            <window_info anchor="bottom" id="NuGet" order="4" />
          </value>
        </entry>
        <entry key="Problems View">
          <value>
            <window_info anchor="bottom" id="Problems View" order="4" weight="0.3299712" />
          </value>
        </entry>
        <entry key="Project">
          <value>
            <window_info content_ui="combo" id="Project" order="0" visible="true" weight="0.18148535" />
          </value>
        </entry>
        <entry key="Pull Requests">
          <value>
            <window_info id="Pull Requests" />
          </value>
        </entry>
        <entry key="Run">
          <value>
            <window_info anchor="bottom" id="Run" order="2" show_stripe_button="false" weight="0.23583093" />
          </value>
        </entry>
        <entry key="Services">
          <value>
            <window_info anchor="bottom" id="Services" order="4" show_stripe_button="false" />
          </value>
        </entry>
        <entry key="Space Code Reviews">
          <value>
            <window_info id="Space Code Reviews" />
          </value>
        </entry>
        <entry key="Structure">
          <value>
            <window_info id="Structure" order="0" side_tool="true" />
          </value>
        </entry>
        <entry key="TODO">
          <value>
            <window_info anchor="bottom" id="TODO" />
          </value>
        </entry>
        <entry key="Terminal">
          <value>
            <window_info anchor="bottom" id="Terminal" order="4" />
          </value>
        </entry>
        <entry key="TypeScript">
          <value>
            <window_info anchor="bottom" id="TypeScript" />
          </value>
        </entry>
        <entry key="Unit Tests">
          <value>
            <window_info anchor="bottom" id="Unit Tests" weight="0.3299712" />
          </value>
        </entry>
        <entry key="Unit Tests Coverage">
          <value>
            <window_info anchor="right" id="Unit Tests Coverage" />
          </value>
        </entry>
        <entry key="Version Control">
          <value>
            <window_info anchor="bottom" id="Version Control" order="0" weight="0.3299712" />
          </value>
        </entry>
        <entry key="documentation.v2">
          <value>
            <window_info anchor="right" id="documentation.v2" side_tool="true" />
          </value>
        </entry>
        <entry key="dotMemory Profiler">
          <value>
            <window_info anchor="bottom" id="dotMemory Profiler" />
          </value>
        </entry>
        <entry key="dotTrace Profiler">
          <value>
            <window_info anchor="bottom" id="dotTrace Profiler" />
          </value>
        </entry>
      </map>
    </option>
  </component>
  <component name="RunConfigurationStartHistory">
    <history>
      <element setting=".NET Project.SmurfRecursion" />
    </history>
  </component>
  <component name="RunToolbarSettings">
    <option name="slotOrder">
      <option value="e6068593-dad1-40c1-9e6f-01799cfb8199" />
    </option>
    <slots>
      <entry key="e6068593-dad1-40c1-9e6f-01799cfb8199" value=".NET Project.SmurfRecursion" />
    </slots>
  </component>
  <component name="TimeTrackingManager">
    <option name="totallyTimeSpent" value="23214000" />
  </component>
  <component name="TodoView">
    <todo-panel id="selected-file">
      <is-autoscroll-to-source value="true" />
    </todo-panel>
    <todo-panel id="all">
      <are-packages-shown value="true" />
      <is-autoscroll-to-source value="true" />
    </todo-panel>
  </component>
  <component name="ToolWindowManager">
    <editor active="true" />
    <layout>
      <window_info id="Space Code Reviews" />
      <window_info id="Bookmarks" side_tool="true" />
      <window_info id="Pull Requests" />
      <window_info id="Commit" />
      <window_info id="Structure" order="0" side_tool="true" />
      <window_info content_ui="combo" id="Project" order="0" visible="true" weight="0.18148535" />
      <window_info anchor="bottom" id="Database Changes" show_stripe_button="false" />
      <window_info anchor="bottom" id="TypeScript" />
      <window_info anchor="bottom" id="Dynamic Program Analysis" />
      <window_info anchor="bottom" id="TODO" />
      <window_info anchor="bottom" id="Unit Tests" weight="0.3299712" />
      <window_info anchor="bottom" id="dotTrace Profiler" />
      <window_info anchor="bottom" id="File Transfer" />
      <window_info anchor="bottom" id="dotMemory Profiler" />
      <window_info anchor="bottom" id="Version Control" order="0" weight="0.3299712" />
      <window_info anchor="bottom" id="Find" order="1" />
      <window_info anchor="bottom" id="Run" order="2" show_stripe_button="false" weight="0.23583093" />
      <window_info anchor="bottom" id="Debug" order="3" weight="0.40009606" />
      <window_info anchor="bottom" id="Build" order="4" weight="0.3299712" />
      <window_info anchor="bottom" id="Inspection" order="4" weight="0.4" />
      <window_info anchor="bottom" id="Problems View" order="4" weight="0.3299712" />
      <window_info anchor="bottom" id="Terminal" order="4" />
      <window_info anchor="bottom" id="NuGet" order="4" />
      <window_info anchor="bottom" id="Services" order="4" show_stripe_button="false" />
      <window_info anchor="right" id="Unit Tests Coverage" />
      <window_info anchor="right" id="IL Viewer" />
      <window_info anchor="right" id="documentation.v2" side_tool="true" />
      <window_info anchor="right" id="Endpoints" order="0" show_stripe_button="false" />
      <window_info anchor="right" id="Database" order="0" />
      <window_info anchor="right" id="Notifications" order="0" weight="0.25" />
      <unified_weights bottom="0.3299712" left="0.18148535" />
    </layout>
    <recentWindows>
      <value>Run</value>
      <value>Build</value>
    </recentWindows>
  </component>
  <component name="WindowStateProjectService">
    <state x="624" y="288" key="FileChooserDialogImpl" timestamp="1697183601019">
      <screen x="0" y="0" width="1920" height="1080" />
    </state>
    <state x="624" y="288" key="FileChooserDialogImpl/0.0.1920.1080@0.0.1920.1080" timestamp="1697183601019" />
    <state width="914" height="217" key="GridCell.Tab.0.bottom" timestamp="1697212951828">
      <screen x="0" y="0" width="1920" height="1080" />
    </state>
    <state width="914" height="217" key="GridCell.Tab.0.bottom/0.0.1920.1080@0.0.1920.1080" timestamp="1697212951828" />
    <state width="1874" height="355" key="GridCell.Tab.0.bottom/0.0.1920.1200@0.0.1920.1200" timestamp="1696427682999" />
    <state width="914" height="217" key="GridCell.Tab.0.center" timestamp="1697212951828">
      <screen x="0" y="0" width="1920" height="1080" />
    </state>
    <state width="914" height="217" key="GridCell.Tab.0.center/0.0.1920.1080@0.0.1920.1080" timestamp="1697212951828" />
    <state width="1874" height="355" key="GridCell.Tab.0.center/0.0.1920.1200@0.0.1920.1200" timestamp="1696427682999" />
    <state width="914" height="217" key="GridCell.Tab.0.left" timestamp="1697212951828">
      <screen x="0" y="0" width="1920" height="1080" />
    </state>
    <state width="914" height="217" key="GridCell.Tab.0.left/0.0.1920.1080@0.0.1920.1080" timestamp="1697212951828" />
    <state width="1874" height="355" key="GridCell.Tab.0.left/0.0.1920.1200@0.0.1920.1200" timestamp="1696427682999" />
    <state width="914" height="217" key="GridCell.Tab.0.right" timestamp="1697212951828">
      <screen x="0" y="0" width="1920" height="1080" />
    </state>
    <state width="914" height="217" key="GridCell.Tab.0.right/0.0.1920.1080@0.0.1920.1080" timestamp="1697212951828" />
    <state width="1874" height="355" key="GridCell.Tab.0.right/0.0.1920.1200@0.0.1920.1200" timestamp="1696427682999" />
    <state x="555" y="325" width="804" height="520" key="Rider.ProjectTemplateDialog.Size" timestamp="1696422862242">
      <screen x="0" y="0" width="1920" height="1200" />
    </state>
    <state x="555" y="325" width="804" height="520" key="Rider.ProjectTemplateDialog.Size/0.0.1920.1200@0.0.1920.1200" timestamp="1696422862242" />
    <state x="449" y="165" key="SettingsEditor" timestamp="1696435630114">
      <screen x="0" y="0" width="1920" height="1080" />
    </state>
    <state x="449" y="165" key="SettingsEditor/0.0.1920.1080@0.0.1920.1080" timestamp="1696435630114" />
    <state x="607" y="254" width="700" height="530" key="recent.locations.popup" timestamp="1697044937643">
      <screen x="0" y="0" width="1920" height="1080" />
    </state>
    <state x="607" y="254" width="700" height="530" key="recent.locations.popup/0.0.1920.1080@0.0.1920.1080" timestamp="1697044937643" />
    <state x="622" y="245" key="run.anything.popup" timestamp="1696511906716">
      <screen x="0" y="0" width="1920" height="1080" />
    </state>
    <state x="622" y="245" key="run.anything.popup/0.0.1920.1080@0.0.1920.1080" timestamp="1696511906716" />
    <state x="281" y="43" width="672" height="685" key="search.everywhere.popup" timestamp="1696519993661">
      <screen x="0" y="0" width="1920" height="1080" />
    </state>
    <state x="281" y="43" width="672" height="685" key="search.everywhere.popup/0.0.1920.1080@0.0.1920.1080" timestamp="1696519993661" />
    <state x="623" y="264" key="search.everywhere.popup/0.0.1920.1200@0.0.1920.1200" timestamp="1696424134759" />
  </component>
  <component name="editorHistoryManager">
    <entry file="file://$PROJECT_DIR$/SmurfRecursion/Program.cs">
      <provider selected="true" editor-type-id="text-editor">
        <state relative-caret-position="480">
          <caret line="163" column="17" selection-start-line="163" selection-start-column="17" selection-end-line="163" selection-end-column="17" />
          <folding>
            <marker date="1697212595000" expanded="false" signature="0:2219" ph="/*..." />
            <marker date="1697212595000" expanded="true" signature="2221:2489" ph="/* int f1 = SmurfRecursion.Basics.DebugMe(0);    // f1 == 0 ... */" />
            <marker date="1697212595000" expanded="true" signature="2491:2796" ph="/* string g1 = SmurfRecursion.TheVillage.Naturals(3);    // g1 == &quot;Smurfed! 1 2 3&quot; ... */" />
            <marker date="1697212595000" expanded="true" signature="2798:3441" ph="/* (int h1, int h2) = SmurfRecursion.TheVillage.Euclidean(2,1);      // h1 == 2,  h2 == 0 ... */" />
            <marker date="1697212595000" expanded="true" signature="3443:3995" ph="/* bool i1 = SmurfRecursion.TheVillage.CheckPrime(1);      // i1 == false ... */" />
            <marker date="1697212595000" expanded="true" signature="3997:4483" ph="/* int j1 = SmurfRecursion.TheVillage.SumPrime(-5);      // j1 == 0 ... */" />
            <marker date="1697212595000" expanded="true" signature="4485:4951" ph="/* string k1 = SmurfRecursion.TheVillage.ReverseString(&quot;&quot;);             // k1 == &quot;&quot; ... */" />
            <marker date="1697212595000" expanded="true" signature="4953:5156" ph="/* string l1 = SmurfRecursion.Gargamel.Line('+',1);    // l1 == &quot;+&quot; ... */" />
            <marker date="1697212595000" expanded="true" signature="5158:5575" ph="/* string m1 = SmurfRecursion.Gargamel.Triangle('*',0);     // m1 == &quot;&quot; ... */" />
            <marker date="1697212595000" expanded="true" signature="5578:5919" ph="/* string n1 = SmurfRecursion.Gargamel.Tree('*',4);         // n1 == &quot;   *\n  ***\n *****\n*******\n  ***\n  ***&quot; ... */" />
          </folding>
        </state>
      </provider>
    </entry>
    <entry file="file://$PROJECT_DIR$/SmurfRecursion/Basics.cs">
      <provider selected="true" editor-type-id="text-editor">
        <state relative-caret-position="1056">
          <caret line="48" selection-start-line="48" selection-end-line="48" />
          <folding>
            <marker date="1696427664000" expanded="true" signature="46:2061" ph="{...}" />
            <marker date="1696427664000" expanded="true" signature="92:375" ph="{...}" />
            <marker date="1696427664000" expanded="true" signature="118:236" ph="{...}" />
            <marker date="1696427664000" expanded="true" signature="257:313" ph="{...}" />
            <marker date="1696427664000" expanded="true" signature="415:645" ph="{...}" />
            <marker date="1696427664000" expanded="true" signature="686:870" ph="{...}" />
            <marker date="1696427664000" expanded="true" signature="913:1137" ph="{...}" />
            <marker date="1696427664000" expanded="true" signature="1177:1290" ph="{...}" />
            <marker date="1696427664000" expanded="true" signature="1329:1389" ph="{...}" />
            <marker date="1696427664000" expanded="true" signature="1430:1712" ph="{...}" />
            <marker date="1696427664000" expanded="true" signature="1754:2053" ph="{...}" />
            <marker date="1696427664000" expanded="true" signature="1779:1866" ph="{...}" />
            <marker date="1696427664000" expanded="true" signature="1886:1928" ph="{...}" />
            <marker date="1696427664000" expanded="true" signature="1953:2012" ph="{...}" />
          </folding>
        </state>
      </provider>
    </entry>
    <entry file="file://$PROJECT_DIR$/SmurfRecursion/TheVillage.cs">
      <provider selected="true" editor-type-id="text-editor">
        <state relative-caret-position="2134">
          <caret line="97" column="5" selection-start-line="97" selection-start-column="5" selection-end-line="97" selection-end-column="5" />
          <folding>
            <marker date="1696439087000" expanded="true" signature="50:2216" ph="{...}" />
            <marker date="1696439087000" expanded="true" signature="93:301" ph="{...}" />
            <marker date="1696439087000" expanded="true" signature="340:400" ph="{...}" />
            <marker date="1696439087000" expanded="true" signature="448:827" ph="{...}" />
            <marker date="1696439087000" expanded="true" signature="630:691" ph="{...}" />
            <marker date="1696439087000" expanded="true" signature="741:802" ph="{...}" />
            <marker date="1696439087000" expanded="true" signature="868:1157" ph="{...}" />
            <marker date="1696439087000" expanded="true" signature="974:1028" ph="{...}" />
            <marker date="1696439087000" expanded="true" signature="1078:1132" ph="{...}" />
            <marker date="1696439087000" expanded="true" signature="1215:1361" ph="{...}" />
            <marker date="1696439087000" expanded="true" signature="1411:1530" ph="{...}" />
            <marker date="1696439087000" expanded="true" signature="1572:1757" ph="{...}" />
            <marker date="1696439087000" expanded="true" signature="1796:1925" ph="{...}" />
            <marker date="1696439087000" expanded="true" signature="1975:2071" ph="{...}" />
            <marker date="1696439087000" expanded="true" signature="2120:2210" ph="{...}" />
          </folding>
        </state>
      </provider>
    </entry>
    <entry file="file://$PROJECT_DIR$/SmurfRecursion/Gargamel.cs">
      <provider selected="true" editor-type-id="text-editor">
        <state relative-caret-position="352">
          <caret line="16" column="75" selection-start-line="16" selection-start-column="75" selection-end-line="16" selection-end-column="75" />
          <folding>
            <marker date="1696521282000" expanded="true" signature="48:1929" ph="{...}" />
            <marker date="1696521282000" expanded="true" signature="95:336" ph="{...}" />
            <marker date="1696521282000" expanded="true" signature="406:596" ph="{...}" />
            <marker date="1696521282000" expanded="true" signature="646:817" ph="{...}" />
            <marker date="1696521282000" expanded="true" signature="882:1217" ph="{...}" />
            <marker date="1696521282000" expanded="true" signature="911:1113" ph="{...}" />
            <marker date="1696521282000" expanded="true" signature="1263:1427" ph="{...}" />
            <marker date="1696521282000" expanded="true" signature="1505:1700" ph="{...}" />
            <marker date="1696521282000" expanded="true" signature="1744:1923" ph="{...}" />
          </folding>
        </state>
      </provider>
    </entry>
    <entry file="file://$PROJECT_DIR$/Tests/UnitTest1.cs">
      <provider selected="true" editor-type-id="text-editor">
        <state relative-caret-position="396">
          <caret line="18" column="1" selection-start-line="18" selection-start-column="1" selection-end-line="18" selection-end-column="1" />
          <folding>
            <marker date="1696435876000" expanded="true" signature="40:427" ph="{...}" />
            <marker date="1696435876000" expanded="true" signature="288:424" ph="{...}" />
          </folding>
        </state>
      </provider>
    </entry>
    <entry file="file://$PROJECT_DIR$/Tests/Usings.cs">
      <provider selected="true" editor-type-id="text-editor">
        <state>
          <caret column="7" selection-start-column="7" selection-end-column="7" />
          <folding>
            <marker date="1696423100000" expanded="true" signature="7:48" ph="..." />
          </folding>
        </state>
      </provider>
    </entry>
  </component>
</project>