<project version="4">
  <component name="BookmarksManager">
    <option name="groups">
      <GroupState>
        <option name="name" value="SmurfAdventures" />
      </GroupState>
    </option>
  </component>
  <component name="FileEditorManager">
    <leaf SIDE_TABS_SIZE_LIMIT_KEY="-1">
      <file>
        <entry file="file://$PROJECT_DIR$/SmurfAdventures/Program.cs">
          <provider selected="true" editor-type-id="text-editor">
            <state relative-caret-position="174">
              <caret line="47" column="85" selection-start-line="47" selection-start-column="85" selection-end-line="47" selection-end-column="85" />
              <folding>
                <marker date="1697821557000" expanded="true" signature="15:465" ph="/* File.Delete(&quot;guests.txt&quot;); ... */" />
                <marker date="1697821557000" expanded="true" signature="467:570" ph="/* bool b1 = SmurfAdventures.Basics.CustomFileExists(&quot;miou&quot;);   // b1 == true ... */" />
                <marker date="1697821557000" expanded="true" signature="572:817" ph="/* bool c1 = SmurfAdventures.Fundamentals.Basics.MyWrite(&quot;empty.txt&quot;, &quot;&quot;);   // c1 == true ... */" />
                <marker date="1697821557000" expanded="true" signature="820:1108" ph="/* string d1 = SmurfAdventures.Fundamentals.Basics.MyRead(&quot;.meow.txt&quot;);   // d1 == &quot;I now know how to show the co ... */" />
                <marker date="1697821557000" expanded="true" signature="1110:1307" ph="/* uint e1 = SmurfAdventures.SmurfVillageParty.CountGuest(&quot;guests.txt&quot;);   // e1 == 5 ... */" />
                <marker date="1697821557000" expanded="true" signature="1439:1508" ph="/* SmurfAdventures.SmurfVillageParty.RemoveSmurf(&quot;&quot;, &quot;Smurfette&quot;); ... */" />
                <marker date="1697821557000" expanded="true" signature="1510:2010" ph="/* bool g1 = SmurfAdventures.SmurfVillageParty.IsInvited(&quot;guests.txt&quot;, &quot;Smurfette&quot;);       // g1 == true ... */" />
                <marker date="1697821557000" expanded="true" signature="2012:2368" ph="/* int h1 = SmurfAdventures.SmurfVillageParty.CountOcc(&quot;guests.txt&quot;, &quot;Brainy Smurf&quot;);    // h1 == 2 ... */" />
                <marker date="1697821557000" expanded="true" signature="2370:2490" ph="/* bool i1 = SmurfAdventures.SmurfVillageParty.RemoveDuplicates(&quot;guests.txt&quot;);   // i1 == true ... */" />
                <marker date="1697821557000" expanded="true" signature="2491:2628" ph="/* bool j1 = SmurfAdventures.SmurfVillageParty.RemoveImproperNames(&quot;.txt&quot;, &quot;validNames.txt&quot;);   // j1 == true ... */" />
                <marker date="1697821557000" expanded="true" signature="2780:2897" ph="/* bool k1 = SmurfAdventures.Fundamentals.Letters.MirrorLetter(&quot;meow.txt&quot;);   // k1 == true ... */" />
                <marker date="1697821557000" expanded="true" signature="2899:3118" ph="/* string l1 = SmurfAdventures.Fundamentals.Letters.FindHeaviestWord(&quot;meow.txt&quot;);   // l1 == &quot;Mushroom&quot; ... */" />
                <marker date="1697821557000" expanded="true" signature="3119:3239" ph="/* SmurfAdventures.Enhancements.MayorElection.EncryptDocumentWithCaesar(&quot;meow.txt&quot;, 39); ... */" />
                <marker date="1697821557000" expanded="true" signature="3241:3440" ph="/* SmurfAdventures.Enhancements.MayorElection.SortVotes(&quot;everyVotes.txt&quot;, &quot;candidatesName.txt&quot;, &quot;&quot;); ... */" />
              </folding>
            </state>
          </provider>
        </entry>
      </file>
      <file current-in-tab="false">
        <entry file="file://$PROJECT_DIR$/SmurfAdventures/Fundamentals/guests.txt">
          <provider selected="true" editor-type-id="text-editor" />
        </entry>
      </file>
      <file current-in-tab="false">
        <entry file="file://$PROJECT_DIR$/SmurfAdventures/Fundamentals/house_77.txt">
          <provider selected="true" editor-type-id="text-editor" />
        </entry>
      </file>
      <file current-in-tab="false">
        <entry file="file://$PROJECT_DIR$/SmurfAdventures/Fundamentals/file1.txt">
          <provider selected="true" editor-type-id="text-editor">
            <state>
              <caret column="4" selection-start-column="4" selection-end-column="4" />
            </state>
          </provider>
        </entry>
      </file>
      <file current-in-tab="false">
        <entry file="file://$PROJECT_DIR$/SmurfAdventures/Fundamentals/meow.txt">
          <provider selected="true" editor-type-id="text-editor">
            <state>
              <caret column="4" selection-start-column="4" selection-end-column="4" />
            </state>
          </provider>
        </entry>
      </file>
      <file current-in-tab="false">
        <entry file="file://$PROJECT_DIR$/SmurfAdventures/Fundamentals/helloWorld.txt">
          <provider selected="true" editor-type-id="text-editor" />
        </entry>
      </file>
      <file current-in-tab="false">
        <entry file="file://$PROJECT_DIR$/SmurfAdventures/Fundamentals/Basics.cs">
          <provider selected="true" editor-type-id="text-editor">
            <state relative-caret-position="351">
              <caret line="36" column="9" selection-start-line="36" selection-start-column="9" selection-end-line="36" selection-end-column="9" />
              <folding>
                <marker date="1697809722000" expanded="true" signature="60:1399" ph="{...}" />
                <marker date="1697809722000" expanded="true" signature="117:167" ph="{...}" />
                <marker date="1697809722000" expanded="true" signature="225:529" ph="{...}" />
                <marker date="1697809722000" expanded="true" signature="280:425" ph="{...}" />
                <marker date="1697809722000" expanded="true" signature="371:415" ph="{...}" />
                <marker date="1697809722000" expanded="true" signature="451:499" ph="{...}" />
                <marker date="1697809722000" expanded="true" signature="594:883" ph="{...}" />
                <marker date="1697809722000" expanded="true" signature="640:779" ph="{...}" />
                <marker date="1697809722000" expanded="true" signature="805:853" ph="{...}" />
                <marker date="1697809722000" expanded="true" signature="933:1383" ph="{...}" />
                <marker date="1697809722000" expanded="true" signature="979:1250" ph="{...}" />
                <marker date="1697809722000" expanded="true" signature="1069:1240" ph="{...}" />
                <marker date="1697809722000" expanded="true" signature="1111:1196" ph="{...}" />
                <marker date="1697809722000" expanded="true" signature="1276:1353" ph="{...}" />
              </folding>
            </state>
          </provider>
        </entry>
      </file>
      <file current-in-tab="false">
        <entry file="file://$PROJECT_DIR$/SmurfAdventures/Enhancements/MayorElection.cs">
          <provider selected="true" editor-type-id="text-editor">
            <state relative-caret-position="414">
              <caret line="121" selection-start-line="121" selection-end-line="121" />
              <folding>
                <marker date="1697808769000" expanded="true" signature="67:5204" ph="{...}" />
                <marker date="1697808769000" expanded="true" signature="154:1176" ph="{...}" />
                <marker date="1697808769000" expanded="true" signature="172:1020" ph="{...}" />
                <marker date="1697808769000" expanded="true" signature="483:826" ph="{...}" />
                <marker date="1697808769000" expanded="true" signature="928:1009" ph="{...}" />
                <marker date="1697808769000" expanded="true" signature="1046:1170" ph="{...}" />
                <marker date="1697808769000" expanded="true" signature="1224:1414" ph="{...}" />
                <marker date="1697808769000" expanded="true" signature="1321:1378" ph="{...}" />
                <marker date="1697808769000" expanded="true" signature="1463:2054" ph="{...}" />
                <marker date="1697808769000" expanded="true" signature="1509:1960" ph="{...}" />
                <marker date="1697808769000" expanded="true" signature="1598:1811" ph="{...}" />
                <marker date="1697808769000" expanded="true" signature="2138:2889" ph="{...}" />
                <marker date="1697808769000" expanded="true" signature="2156:2759" ph="{...}" />
                <marker date="1697808769000" expanded="true" signature="2279:2563" ph="{...}" />
                <marker date="1697808769000" expanded="true" signature="2321:2549" ph="{...}" />
                <marker date="1697808769000" expanded="true" signature="2436:2531" ph="{...}" />
                <marker date="1697808769000" expanded="true" signature="2656:2736" ph="{...}" />
                <marker date="1697808769000" expanded="true" signature="2785:2883" ph="{...}" />
                <marker date="1697808769000" expanded="true" signature="2942:3157" ph="{...}" />
                <marker date="1697808769000" expanded="true" signature="3044:3129" ph="{...}" />
                <marker date="1697808769000" expanded="true" signature="3214:3428" ph="{...}" />
                <marker date="1697808769000" expanded="true" signature="3351:3400" ph="{...}" />
                <marker date="1697808769000" expanded="true" signature="3535:5201" ph="{...}" />
                <marker date="1697808769000" expanded="true" signature="3851:4988" ph="{...}" />
                <marker date="1697808769000" expanded="true" signature="4627:4921" ph="{...}" />
                <marker date="1697808769000" expanded="true" signature="4765:4906" ph="{...}" />
                <marker date="1697808769000" expanded="true" signature="5122:5195" ph="{...}" />
              </folding>
            </state>
          </provider>
        </entry>
      </file>
      <file current-in-tab="false">
        <entry file="file://$PROJECT_DIR$/SmurfAdventures/Fundamentals/SmurfVillageParty.cs">
          <provider selected="true" editor-type-id="text-editor">
            <state relative-caret-position="308">
              <caret line="41" column="56" selection-start-line="41" selection-start-column="56" selection-end-line="41" selection-end-column="56" />
              <folding>
                <marker date="1697822054000" expanded="true" signature="70:5722" ph="{...}" />
                <marker date="1697822054000" expanded="true" signature="123:610" ph="{...}" />
                <marker date="1697822054000" expanded="true" signature="165:456" ph="{...}" />
                <marker date="1697822054000" expanded="true" signature="255:446" ph="{...}" />
                <marker date="1697822054000" expanded="true" signature="297:402" ph="{...}" />
                <marker date="1697822054000" expanded="true" signature="494:581" ph="{...}" />
                <marker date="1697822054000" expanded="true" signature="678:1336" ph="{...}" />
                <marker date="1697822054000" expanded="true" signature="769:1228" ph="{...}" />
                <marker date="1697822054000" expanded="true" signature="912:1056" ph="{...}" />
                <marker date="1697822054000" expanded="true" signature="1136:1218" ph="{...}" />
                <marker date="1697822054000" expanded="true" signature="1254:1300" ph="{...}" />
                <marker date="1697822054000" expanded="true" signature="1408:2215" ph="{...}" />
                <marker date="1697822054000" expanded="true" signature="1455:2051" ph="{...}" />
                <marker date="1697822054000" expanded="true" signature="1546:2041" ph="{...}" />
                <marker date="1697822054000" expanded="true" signature="1593:1786" ph="{...}" />
                <marker date="1697822054000" expanded="true" signature="1931:2027" ph="{...}" />
                <marker date="1697822054000" expanded="true" signature="2077:2200" ph="{...}" />
                <marker date="1697822054000" expanded="true" signature="2284:2919" ph="{...}" />
                <marker date="1697822054000" expanded="true" signature="2334:2683" ph="{...}" />
                <marker date="1697822054000" expanded="true" signature="2424:2673" ph="{...}" />
                <marker date="1697822054000" expanded="true" signature="2466:2629" ph="{...}" />
                <marker date="1697822054000" expanded="true" signature="2706:2886" ph="{...}" />
                <marker date="1697822054000" expanded="true" signature="2986:3547" ph="{...}" />
                <marker date="1697822054000" expanded="true" signature="3027:3367" ph="{...}" />
                <marker date="1697822054000" expanded="true" signature="3117:3357" ph="{...}" />
                <marker date="1697822054000" expanded="true" signature="3159:3313" ph="{...}" />
                <marker date="1697822054000" expanded="true" signature="3393:3518" ph="{...}" />
                <marker date="1697822054000" expanded="true" signature="3605:4481" ph="{...}" />
                <marker date="1697822054000" expanded="true" signature="3682:4325" ph="{...}" />
                <marker date="1697822054000" expanded="true" signature="3773:4315" ph="{...}" />
                <marker date="1697822054000" expanded="true" signature="3816:4083" ph="{...}" />
                <marker date="1697822054000" expanded="true" signature="4205:4301" ph="{...}" />
                <marker date="1697822054000" expanded="true" signature="4351:4450" ph="{...}" />
                <marker date="1697822054000" expanded="true" signature="4561:5714" ph="{...}" />
                <marker date="1697822054000" expanded="true" signature="4672:5531" ph="{...}" />
                <marker date="1697822054000" expanded="true" signature="4764:4939" ph="{...}" />
                <marker date="1697822054000" expanded="true" signature="4806:4895" ph="{...}" />
                <marker date="1697822054000" expanded="true" signature="5020:5358" ph="{...}" />
                <marker date="1697822054000" expanded="true" signature="5062:5313" ph="{...}" />
                <marker date="1697822054000" expanded="true" signature="5438:5520" ph="{...}" />
                <marker date="1697822054000" expanded="true" signature="5557:5682" ph="{...}" />
              </folding>
            </state>
          </provider>
        </entry>
      </file>
      <file current-in-tab="false">
        <entry file="file://$PROJECT_DIR$/SmurfAdventures/Fundamentals/Letters.cs">
          <provider selected="true" editor-type-id="text-editor">
            <state relative-caret-position="132">
              <caret line="4" column="68" selection-start-line="4" selection-start-column="61" selection-end-line="4" selection-end-column="68" />
              <folding>
                <marker date="1697812080000" expanded="true" signature="61:3188" ph="{...}" />
                <marker date="1697812080000" expanded="true" signature="151:630" ph="{...}" />
                <marker date="1697812080000" expanded="true" signature="232:483" ph="{...}" />
                <marker date="1697812080000" expanded="true" signature="391:473" ph="{...}" />
                <marker date="1697812080000" expanded="true" signature="509:624" ph="{...}" />
                <marker date="1697812080000" expanded="true" signature="692:1454" ph="{...}" />
                <marker date="1697812080000" expanded="true" signature="723:1448" ph="{...}" />
                <marker date="1697812080000" expanded="true" signature="749:1283" ph="{...}" />
                <marker date="1697812080000" expanded="true" signature="883:1084" ph="{...}" />
                <marker date="1697812080000" expanded="true" signature="929:1032" ph="{...}" />
                <marker date="1697812080000" expanded="true" signature="1175:1269" ph="{...}" />
                <marker date="1697812080000" expanded="true" signature="1313:1438" ph="{...}" />
                <marker date="1697812080000" expanded="true" signature="1500:1660" ph="{...}" />
                <marker date="1697812080000" expanded="true" signature="1582:1630" ph="{...}" />
                <marker date="1697812080000" expanded="true" signature="1714:2268" ph="{...}" />
                <marker date="1697812080000" expanded="true" signature="1762:2160" ph="{...}" />
                <marker date="1697812080000" expanded="true" signature="1886:1987" ph="{...}" />
                <marker date="1697812080000" expanded="true" signature="2068:2150" ph="{...}" />
                <marker date="1697812080000" expanded="true" signature="2186:2236" ph="{...}" />
                <marker date="1697812080000" expanded="true" signature="2310:2441" ph="{...}" />
                <marker date="1697812080000" expanded="true" signature="2368:2412" ph="{...}" />
                <marker date="1697812080000" expanded="true" signature="2505:3182" ph="{...}" />
                <marker date="1697812080000" expanded="true" signature="2622:3040" ph="{...}" />
                <marker date="1697812080000" expanded="true" signature="2827:3030" ph="{...}" />
                <marker date="1697812080000" expanded="true" signature="2889:3016" ph="{...}" />
                <marker date="1697812080000" expanded="true" signature="3066:3151" ph="{...}" />
              </folding>
            </state>
          </provider>
        </entry>
      </file>
    </leaf>
  </component>
  <component name="FileTypeUsageLocalSummary">
    <fileType name="C#">
      <summary usageCount="49" lastUsed="1697819954751" />
    </fileType>
    <fileType name="PLAIN_TEXT">
      <summary usageCount="50" lastUsed="1697821611772" />
    </fileType>
  </component>
  <component name="FindInProjectRecents">
    <findStrings>
      <find>peek</find>
      <find>myre</find>
      <find>adds</find>
    </findStrings>
  </component>
  <component name="IdeDocumentHistory">
    <changedPaths>
      <option value="$PROJECT_DIR$/Tests/UnitTest1.cs" />
      <option value="$PROJECT_DIR$/SmurfAdventures/Basics.cs" />
      <option value="$PROJECT_DIR$/SmurfAdventures/Fundamentals/valid_names.txt" />
      <option value="$PROJECT_DIR$/SmurfAdventures/Fundamentals/validNames.txt" />
      <option value="$PROJECT_DIR$/SmurfAdventures/Fundamentals/smurfVillage/house_3.txt" />
      <option value="$PROJECT_DIR$/SmurfAdventures/Fundamentals/file2.txt" />
      <option value="$PROJECT_DIR$/SmurfAdventures/Enhancements/candidateDirectory/cat1.txt" />
      <option value="$PROJECT_DIR$/SmurfAdventures/Enhancements/candidateDirectory/meow.txt" />
      <option value="$PROJECT_DIR$/SmurfAdventures/Enhancements/everyVotes.txt" />
      <option value="$PROJECT_DIR$/SmurfAdventures/Enhancements/candidatesName.txt" />
      <option value="$PROJECT_DIR$/SmurfAdventures/Proficiencies/exampleClues/clue2.txt" />
      <option value="$PROJECT_DIR$/SmurfAdventures/Proficiencies/exampleClues/clue3.txt" />
      <option value="$PROJECT_DIR$/SmurfAdventures/Proficiencies/exampleClues/clue4.txt" />
      <option value="$PROJECT_DIR$/SmurfAdventures/Proficiencies/exampleClues/clue1.txt" />
      <option value="$PROJECT_DIR$/SmurfAdventures/Proficiencies/HelpExplorerSmurf.cs" />
      <option value="$PROJECT_DIR$/SmurfAdventures/Enhancements/candidateDirectory/cat3.txt" />
      <option value="$PROJECT_DIR$/SmurfAdventures/Enhancements/candidateDirectory/cat2.txt" />
      <option value="$PROJECT_DIR$/SmurfAdventures/Enhancements/report.txt" />
      <option value="$PROJECT_DIR$/SmurfAdventures/Enhancements/meow.txt" />
      <option value="$PROJECT_DIR$/SmurfAdventures/Enhancements/MayorElection.cs" />
      <option value="$PROJECT_DIR$/SmurfAdventures/Fundamentals/Basics.cs" />
      <option value="$PROJECT_DIR$/SmurfAdventures/Fundamentals/file1.txt" />
      <option value="$PROJECT_DIR$/SmurfAdventures/Fundamentals/Letters.cs" />
      <option value="$PROJECT_DIR$/SmurfAdventures/Fundamentals/meow.txt" />
      <option value="$PROJECT_DIR$/SmurfAdventures/Program.cs" />
      <option value="$PROJECT_DIR$/SmurfAdventures/Fundamentals/guests.txt" />
      <option value="$PROJECT_DIR$/SmurfAdventures/Fundamentals/SmurfVillageParty.cs" />
    </changedPaths>
  </component>
  <component name="IgnoredFileRootStore">
    <option name="generatedRoots">
      <set>
        <option value="$PROJECT_DIR$/.idea/.idea.SmurfAdventures/.idea" />
      </set>
    </option>
  </component>
  <component name="LanguageUsageStatistics">
    <language id="C#">
      <summary usageCount="49" lastUsage="1697819954751" />
    </language>
    <language id="TEXT">
      <summary usageCount="50" lastUsage="1697821611772" />
    </language>
  </component>
  <component name="ProjectView">
    <navigator currentView="SolutionExplorer" proportions="0.9" version="1" />
    <panes>
      <pane id="FileSystemExplorer" />
      <pane id="SolutionExplorer">
        <subPane>
          <expand>
            <path>
              <item name="Project" type="784c90a0:SolutionExplorerRootNode" />
              <item name="SmurfAdventures" type="24d0babc:SolutionExplorerModelNode" />
            </path>
            <path>
              <item name="Project" type="784c90a0:SolutionExplorerRootNode" />
              <item name="SmurfAdventures" type="24d0babc:SolutionExplorerModelNode" />
              <item name="SmurfAdventures" type="24d0babc:SolutionExplorerModelNode" />
            </path>
            <path>
              <item name="Project" type="784c90a0:SolutionExplorerRootNode" />
              <item name="SmurfAdventures" type="24d0babc:SolutionExplorerModelNode" />
              <item name="SmurfAdventures" type="24d0babc:SolutionExplorerModelNode" />
              <item name="Fundamentals" type="24d0babc:SolutionExplorerModelNode" />
            </path>
          </expand>
          <select>
            <path>
              <item name="Project" type="784c90a0:SolutionExplorerRootNode" />
              <item name="SmurfAdventures" type="24d0babc:SolutionExplorerModelNode" />
              <item name="SmurfAdventures" type="24d0babc:SolutionExplorerModelNode" />
              <item name="Fundamentals" type="24d0babc:SolutionExplorerModelNode" />
              <item name="guests.txt" type="24d0babc:SolutionExplorerModelNode" />
            </path>
          </select>
        </subPane>
        <option name="show-all-files" value="false" />
        <option name="show-project-imports" value="true" />
        <option name="autoscroll-all" value="false" />
        <option name="show-scratches" value="true" />
        <option name="search-dependencies" value="false" />
        <option name="show-unreal-project-files" value="true" />
      </pane>
      <pane id="AssemblyExplorer" />
    </panes>
  </component>
  <component name="RiderPerAppToolWindowOpenedTWKeeper">
    <option name="map">
      <map>
        <entry key="Bookmarks">
          <value>
            <window_info id="Bookmarks" side_tool="true" />
          </value>
        </entry>
        <entry key="Build">
          <value>
            <window_info anchor="bottom" id="Build" order="4" weight="0.3299712" />
          </value>
        </entry>
        <entry key="Commit">
          <value>
            <window_info id="Commit" />
          </value>
        </entry>
        <entry key="Database">
          <value>
            <window_info anchor="right" id="Database" order="0" />
          </value>
        </entry>
        <entry key="Database Changes">
          <value>
            <window_info anchor="bottom" id="Database Changes" show_stripe_button="false" />
          </value>
        </entry>
        <entry key="Debug">
          <value>
            <window_info anchor="bottom" id="Debug" order="3" weight="0.40009606" />
          </value>
        </entry>
        <entry key="Dynamic Program Analysis">
          <value>
            <window_info anchor="bottom" id="Dynamic Program Analysis" />
          </value>
        </entry>
        <entry key="Endpoints">
          <value>
            <window_info anchor="right" id="Endpoints" order="0" show_stripe_button="false" />
          </value>
        </entry>
        <entry key="File Transfer">
          <value>
            <window_info anchor="bottom" id="File Transfer" />
          </value>
        </entry>
        <entry key="Find">
          <value>
            <window_info anchor="bottom" id="Find" order="1" />
          </value>
        </entry>
        <entry key="IL Viewer">
          <value>
            <window_info anchor="right" id="IL Viewer" />
          </value>
        </entry>
        <entry key="Inspection">
          <value>
            <window_info anchor="bottom" id="Inspection" order="4" weight="0.4" />
          </value>
        </entry>
        <entry key="Notifications">
          <value>
            <window_info anchor="right" id="Notifications" order="0" weight="0.25" />
          </value>
        </entry>
        <entry key="NuGet">
          <value>
            <window_info anchor="bottom" id="NuGet" order="4" />
          </value>
        </entry>
        <entry key="Problems View">
          <value>
            <window_info anchor="bottom" id="Problems View" order="4" weight="0.3299712" />
          </value>
        </entry>
        <entry key="Project">
          <value>
            <window_info active="true" content_ui="combo" id="Project" order="0" visible="true" weight="0.12447807" />
          </value>
        </entry>
        <entry key="Pull Requests">
          <value>
            <window_info id="Pull Requests" />
          </value>
        </entry>
        <entry key="Run">
          <value>
            <window_info anchor="bottom" id="Run" order="2" visible="true" weight="0.33189243" />
          </value>
        </entry>
        <entry key="Services">
          <value>
            <window_info anchor="bottom" id="Services" order="4" show_stripe_button="false" />
          </value>
        </entry>
        <entry key="Space Code Reviews">
          <value>
            <window_info id="Space Code Reviews" />
          </value>
        </entry>
        <entry key="Structure">
          <value>
            <window_info id="Structure" order="0" side_tool="true" />
          </value>
        </entry>
        <entry key="TODO">
          <value>
            <window_info anchor="bottom" id="TODO" />
          </value>
        </entry>
        <entry key="Terminal">
          <value>
            <window_info anchor="bottom" id="Terminal" order="4" />
          </value>
        </entry>
        <entry key="TypeScript">
          <value>
            <window_info anchor="bottom" id="TypeScript" />
          </value>
        </entry>
        <entry key="Unit Tests">
          <value>
            <window_info anchor="bottom" id="Unit Tests" weight="0.3299712" />
          </value>
        </entry>
        <entry key="Unit Tests Coverage">
          <value>
            <window_info anchor="right" id="Unit Tests Coverage" />
          </value>
        </entry>
        <entry key="Version Control">
          <value>
            <window_info anchor="bottom" id="Version Control" order="0" weight="0.3299712" />
          </value>
        </entry>
        <entry key="documentation.v2">
          <value>
            <window_info anchor="right" id="documentation.v2" side_tool="true" />
          </value>
        </entry>
        <entry key="dotMemory Profiler">
          <value>
            <window_info anchor="bottom" id="dotMemory Profiler" />
          </value>
        </entry>
        <entry key="dotTrace Profiler">
          <value>
            <window_info anchor="bottom" id="dotTrace Profiler" />
          </value>
        </entry>
      </map>
    </option>
  </component>
  <component name="RunConfigurationStartHistory">
    <history>
      <element setting=".NET Project.SmurfAdventures" />
    </history>
  </component>
  <component name="RunToolbarSettings">
    <option name="slotOrder">
      <option value="6cbd97b4-384c-48d2-bd74-8ae9572a9478" />
    </option>
    <slots>
      <entry key="6cbd97b4-384c-48d2-bd74-8ae9572a9478" value=".NET Project.SmurfAdventures" />
    </slots>
  </component>
  <component name="TimeTrackingManager">
    <option name="totallyTimeSpent" value="44056000" />
  </component>
  <component name="TodoView">
    <todo-panel id="selected-file">
      <is-autoscroll-to-source value="true" />
    </todo-panel>
    <todo-panel id="all">
      <are-packages-shown value="true" />
      <is-autoscroll-to-source value="true" />
    </todo-panel>
  </component>
  <component name="ToolWindowManager">
    <layout>
      <window_info id="Space Code Reviews" />
      <window_info id="Bookmarks" side_tool="true" />
      <window_info id="Pull Requests" />
      <window_info id="Commit" />
      <window_info id="Structure" order="0" side_tool="true" />
      <window_info active="true" content_ui="combo" id="Project" order="0" visible="true" weight="0.12447807" />
      <window_info anchor="bottom" id="Database Changes" show_stripe_button="false" />
      <window_info anchor="bottom" id="TypeScript" />
      <window_info anchor="bottom" id="Dynamic Program Analysis" />
      <window_info anchor="bottom" id="TODO" />
      <window_info anchor="bottom" id="Unit Tests" weight="0.3299712" />
      <window_info anchor="bottom" id="dotTrace Profiler" />
      <window_info anchor="bottom" id="File Transfer" />
      <window_info anchor="bottom" id="dotMemory Profiler" />
      <window_info anchor="bottom" id="Version Control" order="0" weight="0.3299712" />
      <window_info anchor="bottom" id="Find" order="1" />
      <window_info anchor="bottom" id="Run" order="2" visible="true" weight="0.33189243" />
      <window_info anchor="bottom" id="Debug" order="3" weight="0.40009606" />
      <window_info anchor="bottom" id="Build" order="4" weight="0.3299712" />
      <window_info anchor="bottom" id="Inspection" order="4" weight="0.4" />
      <window_info anchor="bottom" id="Problems View" order="4" weight="0.3299712" />
      <window_info anchor="bottom" id="Terminal" order="4" />
      <window_info anchor="bottom" id="NuGet" order="4" />
      <window_info anchor="bottom" id="Services" order="4" show_stripe_button="false" />
      <window_info anchor="right" id="Unit Tests Coverage" />
      <window_info anchor="right" id="IL Viewer" />
      <window_info anchor="right" id="documentation.v2" side_tool="true" />
      <window_info anchor="right" id="Endpoints" order="0" show_stripe_button="false" />
      <window_info anchor="right" id="Database" order="0" />
      <window_info anchor="right" id="Notifications" order="0" weight="0.25" />
      <unified_weights bottom="0.33189243" left="0.12447807" />
    </layout>
    <recentWindows>
      <value>Run</value>
      <value>Build</value>
      <value>Project</value>
    </recentWindows>
  </component>
  <component name="WindowStateProjectService">
    <state x="955" y="313" width="471" height="549" key="#HTTP_Proxy" timestamp="1697613853757">
      <screen x="0" y="0" width="1920" height="1080" />
    </state>
    <state x="955" y="313" width="471" height="549" key="#HTTP_Proxy/0.0.1920.1080@0.0.1920.1080" timestamp="1697613853757" />
    <state x="433" y="192" width="1053" height="773" key="#com.intellij.execution.impl.EditConfigurationsDialog" timestamp="1697820773610">
      <screen x="0" y="0" width="1920" height="1080" />
    </state>
    <state x="433" y="192" width="1053" height="773" key="#com.intellij.execution.impl.EditConfigurationsDialog/0.0.1920.1080@0.0.1920.1080" timestamp="1697820773610" />
    <state x="433" y="213" width="1053" height="701" key="#com.intellij.execution.impl.EditConfigurationsDialog/0.0.1920.1200@0.0.1920.1200" timestamp="1697642227311" />
    <state width="1874" height="317" key="GridCell.Tab.0.bottom" timestamp="1697821704567">
      <screen x="0" y="0" width="1920" height="1080" />
    </state>
    <state width="1874" height="317" key="GridCell.Tab.0.bottom/0.0.1920.1080@0.0.1920.1080" timestamp="1697821704567" />
    <state width="1874" height="220" key="GridCell.Tab.0.bottom/0.0.1920.1200@0.0.1920.1200" timestamp="1697649293236" />
    <state width="1874" height="317" key="GridCell.Tab.0.center" timestamp="1697821704567">
      <screen x="0" y="0" width="1920" height="1080" />
    </state>
    <state width="1874" height="317" key="GridCell.Tab.0.center/0.0.1920.1080@0.0.1920.1080" timestamp="1697821704567" />
    <state width="1874" height="220" key="GridCell.Tab.0.center/0.0.1920.1200@0.0.1920.1200" timestamp="1697649293236" />
    <state width="1874" height="317" key="GridCell.Tab.0.left" timestamp="1697821704566">
      <screen x="0" y="0" width="1920" height="1080" />
    </state>
    <state width="1874" height="317" key="GridCell.Tab.0.left/0.0.1920.1080@0.0.1920.1080" timestamp="1697821704566" />
    <state width="1874" height="220" key="GridCell.Tab.0.left/0.0.1920.1200@0.0.1920.1200" timestamp="1697649293235" />
    <state width="1874" height="317" key="GridCell.Tab.0.right" timestamp="1697821704567">
      <screen x="0" y="0" width="1920" height="1080" />
    </state>
    <state width="1874" height="317" key="GridCell.Tab.0.right/0.0.1920.1080@0.0.1920.1080" timestamp="1697821704567" />
    <state width="1874" height="220" key="GridCell.Tab.0.right/0.0.1920.1200@0.0.1920.1200" timestamp="1697649293236" />
    <state x="555" y="265" width="804" height="520" key="Rider.ProjectTemplateDialog.Size" timestamp="1697613940540">
      <screen x="0" y="0" width="1920" height="1080" />
    </state>
    <state x="555" y="265" width="804" height="520" key="Rider.ProjectTemplateDialog.Size/0.0.1920.1080@0.0.1920.1080" timestamp="1697613940540" />
    <state x="622" y="245" key="run.anything.popup" timestamp="1697783151869">
      <screen x="0" y="0" width="1920" height="1080" />
    </state>
    <state x="622" y="245" key="run.anything.popup/0.0.1920.1080@0.0.1920.1080" timestamp="1697783151869" />
    <state x="281" y="43" width="672" height="685" key="search.everywhere.popup" timestamp="1697807551177">
      <screen x="0" y="0" width="1920" height="1080" />
    </state>
    <state x="281" y="43" width="672" height="685" key="search.everywhere.popup/0.0.1920.1080@0.0.1920.1080" timestamp="1697807551177" />
  </component>
  <component name="editorHistoryManager">
    <entry file="file:///afs/cri.epita.fr/user/a/al/alexandre2.meunier/u/epita-prepa-acdc-PROG-101-P-04-2028-alexandre2.meunier/SmurfAdventures/Program.cs">
      <provider selected="true" editor-type-id="text-editor">
        <state relative-caret-position="66">
          <caret line="3" column="10" selection-start-line="3" selection-start-column="10" selection-end-line="3" selection-end-column="10" />
        </state>
      </provider>
    </entry>
    <entry file="file://$PROJECT_DIR$/SmurfAdventures/Fundamentals/miaou.txt" />
    <entry file="file://$PROJECT_DIR$/SmurfAdventures/Fundamentals/readFile.txt" />
    <entry file="file:///afs/cri.epita.fr/user/a/al/alexandre2.meunier/u/epita-prepa-acdc-PROG-101-P-04-2028-alexandre2.meunier/SmurfAdventures/Fundamentals/Basics.cs">
      <provider selected="true" editor-type-id="text-editor">
        <state relative-caret-position="-356">
          <caret line="20" column="25" selection-start-line="20" selection-start-column="25" selection-end-line="20" selection-end-column="25" />
        </state>
      </provider>
    </entry>
    <entry file="file:///afs/cri.epita.fr/user/a/al/alexandre2.meunier/u/epita-prepa-acdc-PROG-101-P-04-2028-alexandre2.meunier/SmurfAdventures/Fundamentals/SmurfVillageParty.cs">
      <provider selected="true" editor-type-id="text-editor">
        <state relative-caret-position="-312">
          <caret line="57" column="45" selection-start-line="57" selection-start-column="45" selection-end-line="57" selection-end-column="45" />
        </state>
      </provider>
    </entry>
    <entry file="file://$PROJECT_DIR$/SmurfAdventures/Fundamentals/validNames.txt" />
    <entry file="file://$PROJECT_DIR$/SmurfAdventures/Fundamentals/smurfVillage/house_3.txt" />
    <entry file="file://$PROJECT_DIR$/SmurfAdventures/Fundamentals/smurfVillage/house_0.txt" />
    <entry file="file://$PROJECT_DIR$/Tests/UnitTest1.cs">
      <provider selected="true" editor-type-id="text-editor">
        <state>
          <folding>
            <marker date="1697613940000" expanded="true" signature="77:89" ph="{...}" />
          </folding>
        </state>
      </provider>
    </entry>
    <entry file="file://$PROJECT_DIR$/SmurfAdventures/Enhancements/candidateDirectory/cat1.txt">
      <provider selected="true" editor-type-id="text-editor">
        <state relative-caret-position="220">
          <caret line="10" column="16" selection-start-line="10" selection-start-column="16" selection-end-line="10" selection-end-column="16" />
        </state>
      </provider>
    </entry>
    <entry file="file://$PROJECT_DIR$/SmurfAdventures/Enhancements/everyVotes.txt">
      <provider selected="true" editor-type-id="text-editor">
        <state relative-caret-position="198">
          <caret line="9" column="20" selection-start-line="9" selection-start-column="20" selection-end-line="9" selection-end-column="20" />
        </state>
      </provider>
    </entry>
    <entry file="file://$PROJECT_DIR$/SmurfAdventures/Enhancements/candidatesName.txt">
      <provider selected="true" editor-type-id="text-editor">
        <state relative-caret-position="66">
          <caret line="3" column="12" selection-start-line="3" selection-start-column="12" selection-end-line="3" selection-end-column="12" />
        </state>
      </provider>
    </entry>
    <entry file="file://$PROJECT_DIR$/SmurfAdventures/Proficiencies/exampleClues/clue2.txt">
      <provider selected="true" editor-type-id="text-editor">
        <state>
          <caret column="7" selection-start-column="7" selection-end-column="7" />
        </state>
      </provider>
    </entry>
    <entry file="file://$PROJECT_DIR$/SmurfAdventures/Proficiencies/exampleClues/clue3.txt">
      <provider selected="true" editor-type-id="text-editor">
        <state>
          <caret column="5" selection-start-column="5" selection-end-column="5" />
        </state>
      </provider>
    </entry>
    <entry file="file://$PROJECT_DIR$/SmurfAdventures/Proficiencies/exampleClues/clue4.txt">
      <provider selected="true" editor-type-id="text-editor">
        <state>
          <caret column="11" selection-start-column="11" selection-end-column="11" />
        </state>
      </provider>
    </entry>
    <entry file="file://$PROJECT_DIR$/SmurfAdventures/Proficiencies/example.txt">
      <provider selected="true" editor-type-id="text-editor" />
    </entry>
    <entry file="file://$PROJECT_DIR$/SmurfAdventures/Proficiencies/exampleClues/clue1.txt">
      <provider selected="true" editor-type-id="text-editor">
        <state relative-caret-position="22">
          <caret line="1" column="12" selection-start-line="1" selection-start-column="12" selection-end-line="1" selection-end-column="12" />
        </state>
      </provider>
    </entry>
    <entry file="file://$PROJECT_DIR$/SmurfAdventures/Proficiencies/HelpExplorerSmurf.cs">
      <provider selected="true" editor-type-id="text-editor">
        <state relative-caret-position="132">
          <caret line="4" column="55" selection-start-line="4" selection-start-column="44" selection-end-line="4" selection-end-column="55" />
          <folding>
            <marker date="1697794360000" expanded="true" signature="72:2486" ph="{...}" />
            <marker date="1697794360000" expanded="true" signature="172:2483" ph="{...}" />
            <marker date="1697794360000" expanded="true" signature="224:2294" ph="{...}" />
            <marker date="1697794360000" expanded="true" signature="285:848" ph="{...}" />
            <marker date="1697794360000" expanded="true" signature="425:834" ph="{...}" />
            <marker date="1697794360000" expanded="true" signature="998:2110" ph="{...}" />
            <marker date="1697794360000" expanded="true" signature="2197:2284" ph="{...}" />
            <marker date="1697794360000" expanded="true" signature="2320:2468" ph="{...}" />
          </folding>
        </state>
      </provider>
    </entry>
    <entry file="file://$PROJECT_DIR$/SmurfAdventures/Enhancements/candidateDirectory/cat2.txt">
      <provider selected="true" editor-type-id="text-editor">
        <state relative-caret-position="132">
          <caret line="6" column="40" selection-start-line="6" selection-start-column="40" selection-end-line="6" selection-end-column="40" />
        </state>
      </provider>
    </entry>
    <entry file="file://$PROJECT_DIR$/SmurfAdventures/Enhancements/report.txt">
      <provider selected="true" editor-type-id="text-editor">
        <state>
          <caret column="13" lean-forward="true" selection-start-column="13" selection-end-column="13" />
        </state>
      </provider>
    </entry>
    <entry file="file://$PROJECT_DIR$/SmurfAdventures/Enhancements/candidateDirectory/cat3.txt">
      <provider selected="true" editor-type-id="text-editor">
        <state>
          <caret column="10" lean-forward="true" selection-start-column="10" selection-end-column="10" />
        </state>
      </provider>
    </entry>
    <entry file="file://$PROJECT_DIR$/SmurfAdventures/Enhancements/meow.txt">
      <provider selected="true" editor-type-id="text-editor">
        <state>
          <caret column="56" selection-start-column="56" selection-end-column="56" />
        </state>
      </provider>
    </entry>
    <entry file="file://$PROJECT_DIR$/SmurfAdventures/Enhancements/sorted.txt">
      <provider selected="true" editor-type-id="text-editor">
        <state>
          <caret column="12" lean-forward="true" selection-start-column="12" selection-end-column="12" />
        </state>
      </provider>
    </entry>
    <entry file="file://$PROJECT_DIR$/SmurfAdventures/Fundamentals/empty.txt">
      <provider selected="true" editor-type-id="text-editor" />
    </entry>
    <entry file="file://$PROJECT_DIR$/SmurfAdventures/Fundamentals/meow.txt">
      <provider selected="true" editor-type-id="text-editor">
        <state>
          <caret column="4" selection-start-column="4" selection-end-column="4" />
        </state>
      </provider>
    </entry>
    <entry file="file://$PROJECT_DIR$/SmurfAdventures/Fundamentals/file1.txt">
      <provider selected="true" editor-type-id="text-editor">
        <state>
          <caret column="4" selection-start-column="4" selection-end-column="4" />
        </state>
      </provider>
    </entry>
    <entry file="file://$PROJECT_DIR$/SmurfAdventures/Enhancements/MayorElection.cs">
      <provider selected="true" editor-type-id="text-editor">
        <state relative-caret-position="414">
          <caret line="121" selection-start-line="121" selection-end-line="121" />
          <folding>
            <marker date="1697808769000" expanded="true" signature="67:5204" ph="{...}" />
            <marker date="1697808769000" expanded="true" signature="154:1176" ph="{...}" />
            <marker date="1697808769000" expanded="true" signature="172:1020" ph="{...}" />
            <marker date="1697808769000" expanded="true" signature="483:826" ph="{...}" />
            <marker date="1697808769000" expanded="true" signature="928:1009" ph="{...}" />
            <marker date="1697808769000" expanded="true" signature="1046:1170" ph="{...}" />
            <marker date="1697808769000" expanded="true" signature="1224:1414" ph="{...}" />
            <marker date="1697808769000" expanded="true" signature="1321:1378" ph="{...}" />
            <marker date="1697808769000" expanded="true" signature="1463:2054" ph="{...}" />
            <marker date="1697808769000" expanded="true" signature="1509:1960" ph="{...}" />
            <marker date="1697808769000" expanded="true" signature="1598:1811" ph="{...}" />
            <marker date="1697808769000" expanded="true" signature="2138:2889" ph="{...}" />
            <marker date="1697808769000" expanded="true" signature="2156:2759" ph="{...}" />
            <marker date="1697808769000" expanded="true" signature="2279:2563" ph="{...}" />
            <marker date="1697808769000" expanded="true" signature="2321:2549" ph="{...}" />
            <marker date="1697808769000" expanded="true" signature="2436:2531" ph="{...}" />
            <marker date="1697808769000" expanded="true" signature="2656:2736" ph="{...}" />
            <marker date="1697808769000" expanded="true" signature="2785:2883" ph="{...}" />
            <marker date="1697808769000" expanded="true" signature="2942:3157" ph="{...}" />
            <marker date="1697808769000" expanded="true" signature="3044:3129" ph="{...}" />
            <marker date="1697808769000" expanded="true" signature="3214:3428" ph="{...}" />
            <marker date="1697808769000" expanded="true" signature="3351:3400" ph="{...}" />
            <marker date="1697808769000" expanded="true" signature="3535:5201" ph="{...}" />
            <marker date="1697808769000" expanded="true" signature="3851:4988" ph="{...}" />
            <marker date="1697808769000" expanded="true" signature="4627:4921" ph="{...}" />
            <marker date="1697808769000" expanded="true" signature="4765:4906" ph="{...}" />
            <marker date="1697808769000" expanded="true" signature="5122:5195" ph="{...}" />
          </folding>
        </state>
      </provider>
    </entry>
    <entry file="file://$PROJECT_DIR$/SmurfAdventures/Fundamentals/Letters.cs">
      <provider selected="true" editor-type-id="text-editor">
        <state relative-caret-position="132">
          <caret line="4" column="68" selection-start-line="4" selection-start-column="61" selection-end-line="4" selection-end-column="68" />
          <folding>
            <marker date="1697812080000" expanded="true" signature="61:3188" ph="{...}" />
            <marker date="1697812080000" expanded="true" signature="151:630" ph="{...}" />
            <marker date="1697812080000" expanded="true" signature="232:483" ph="{...}" />
            <marker date="1697812080000" expanded="true" signature="391:473" ph="{...}" />
            <marker date="1697812080000" expanded="true" signature="509:624" ph="{...}" />
            <marker date="1697812080000" expanded="true" signature="692:1454" ph="{...}" />
            <marker date="1697812080000" expanded="true" signature="723:1448" ph="{...}" />
            <marker date="1697812080000" expanded="true" signature="749:1283" ph="{...}" />
            <marker date="1697812080000" expanded="true" signature="883:1084" ph="{...}" />
            <marker date="1697812080000" expanded="true" signature="929:1032" ph="{...}" />
            <marker date="1697812080000" expanded="true" signature="1175:1269" ph="{...}" />
            <marker date="1697812080000" expanded="true" signature="1313:1438" ph="{...}" />
            <marker date="1697812080000" expanded="true" signature="1500:1660" ph="{...}" />
            <marker date="1697812080000" expanded="true" signature="1582:1630" ph="{...}" />
            <marker date="1697812080000" expanded="true" signature="1714:2268" ph="{...}" />
            <marker date="1697812080000" expanded="true" signature="1762:2160" ph="{...}" />
            <marker date="1697812080000" expanded="true" signature="1886:1987" ph="{...}" />
            <marker date="1697812080000" expanded="true" signature="2068:2150" ph="{...}" />
            <marker date="1697812080000" expanded="true" signature="2186:2236" ph="{...}" />
            <marker date="1697812080000" expanded="true" signature="2310:2441" ph="{...}" />
            <marker date="1697812080000" expanded="true" signature="2368:2412" ph="{...}" />
            <marker date="1697812080000" expanded="true" signature="2505:3182" ph="{...}" />
            <marker date="1697812080000" expanded="true" signature="2622:3040" ph="{...}" />
            <marker date="1697812080000" expanded="true" signature="2827:3030" ph="{...}" />
            <marker date="1697812080000" expanded="true" signature="2889:3016" ph="{...}" />
            <marker date="1697812080000" expanded="true" signature="3066:3151" ph="{...}" />
          </folding>
        </state>
      </provider>
    </entry>
    <entry file="file://$PROJECT_DIR$/SmurfAdventures/Fundamentals/Basics.cs">
      <provider selected="true" editor-type-id="text-editor">
        <state relative-caret-position="351">
          <caret line="36" column="9" selection-start-line="36" selection-start-column="9" selection-end-line="36" selection-end-column="9" />
          <folding>
            <marker date="1697809722000" expanded="true" signature="60:1399" ph="{...}" />
            <marker date="1697809722000" expanded="true" signature="117:167" ph="{...}" />
            <marker date="1697809722000" expanded="true" signature="225:529" ph="{...}" />
            <marker date="1697809722000" expanded="true" signature="280:425" ph="{...}" />
            <marker date="1697809722000" expanded="true" signature="371:415" ph="{...}" />
            <marker date="1697809722000" expanded="true" signature="451:499" ph="{...}" />
            <marker date="1697809722000" expanded="true" signature="594:883" ph="{...}" />
            <marker date="1697809722000" expanded="true" signature="640:779" ph="{...}" />
            <marker date="1697809722000" expanded="true" signature="805:853" ph="{...}" />
            <marker date="1697809722000" expanded="true" signature="933:1383" ph="{...}" />
            <marker date="1697809722000" expanded="true" signature="979:1250" ph="{...}" />
            <marker date="1697809722000" expanded="true" signature="1069:1240" ph="{...}" />
            <marker date="1697809722000" expanded="true" signature="1111:1196" ph="{...}" />
            <marker date="1697809722000" expanded="true" signature="1276:1353" ph="{...}" />
          </folding>
        </state>
      </provider>
    </entry>
    <entry file="file://$PROJECT_DIR$/SmurfAdventures/Fundamentals/house_77.txt">
      <provider selected="true" editor-type-id="text-editor" />
    </entry>
    <entry file="file://$PROJECT_DIR$/SmurfAdventures/Fundamentals/helloWorld.txt">
      <provider selected="true" editor-type-id="text-editor" />
    </entry>
    <entry file="file://$PROJECT_DIR$/SmurfAdventures/Fundamentals/SmurfVillageParty.cs">
      <provider selected="true" editor-type-id="text-editor">
        <state relative-caret-position="308">
          <caret line="41" column="56" selection-start-line="41" selection-start-column="56" selection-end-line="41" selection-end-column="56" />
          <folding>
            <marker date="1697822054000" expanded="true" signature="70:5722" ph="{...}" />
            <marker date="1697822054000" expanded="true" signature="123:610" ph="{...}" />
            <marker date="1697822054000" expanded="true" signature="165:456" ph="{...}" />
            <marker date="1697822054000" expanded="true" signature="255:446" ph="{...}" />
            <marker date="1697822054000" expanded="true" signature="297:402" ph="{...}" />
            <marker date="1697822054000" expanded="true" signature="494:581" ph="{...}" />
            <marker date="1697822054000" expanded="true" signature="678:1336" ph="{...}" />
            <marker date="1697822054000" expanded="true" signature="769:1228" ph="{...}" />
            <marker date="1697822054000" expanded="true" signature="912:1056" ph="{...}" />
            <marker date="1697822054000" expanded="true" signature="1136:1218" ph="{...}" />
            <marker date="1697822054000" expanded="true" signature="1254:1300" ph="{...}" />
            <marker date="1697822054000" expanded="true" signature="1408:2215" ph="{...}" />
            <marker date="1697822054000" expanded="true" signature="1455:2051" ph="{...}" />
            <marker date="1697822054000" expanded="true" signature="1546:2041" ph="{...}" />
            <marker date="1697822054000" expanded="true" signature="1593:1786" ph="{...}" />
            <marker date="1697822054000" expanded="true" signature="1931:2027" ph="{...}" />
            <marker date="1697822054000" expanded="true" signature="2077:2200" ph="{...}" />
            <marker date="1697822054000" expanded="true" signature="2284:2919" ph="{...}" />
            <marker date="1697822054000" expanded="true" signature="2334:2683" ph="{...}" />
            <marker date="1697822054000" expanded="true" signature="2424:2673" ph="{...}" />
            <marker date="1697822054000" expanded="true" signature="2466:2629" ph="{...}" />
            <marker date="1697822054000" expanded="true" signature="2706:2886" ph="{...}" />
            <marker date="1697822054000" expanded="true" signature="2986:3547" ph="{...}" />
            <marker date="1697822054000" expanded="true" signature="3027:3367" ph="{...}" />
            <marker date="1697822054000" expanded="true" signature="3117:3357" ph="{...}" />
            <marker date="1697822054000" expanded="true" signature="3159:3313" ph="{...}" />
            <marker date="1697822054000" expanded="true" signature="3393:3518" ph="{...}" />
            <marker date="1697822054000" expanded="true" signature="3605:4481" ph="{...}" />
            <marker date="1697822054000" expanded="true" signature="3682:4325" ph="{...}" />
            <marker date="1697822054000" expanded="true" signature="3773:4315" ph="{...}" />
            <marker date="1697822054000" expanded="true" signature="3816:4083" ph="{...}" />
            <marker date="1697822054000" expanded="true" signature="4205:4301" ph="{...}" />
            <marker date="1697822054000" expanded="true" signature="4351:4450" ph="{...}" />
            <marker date="1697822054000" expanded="true" signature="4561:5714" ph="{...}" />
            <marker date="1697822054000" expanded="true" signature="4672:5531" ph="{...}" />
            <marker date="1697822054000" expanded="true" signature="4764:4939" ph="{...}" />
            <marker date="1697822054000" expanded="true" signature="4806:4895" ph="{...}" />
            <marker date="1697822054000" expanded="true" signature="5020:5358" ph="{...}" />
            <marker date="1697822054000" expanded="true" signature="5062:5313" ph="{...}" />
            <marker date="1697822054000" expanded="true" signature="5438:5520" ph="{...}" />
            <marker date="1697822054000" expanded="true" signature="5557:5682" ph="{...}" />
          </folding>
        </state>
      </provider>
    </entry>
    <entry file="file://$PROJECT_DIR$/SmurfAdventures/Fundamentals/guests.txt">
      <provider selected="true" editor-type-id="text-editor" />
    </entry>
    <entry file="file://$PROJECT_DIR$/SmurfAdventures/Program.cs">
      <provider selected="true" editor-type-id="text-editor">
        <state relative-caret-position="174">
          <caret line="47" column="85" selection-start-line="47" selection-start-column="85" selection-end-line="47" selection-end-column="85" />
          <folding>
            <marker date="1697821557000" expanded="true" signature="15:465" ph="/* File.Delete(&quot;guests.txt&quot;); ... */" />
            <marker date="1697821557000" expanded="true" signature="467:570" ph="/* bool b1 = SmurfAdventures.Basics.CustomFileExists(&quot;miou&quot;);   // b1 == true ... */" />
            <marker date="1697821557000" expanded="true" signature="572:817" ph="/* bool c1 = SmurfAdventures.Fundamentals.Basics.MyWrite(&quot;empty.txt&quot;, &quot;&quot;);   // c1 == true ... */" />
            <marker date="1697821557000" expanded="true" signature="820:1108" ph="/* string d1 = SmurfAdventures.Fundamentals.Basics.MyRead(&quot;.meow.txt&quot;);   // d1 == &quot;I now know how to show the co ... */" />
            <marker date="1697821557000" expanded="true" signature="1110:1307" ph="/* uint e1 = SmurfAdventures.SmurfVillageParty.CountGuest(&quot;guests.txt&quot;);   // e1 == 5 ... */" />
            <marker date="1697821557000" expanded="true" signature="1439:1508" ph="/* SmurfAdventures.SmurfVillageParty.RemoveSmurf(&quot;&quot;, &quot;Smurfette&quot;); ... */" />
            <marker date="1697821557000" expanded="true" signature="1510:2010" ph="/* bool g1 = SmurfAdventures.SmurfVillageParty.IsInvited(&quot;guests.txt&quot;, &quot;Smurfette&quot;);       // g1 == true ... */" />
            <marker date="1697821557000" expanded="true" signature="2012:2368" ph="/* int h1 = SmurfAdventures.SmurfVillageParty.CountOcc(&quot;guests.txt&quot;, &quot;Brainy Smurf&quot;);    // h1 == 2 ... */" />
            <marker date="1697821557000" expanded="true" signature="2370:2490" ph="/* bool i1 = SmurfAdventures.SmurfVillageParty.RemoveDuplicates(&quot;guests.txt&quot;);   // i1 == true ... */" />
            <marker date="1697821557000" expanded="true" signature="2491:2628" ph="/* bool j1 = SmurfAdventures.SmurfVillageParty.RemoveImproperNames(&quot;.txt&quot;, &quot;validNames.txt&quot;);   // j1 == true ... */" />
            <marker date="1697821557000" expanded="true" signature="2780:2897" ph="/* bool k1 = SmurfAdventures.Fundamentals.Letters.MirrorLetter(&quot;meow.txt&quot;);   // k1 == true ... */" />
            <marker date="1697821557000" expanded="true" signature="2899:3118" ph="/* string l1 = SmurfAdventures.Fundamentals.Letters.FindHeaviestWord(&quot;meow.txt&quot;);   // l1 == &quot;Mushroom&quot; ... */" />
            <marker date="1697821557000" expanded="true" signature="3119:3239" ph="/* SmurfAdventures.Enhancements.MayorElection.EncryptDocumentWithCaesar(&quot;meow.txt&quot;, 39); ... */" />
            <marker date="1697821557000" expanded="true" signature="3241:3440" ph="/* SmurfAdventures.Enhancements.MayorElection.SortVotes(&quot;everyVotes.txt&quot;, &quot;candidatesName.txt&quot;, &quot;&quot;); ... */" />
          </folding>
        </state>
      </provider>
    </entry>
  </component>
</project>