<project version="4">
  <component name="BookmarksManager">
    <option name="groups">
      <GroupState>
        <option name="name" value="SmurfasticFibo" />
      </GroupState>
    </option>
  </component>
  <component name="FileEditorManager">
    <leaf SIDE_TABS_SIZE_LIMIT_KEY="-1">
      <file>
        <entry file="file://$PROJECT_DIR$/SmurfasticFibo/Program.cs">
          <provider selected="true" editor-type-id="text-editor">
            <state relative-caret-position="201">
              <caret line="124" column="88" selection-start-line="124" selection-start-column="88" selection-end-line="124" selection-end-column="88" />
              <folding>
                <marker date="1698426991000" expanded="true" signature="14:449" ph="/* long a1 = SmurfasticFibo.Fundamentals.HomeWork.FibonacciRecursive(0);    // a1 == 0 ... */" />
                <marker date="1698426991000" expanded="true" signature="451:887" ph="/* long b1 = SmurfasticFibo.Fundamentals.HomeWork.FibonacciIterative(0);    // b1 == 0 ... */" />
                <marker date="1698426991000" expanded="true" signature="889:1284" ph="/* long c1 = SmurfasticFibo.Fundamentals.DebugMe.Tribonacci(0);   // c1 == 0 ... */" />
                <marker date="1698426991000" expanded="true" signature="1286:1390" ph="/* int d2 = SmurfasticFibo.Fundamentals.DebugMe.Atoi(&quot;4+2&quot;);    // d2 == -256 ... */" />
                <marker date="1698426991000" expanded="true" signature="1392:1837" ph="/* string e1 = SmurfasticFibo.Fundamentals.DebugMe.Pyramid(1, '*');   // e1 == &quot;*\n&quot; ... */" />
                <marker date="1698426991000" expanded="true" signature="1839:2425" ph="/* string f1 = SmurfasticFibo.Fundamentals.FibonacciCoding.EncodeCharacterFibo('1');    // f1 == &quot;010001011&quot; ... */" />
                <marker date="1698426991000" expanded="true" signature="2427:2940" ph="/* char g1 = SmurfasticFibo.Fundamentals.FibonacciCoding.DecodeCharacterFibo(&quot;0123&quot;);     // g1 == '1' ... */" />
                <marker date="1698426991000" expanded="true" signature="2942:4058" ph="/* string h1 = SmurfasticFibo.Fundamentals.FibonacciCoding.EncodeFibo(&quot;123&quot;);                           // h1 ==  ... */" />
                <marker date="1698426991000" expanded="true" signature="4060:4837" ph="/* string i1 = SmurfasticFibo.Fundamentals.FibonacciCoding.DecodeFibo(&quot;010001011001001011101001011&quot;); // i1 == &quot;1 ... */" />
                <marker date="1698426991000" expanded="true" signature="4839:5106" ph="/* A file to compare the result of your method is provided in the given files. ... */" />
                <marker date="1698426991000" expanded="true" signature="5107:5312" ph="/* string j1 = SmurfasticFibo.Fundamentals.FibonacciCoding.DecodeFiboFromFile(&quot;./TestFibo1.fibo&quot;);   // j1 == &quot;Sc ... */" />
                <marker date="1698426991000" expanded="true" signature="5314:5399" ph="/* SmurfasticFibo.Fundamentals.VigenereCipher.CheckKey(&quot;&quot;);     // Nothing happens ... */" />
                <marker date="1698426991000" expanded="true" signature="5401:5630" ph="/* string k1 = SmurfasticFibo.Fundamentals.VigenereCipher.EncodeVigenere(&quot;Hello world!&quot;, &quot;Key&quot;);   // k1 == &quot;Rijv ... */" />
                <marker date="1698426991000" expanded="true" signature="5856:6605" ph="/* double m1 = SmurfasticFibo.Enhancements.Recover.Pow(0, 3);     // m1 == 0 ... */" />
                <marker date="1698426991000" expanded="true" signature="6607:7205" ph="/* long n1 = SmurfasticFibo.Enhancements.Recover.Kbonacci(8, 0);   // n1 == 0 ... */" />
                <marker date="1698426991000" expanded="true" signature="7207:7354" ph="/* string o1 = SmurfasticFibo.Enhancements.Recover.Arrow(1, 0, true);    // o1 == &quot;/\\n&quot; ... */" />
                <marker date="1698426991000" expanded="true" signature="7356:8265" ph="/* string o2 = SmurfasticFibo.Enhancements.Recover.Arrow(2, 3, true);    // o2 == &quot; /\ \n/▁▁\\n ││ \n ││ \n ││ \n ... */" />
                <marker date="1698426991000" expanded="true" signature="8267:8602" ph="/* ulong p1 = SmurfasticFibo.Enhancements.Recover.BitsToNumber(&quot;10111&quot;);   // p1 == 23 ... */" />
                <marker date="1698426991000" expanded="true" signature="8604:9364" ph="/* string q1 = SmurfasticFibo.Enhancements.Recover.NumberToBits(23, -1);   // q1 == &quot;10111&quot; ... */" />
                <marker date="1698426991000" expanded="true" signature="9367:10104" ph="/* SmurfasticFibo.Enhancements.BinaryCoding.SaveBitsToBinaryFile(&quot;./TestBits1.bin&quot;, &quot;1000100011&quot;);         // Con ... */" />
                <marker date="1698426991000" expanded="true" signature="10106:10561" ph="/* long s1 = SmurfasticFibo.Proficiencies.WarmUp.FastFibonacciRecursive(0);    // s1 == 0 ... */" />
                <marker date="1698426991000" expanded="true" signature="10563:11240" ph="/* long t1 = SmurfasticFibo.Proficiencies.WarmUp.NegaFibonacciIterative(0);     // t1 == 0 ... */" />
              </folding>
            </state>
          </provider>
        </entry>
      </file>
      <file current-in-tab="false">
        <entry file="file://$PROJECT_DIR$/SmurfasticFibo/Fundamentals/VigenereCipher.cs">
          <provider selected="true" editor-type-id="text-editor">
            <state relative-caret-position="467">
              <caret line="67" column="15" selection-start-line="67" selection-start-column="15" selection-end-line="67" selection-end-column="15" />
              <folding>
                <marker date="1698426805000" expanded="true" signature="74:2097" ph="{...}" />
                <marker date="1698426805000" expanded="true" signature="120:477" ph="{...}" />
                <marker date="1698426805000" expanded="true" signature="241:471" ph="{...}" />
                <marker date="1698426805000" expanded="true" signature="524:744" ph="{...}" />
                <marker date="1698426805000" expanded="true" signature="802:1082" ph="{...}" />
                <marker date="1698426805000" expanded="true" signature="1156:1623" ph="{...}" />
                <marker date="1698426805000" expanded="true" signature="1279:1587" ph="{...}" />
                <marker date="1698426805000" expanded="true" signature="1305:1483" ph="{...}" />
                <marker date="1698426805000" expanded="true" signature="1513:1577" ph="{...}" />
                <marker date="1698426805000" expanded="true" signature="1696:2094" ph="{...}" />
                <marker date="1698426805000" expanded="true" signature="1766:2030" ph="{...}" />
              </folding>
            </state>
          </provider>
        </entry>
      </file>
      <file current-in-tab="false">
        <entry file="file://$PROJECT_DIR$/SmurfasticFibo/Fundamentals/HomeWork.cs">
          <provider selected="true" editor-type-id="text-editor">
            <state relative-caret-position="192">
              <caret line="14" column="19" lean-forward="true" selection-start-line="14" selection-start-column="19" selection-end-line="14" selection-end-column="19" />
              <folding>
                <marker date="1698426669000" expanded="true" signature="68:565" ph="{...}" />
                <marker date="1698426669000" expanded="true" signature="123:290" ph="{...}" />
                <marker date="1698426669000" expanded="true" signature="344:561" ph="{...}" />
                <marker date="1698426669000" expanded="true" signature="437:536" ph="{...}" />
              </folding>
            </state>
          </provider>
        </entry>
      </file>
      <file current-in-tab="false">
        <entry file="file://$PROJECT_DIR$/SmurfasticFibo/Fundamentals/FibonacciCoding.cs">
          <provider selected="true" editor-type-id="text-editor">
            <state relative-caret-position="105">
              <caret line="50" column="48" lean-forward="true" selection-start-line="50" selection-start-column="48" selection-end-line="50" selection-end-column="48" />
              <folding>
                <marker date="1698426350000" expanded="true" signature="75:3587" ph="{...}" />
                <marker date="1698426350000" expanded="true" signature="114:261" ph="{...}" />
                <marker date="1698426350000" expanded="true" signature="199:236" ph="{...}" />
                <marker date="1698426350000" expanded="true" signature="297:415" ph="{...}" />
                <marker date="1698426350000" expanded="true" signature="481:1007" ph="{...}" />
                <marker date="1698426350000" expanded="true" signature="710:942" ph="{...}" />
                <marker date="1698426350000" expanded="true" signature="777:880" ph="{...}" />
                <marker date="1698426350000" expanded="true" signature="1076:1889" ph="{...}" />
                <marker date="1698426350000" expanded="true" signature="1484:1846" ph="{...}" />
                <marker date="1698426350000" expanded="true" signature="1947:2132" ph="{...}" />
                <marker date="1698426350000" expanded="true" signature="2026:2097" ph="{...}" />
                <marker date="1698426350000" expanded="true" signature="2188:2746" ph="{...}" />
                <marker date="1698426350000" expanded="true" signature="2381:2646" ph="{...}" />
                <marker date="1698426350000" expanded="true" signature="2459:2636" ph="{...}" />
                <marker date="1698426350000" expanded="true" signature="2820:2989" ph="{...}" />
                <marker date="1698426350000" expanded="true" signature="2898:2983" ph="{...}" />
                <marker date="1698426350000" expanded="true" signature="3051:3581" ph="{...}" />
                <marker date="1698426350000" expanded="true" signature="3202:3539" ph="{...}" />
                <marker date="1698426350000" expanded="true" signature="3240:3428" ph="{...}" />
              </folding>
            </state>
          </provider>
        </entry>
      </file>
      <file current-in-tab="false">
        <entry file="file://$PROJECT_DIR$/SmurfasticFibo/Fundamentals/DebugMe.cs">
          <provider selected="true" editor-type-id="text-editor">
            <state relative-caret-position="368">
              <caret line="46" column="48" selection-start-line="46" selection-start-column="48" selection-end-line="46" selection-end-column="48" />
              <folding>
                <marker date="1698426050000" expanded="true" signature="82:1778" ph="{...}" />
                <marker date="1698426050000" expanded="true" signature="129:404" ph="{...}" />
                <marker date="1698426050000" expanded="true" signature="241:379" ph="{...}" />
                <marker date="1698426050000" expanded="true" signature="448:526" ph="{...}" />
                <marker date="1698426050000" expanded="true" signature="566:1174" ph="{...}" />
                <marker date="1698426050000" expanded="true" signature="820:1134" ph="{...}" />
                <marker date="1698426050000" expanded="true" signature="915:1041" ph="{...}" />
                <marker date="1698426050000" expanded="true" signature="1234:1776" ph="{...}" />
                <marker date="1698426050000" expanded="true" signature="1382:1749" ph="{...}" />
                <marker date="1698426050000" expanded="true" signature="1486:1561" ph="{...}" />
                <marker date="1698426050000" expanded="true" signature="1651:1709" ph="{...}" />
              </folding>
            </state>
          </provider>
        </entry>
      </file>
      <file current-in-tab="false">
        <entry file="file://$PROJECT_DIR$/SmurfasticFibo/Proficiencies/WarmUp.cs">
          <provider selected="true" editor-type-id="text-editor">
            <state relative-caret-position="120">
              <caret line="4" column="13" selection-start-line="4" selection-start-column="13" selection-end-line="4" selection-end-column="13" />
              <folding>
                <marker date="1698424824000" expanded="true" signature="103:1473" ph="{...}" />
                <marker date="1698424824000" expanded="true" signature="162:696" ph="{...}" />
                <marker date="1698424824000" expanded="true" signature="264:501" ph="{...}" />
                <marker date="1698424824000" expanded="true" signature="736:828" ph="{...}" />
                <marker date="1698424824000" expanded="true" signature="889:1281" ph="{...}" />
                <marker date="1698424824000" expanded="true" signature="1068:1155" ph="{...}" />
                <marker date="1698424824000" expanded="true" signature="1176:1253" ph="{...}" />
                <marker date="1698424824000" expanded="true" signature="1341:1376" ph="{...}" />
                <marker date="1698424824000" expanded="true" signature="1434:1469" ph="{...}" />
              </folding>
            </state>
          </provider>
        </entry>
      </file>
      <file current-in-tab="false">
        <entry file="file://$PROJECT_DIR$/SmurfasticFibo/Proficiencies/NegaFibonacciCoding.cs">
          <provider selected="true" editor-type-id="text-editor">
            <state relative-caret-position="384">
              <caret line="13" selection-start-line="13" selection-end-line="13" />
              <folding>
                <marker date="1698424883000" expanded="true" signature="80:283" ph="{...}" />
                <marker date="1698424883000" expanded="true" signature="146:181" ph="{...}" />
                <marker date="1698424883000" expanded="true" signature="248:278" ph="{...}" />
              </folding>
            </state>
          </provider>
        </entry>
      </file>
      <file current-in-tab="false">
        <entry file="file://$PROJECT_DIR$/SmurfasticFibo/Enhancements/BinaryCoding.cs">
          <provider selected="true" editor-type-id="text-editor">
            <state>
              <caret line="2" column="14" selection-start-line="2" selection-start-column="14" selection-end-line="2" selection-end-column="14" />
              <folding>
                <marker date="1698425016000" expanded="true" signature="72:2790" ph="{...}" />
                <marker date="1698425016000" expanded="true" signature="148:2207" ph="{...}" />
                <marker date="1698425016000" expanded="true" signature="267:2201" ph="{...}" />
                <marker date="1698425016000" expanded="true" signature="393:2191" ph="{...}" />
                <marker date="1698425016000" expanded="true" signature="473:2145" ph="{...}" />
                <marker date="1698425016000" expanded="true" signature="626:1110" ph="{...}" />
                <marker date="1698425016000" expanded="true" signature="718:1029" ph="{...}" />
                <marker date="1698425016000" expanded="true" signature="843:1003" ph="{...}" />
                <marker date="1698425016000" expanded="true" signature="1199:1895" ph="{...}" />
                <marker date="1698425016000" expanded="true" signature="1410:1512" ph="{...}" />
                <marker date="1698425016000" expanded="true" signature="1609:1757" ph="{...}" />
                <marker date="1698425016000" expanded="true" signature="1920:2027" ph="{...}" />
                <marker date="1698425016000" expanded="true" signature="2273:2787" ph="{...}" />
                <marker date="1698425016000" expanded="true" signature="2400:2756" ph="{...}" />
                <marker date="1698425016000" expanded="true" signature="2472:2746" ph="{...}" />
              </folding>
            </state>
          </provider>
        </entry>
      </file>
      <file current-in-tab="false">
        <entry file="file://$PROJECT_DIR$/SmurfasticFibo/Enhancements/Recover.cs">
          <provider selected="true" editor-type-id="text-editor">
            <state relative-caret-position="612">
              <caret line="23" column="5" lean-forward="true" selection-start-line="23" selection-start-column="5" selection-end-line="23" selection-end-column="5" />
              <folding>
                <marker date="1698423719000" expanded="true" signature="67:4002" ph="{...}" />
                <marker date="1698423719000" expanded="true" signature="116:498" ph="{...}" />
                <marker date="1698423719000" expanded="true" signature="552:927" ph="{...}" />
                <marker date="1698423719000" expanded="true" signature="831:901" ph="{...}" />
                <marker date="1698423719000" expanded="true" signature="981:1062" ph="{...}" />
                <marker date="1698423719000" expanded="true" signature="1110:1302" ph="{...}" />
                <marker date="1698423719000" expanded="true" signature="1204:1264" ph="{...}" />
                <marker date="1698423719000" expanded="true" signature="1382:2182" ph="{...}" />
                <marker date="1698423719000" expanded="true" signature="1655:1968" ph="{...}" />
                <marker date="1698423719000" expanded="true" signature="1768:1958" ph="{...}" />
                <marker date="1698423719000" expanded="true" signature="2046:2154" ph="{...}" />
                <marker date="1698423719000" expanded="true" signature="2255:2468" ph="{...}" />
                <marker date="1698423719000" expanded="true" signature="2519:2664" ph="{...}" />
                <marker date="1698423719000" expanded="true" signature="2557:2658" ph="{...}" />
                <marker date="1698423719000" expanded="true" signature="2715:3041" ph="{...}" />
                <marker date="1698423719000" expanded="true" signature="2916:3015" ph="{...}" />
                <marker date="1698423719000" expanded="true" signature="3112:4000" ph="{...}" />
                <marker date="1698423719000" expanded="true" signature="3202:3283" ph="{...}" />
                <marker date="1698423719000" expanded="true" signature="3459:3955" ph="{...}" />
                <marker date="1698423719000" expanded="true" signature="3541:3625" ph="{...}" />
                <marker date="1698423719000" expanded="true" signature="3662:3945" ph="{...}" />
                <marker date="1698423719000" expanded="true" signature="3789:3897" ph="{...}" />
              </folding>
            </state>
          </provider>
        </entry>
      </file>
    </leaf>
  </component>
  <component name="FileTypeUsageLocalSummary">
    <fileType name="C#">
      <summary usageCount="69" lastUsed="1698426928317" />
    </fileType>
    <fileType name="PLAIN_TEXT">
      <summary usageCount="2" lastUsed="1698246775513" />
    </fileType>
  </component>
  <component name="FindInProjectRecents">
    <findStrings>
      <find>atoi</find>
      <find>fibonaccii</find>
      <find>decode</find>
    </findStrings>
  </component>
  <component name="IdeDocumentHistory">
    <changedPaths>
      <option value="$PROJECT_DIR$/Tests/UnitTest1.cs" />
      <option value="$PROJECT_DIR$/SmurfasticFibo/Fundamentals/meow.txt" />
      <option value="$PROJECT_DIR$/SmurfasticFibo/Fundamentals/TestFibo1.fibo" />
      <option value="$PROJECT_DIR$/SmurfasticFibo/Enhancements/Recover.cs" />
      <option value="$PROJECT_DIR$/SmurfasticFibo/Proficiencies/WarmUp.cs" />
      <option value="$PROJECT_DIR$/SmurfasticFibo/Proficiencies/NegaFibonacciCoding.cs" />
      <option value="$PROJECT_DIR$/SmurfasticFibo/Enhancements/BinaryCoding.cs" />
      <option value="$PROJECT_DIR$/SmurfasticFibo/Fundamentals/DebugMe.cs" />
      <option value="$PROJECT_DIR$/SmurfasticFibo/Fundamentals/FibonacciCoding.cs" />
      <option value="$PROJECT_DIR$/SmurfasticFibo/Fundamentals/HomeWork.cs" />
      <option value="$PROJECT_DIR$/SmurfasticFibo/Fundamentals/VigenereCipher.cs" />
      <option value="$PROJECT_DIR$/SmurfasticFibo/Program.cs" />
    </changedPaths>
  </component>
  <component name="IgnoredFileRootStore">
    <option name="generatedRoots">
      <set>
        <option value="$PROJECT_DIR$/.idea/.idea.SmurfasticFibo/.idea" />
      </set>
    </option>
  </component>
  <component name="LanguageUsageStatistics">
    <language id="C#">
      <summary usageCount="69" lastUsage="1698426928317" />
    </language>
    <language id="TEXT">
      <summary usageCount="2" lastUsage="1698246775513" />
    </language>
  </component>
  <component name="ProjectView">
    <navigator currentView="SolutionExplorer" proportions="0.9" version="1" />
    <panes>
      <pane id="SolutionExplorer">
        <subPane>
          <expand>
            <path>
              <item name="Project" type="784c90a0:SolutionExplorerRootNode" />
              <item name="SmurfasticFibo" type="24d0babc:SolutionExplorerModelNode" />
            </path>
            <path>
              <item name="Project" type="784c90a0:SolutionExplorerRootNode" />
              <item name="SmurfasticFibo" type="24d0babc:SolutionExplorerModelNode" />
              <item name="SmurfasticFibo" type="24d0babc:SolutionExplorerModelNode" />
            </path>
            <path>
              <item name="Project" type="784c90a0:SolutionExplorerRootNode" />
              <item name="SmurfasticFibo" type="24d0babc:SolutionExplorerModelNode" />
              <item name="SmurfasticFibo" type="24d0babc:SolutionExplorerModelNode" />
              <item name="Enhancements" type="24d0babc:SolutionExplorerModelNode" />
            </path>
            <path>
              <item name="Project" type="784c90a0:SolutionExplorerRootNode" />
              <item name="SmurfasticFibo" type="24d0babc:SolutionExplorerModelNode" />
              <item name="SmurfasticFibo" type="24d0babc:SolutionExplorerModelNode" />
              <item name="Fundamentals" type="24d0babc:SolutionExplorerModelNode" />
            </path>
            <path>
              <item name="Project" type="784c90a0:SolutionExplorerRootNode" />
              <item name="SmurfasticFibo" type="24d0babc:SolutionExplorerModelNode" />
              <item name="SmurfasticFibo" type="24d0babc:SolutionExplorerModelNode" />
              <item name="Proficiencies" type="24d0babc:SolutionExplorerModelNode" />
            </path>
          </expand>
          <select>
            <path>
              <item name="Project" type="784c90a0:SolutionExplorerRootNode" />
              <item name="SmurfasticFibo" type="24d0babc:SolutionExplorerModelNode" />
              <item name="SmurfasticFibo" type="24d0babc:SolutionExplorerModelNode" />
              <item name="Fundamentals" type="24d0babc:SolutionExplorerModelNode" />
              <item name="VigenereCipher.cs" type="24d0babc:SolutionExplorerModelNode" />
            </path>
          </select>
        </subPane>
        <option name="show-all-files" value="false" />
        <option name="show-project-imports" value="true" />
        <option name="autoscroll-all" value="false" />
        <option name="show-scratches" value="true" />
        <option name="search-dependencies" value="false" />
        <option name="show-unreal-project-files" value="true" />
      </pane>
      <pane id="AssemblyExplorer" />
      <pane id="FileSystemExplorer" />
    </panes>
  </component>
  <component name="RiderPerAppToolWindowOpenedTWKeeper">
    <option name="map">
      <map>
        <entry key="Bookmarks">
          <value>
            <window_info id="Bookmarks" side_tool="true" />
          </value>
        </entry>
        <entry key="Build">
          <value>
            <window_info anchor="bottom" id="Build" order="4" weight="0.3303187" />
          </value>
        </entry>
        <entry key="Commit">
          <value>
            <window_info id="Commit" />
          </value>
        </entry>
        <entry key="Database">
          <value>
            <window_info anchor="right" id="Database" order="0" />
          </value>
        </entry>
        <entry key="Database Changes">
          <value>
            <window_info anchor="bottom" id="Database Changes" show_stripe_button="false" />
          </value>
        </entry>
        <entry key="Debug">
          <value>
            <window_info anchor="bottom" id="Debug" order="3" weight="0.40009606" />
          </value>
        </entry>
        <entry key="Dynamic Program Analysis">
          <value>
            <window_info anchor="bottom" id="Dynamic Program Analysis" />
          </value>
        </entry>
        <entry key="Endpoints">
          <value>
            <window_info anchor="right" id="Endpoints" order="0" show_stripe_button="false" />
          </value>
        </entry>
        <entry key="File Transfer">
          <value>
            <window_info anchor="bottom" id="File Transfer" />
          </value>
        </entry>
        <entry key="Find">
          <value>
            <window_info anchor="bottom" id="Find" order="1" />
          </value>
        </entry>
        <entry key="IL Viewer">
          <value>
            <window_info anchor="right" id="IL Viewer" />
          </value>
        </entry>
        <entry key="Inspection">
          <value>
            <window_info anchor="bottom" id="Inspection" order="4" weight="0.4" />
          </value>
        </entry>
        <entry key="Notifications">
          <value>
            <window_info anchor="right" id="Notifications" order="0" weight="0.25" />
          </value>
        </entry>
        <entry key="NuGet">
          <value>
            <window_info anchor="bottom" id="NuGet" order="4" />
          </value>
        </entry>
        <entry key="Problems View">
          <value>
            <window_info anchor="bottom" id="Problems View" order="4" weight="0.3299712" />
          </value>
        </entry>
        <entry key="Project">
          <value>
            <window_info active="true" content_ui="combo" id="Project" order="0" visible="true" weight="0.12447807" />
          </value>
        </entry>
        <entry key="Pull Requests">
          <value>
            <window_info id="Pull Requests" />
          </value>
        </entry>
        <entry key="Run">
          <value>
            <window_info anchor="bottom" id="Run" order="2" visible="true" weight="0.33204132" />
          </value>
        </entry>
        <entry key="Services">
          <value>
            <window_info anchor="bottom" id="Services" order="4" show_stripe_button="false" />
          </value>
        </entry>
        <entry key="Space Code Reviews">
          <value>
            <window_info id="Space Code Reviews" />
          </value>
        </entry>
        <entry key="Structure">
          <value>
            <window_info id="Structure" order="0" side_tool="true" />
          </value>
        </entry>
        <entry key="TODO">
          <value>
            <window_info anchor="bottom" id="TODO" />
          </value>
        </entry>
        <entry key="Terminal">
          <value>
            <window_info anchor="bottom" id="Terminal" order="4" />
          </value>
        </entry>
        <entry key="TypeScript">
          <value>
            <window_info anchor="bottom" id="TypeScript" />
          </value>
        </entry>
        <entry key="Unit Tests">
          <value>
            <window_info anchor="bottom" id="Unit Tests" weight="0.3299712" />
          </value>
        </entry>
        <entry key="Unit Tests Coverage">
          <value>
            <window_info anchor="right" id="Unit Tests Coverage" />
          </value>
        </entry>
        <entry key="Version Control">
          <value>
            <window_info anchor="bottom" id="Version Control" order="0" weight="0.3299712" />
          </value>
        </entry>
        <entry key="documentation.v2">
          <value>
            <window_info anchor="right" id="documentation.v2" side_tool="true" />
          </value>
        </entry>
        <entry key="dotMemory Profiler">
          <value>
            <window_info anchor="bottom" id="dotMemory Profiler" />
          </value>
        </entry>
        <entry key="dotTrace Profiler">
          <value>
            <window_info anchor="bottom" id="dotTrace Profiler" />
          </value>
        </entry>
      </map>
    </option>
  </component>
  <component name="RunConfigurationStartHistory">
    <history>
      <element setting=".NET Project.SmurfasticFibo" />
    </history>
  </component>
  <component name="RunToolbarSettings">
    <option name="slotOrder">
      <option value="43028205-0bac-4a17-90b7-265552734dd7" />
    </option>
    <slots>
      <entry key="43028205-0bac-4a17-90b7-265552734dd7" value=".NET Project.SmurfasticFibo" />
    </slots>
  </component>
  <component name="TimeTrackingManager">
    <option name="totallyTimeSpent" value="48009000" />
  </component>
  <component name="TodoView">
    <todo-panel id="selected-file">
      <is-autoscroll-to-source value="true" />
    </todo-panel>
    <todo-panel id="all">
      <are-packages-shown value="true" />
      <is-autoscroll-to-source value="true" />
    </todo-panel>
  </component>
  <component name="ToolWindowManager">
    <editor active="true" />
    <layout>
      <window_info id="Space Code Reviews" />
      <window_info id="Bookmarks" side_tool="true" />
      <window_info id="Pull Requests" />
      <window_info id="Commit" />
      <window_info id="Structure" order="0" side_tool="true" />
      <window_info active="true" content_ui="combo" id="Project" order="0" visible="true" weight="0.12447807" />
      <window_info anchor="bottom" id="Database Changes" show_stripe_button="false" />
      <window_info anchor="bottom" id="TypeScript" />
      <window_info anchor="bottom" id="Dynamic Program Analysis" />
      <window_info anchor="bottom" id="TODO" />
      <window_info anchor="bottom" id="Unit Tests" weight="0.3299712" />
      <window_info anchor="bottom" id="dotTrace Profiler" />
      <window_info anchor="bottom" id="File Transfer" />
      <window_info anchor="bottom" id="dotMemory Profiler" />
      <window_info anchor="bottom" id="Version Control" order="0" weight="0.3299712" />
      <window_info anchor="bottom" id="Find" order="1" />
      <window_info anchor="bottom" id="Run" order="2" visible="true" weight="0.33204132" />
      <window_info anchor="bottom" id="Debug" order="3" weight="0.40009606" />
      <window_info anchor="bottom" id="Build" order="4" weight="0.3303187" />
      <window_info anchor="bottom" id="Inspection" order="4" weight="0.4" />
      <window_info anchor="bottom" id="Problems View" order="4" weight="0.3299712" />
      <window_info anchor="bottom" id="Terminal" order="4" />
      <window_info anchor="bottom" id="NuGet" order="4" />
      <window_info anchor="bottom" id="Services" order="4" show_stripe_button="false" />
      <window_info anchor="right" id="Unit Tests Coverage" />
      <window_info anchor="right" id="IL Viewer" />
      <window_info anchor="right" id="documentation.v2" side_tool="true" />
      <window_info anchor="right" id="Endpoints" order="0" show_stripe_button="false" />
      <window_info anchor="right" id="Database" order="0" />
      <window_info anchor="right" id="Notifications" order="0" weight="0.25" />
      <unified_weights bottom="0.33204132" left="0.12447807" />
    </layout>
    <recentWindows>
      <value>Run</value>
      <value>Build</value>
      <value>Project</value>
    </recentWindows>
  </component>
  <component name="WindowStateProjectService">
    <state x="433" y="227" key="#com.intellij.execution.impl.EditConfigurationsDialog" timestamp="1698389050367">
      <screen x="0" y="0" width="1920" height="1080" />
    </state>
    <state x="433" y="227" key="#com.intellij.execution.impl.EditConfigurationsDialog/0.0.1920.1080@0.0.1920.1080" timestamp="1698389050367" />
    <state x="433" y="252" key="#com.intellij.execution.impl.EditConfigurationsDialog/0.0.1920.1200@0.0.1920.1200" timestamp="1698246769736" />
    <state x="515" y="313" key="FileChooserDialogImpl" timestamp="1698389047996">
      <screen x="0" y="0" width="1920" height="1080" />
    </state>
    <state x="515" y="313" key="FileChooserDialogImpl/0.0.1920.1080@0.0.1920.1080" timestamp="1698389047996" />
    <state x="515" y="348" key="FileChooserDialogImpl/0.0.1920.1200@0.0.1920.1200" timestamp="1698246768907" />
    <state width="1874" height="357" key="GridCell.Tab.0.bottom" timestamp="1698426928982">
      <screen x="0" y="0" width="1920" height="1200" />
    </state>
    <state width="1874" height="317" key="GridCell.Tab.0.bottom/0.0.1920.1080@0.0.1920.1080" timestamp="1698390521244" />
    <state width="1874" height="357" key="GridCell.Tab.0.bottom/0.0.1920.1200@0.0.1920.1200" timestamp="1698426928982" />
    <state width="1874" height="357" key="GridCell.Tab.0.center" timestamp="1698426928982">
      <screen x="0" y="0" width="1920" height="1200" />
    </state>
    <state width="1874" height="317" key="GridCell.Tab.0.center/0.0.1920.1080@0.0.1920.1080" timestamp="1698390521244" />
    <state width="1874" height="357" key="GridCell.Tab.0.center/0.0.1920.1200@0.0.1920.1200" timestamp="1698426928982" />
    <state width="1874" height="357" key="GridCell.Tab.0.left" timestamp="1698426928982">
      <screen x="0" y="0" width="1920" height="1200" />
    </state>
    <state width="1874" height="317" key="GridCell.Tab.0.left/0.0.1920.1080@0.0.1920.1080" timestamp="1698390521244" />
    <state width="1874" height="357" key="GridCell.Tab.0.left/0.0.1920.1200@0.0.1920.1200" timestamp="1698426928982" />
    <state width="1874" height="357" key="GridCell.Tab.0.right" timestamp="1698426928982">
      <screen x="0" y="0" width="1920" height="1200" />
    </state>
    <state width="1874" height="317" key="GridCell.Tab.0.right/0.0.1920.1080@0.0.1920.1080" timestamp="1698390521244" />
    <state width="1874" height="357" key="GridCell.Tab.0.right/0.0.1920.1200@0.0.1920.1200" timestamp="1698426928982" />
    <state x="555" y="265" width="804" height="520" key="Rider.ProjectTemplateDialog.Size" timestamp="1698163960341">
      <screen x="0" y="0" width="1920" height="1080" />
    </state>
    <state x="555" y="265" width="804" height="520" key="Rider.ProjectTemplateDialog.Size/0.0.1920.1080@0.0.1920.1080" timestamp="1698163960341" />
    <state x="623" y="234" width="672" height="685" key="search.everywhere.popup" timestamp="1698253341081">
      <screen x="0" y="0" width="1920" height="1080" />
    </state>
    <state x="623" y="234" width="672" height="685" key="search.everywhere.popup/0.0.1920.1080@0.0.1920.1080" timestamp="1698253341081" />
  </component>
  <component name="editorHistoryManager">
    <entry file="file://$PROJECT_DIR$/Tests/UnitTest1.cs">
      <provider selected="true" editor-type-id="text-editor">
        <state>
          <folding>
            <marker date="1698163960000" expanded="true" signature="77:89" ph="{...}" />
          </folding>
        </state>
      </provider>
    </entry>
    <entry file="file://$PROJECT_DIR$/SmurfasticFibo/Fundamentals/meow.txt" />
    <entry file="file://$PROJECT_DIR$/SmurfasticFibo/Fundamentals/TestFibo1.fibo">
      <provider selected="true" editor-type-id="text-editor">
        <state relative-caret-position="22">
          <caret line="1" selection-start-line="1" selection-end-line="1" />
        </state>
      </provider>
    </entry>
    <entry file="file://$PROJECT_DIR$/SmurfasticFibo/Enhancements/BinaryCoding.cs">
      <provider selected="true" editor-type-id="text-editor">
        <state>
          <caret line="2" column="14" selection-start-line="2" selection-start-column="14" selection-end-line="2" selection-end-column="14" />
          <folding>
            <marker date="1698425016000" expanded="true" signature="72:2790" ph="{...}" />
            <marker date="1698425016000" expanded="true" signature="148:2207" ph="{...}" />
            <marker date="1698425016000" expanded="true" signature="267:2201" ph="{...}" />
            <marker date="1698425016000" expanded="true" signature="393:2191" ph="{...}" />
            <marker date="1698425016000" expanded="true" signature="473:2145" ph="{...}" />
            <marker date="1698425016000" expanded="true" signature="626:1110" ph="{...}" />
            <marker date="1698425016000" expanded="true" signature="718:1029" ph="{...}" />
            <marker date="1698425016000" expanded="true" signature="843:1003" ph="{...}" />
            <marker date="1698425016000" expanded="true" signature="1199:1895" ph="{...}" />
            <marker date="1698425016000" expanded="true" signature="1410:1512" ph="{...}" />
            <marker date="1698425016000" expanded="true" signature="1609:1757" ph="{...}" />
            <marker date="1698425016000" expanded="true" signature="1920:2027" ph="{...}" />
            <marker date="1698425016000" expanded="true" signature="2273:2787" ph="{...}" />
            <marker date="1698425016000" expanded="true" signature="2400:2756" ph="{...}" />
            <marker date="1698425016000" expanded="true" signature="2472:2746" ph="{...}" />
          </folding>
        </state>
      </provider>
    </entry>
    <entry file="file://$PROJECT_DIR$/SmurfasticFibo/Proficiencies/WarmUp.cs">
      <provider selected="true" editor-type-id="text-editor">
        <state relative-caret-position="120">
          <caret line="4" column="13" selection-start-line="4" selection-start-column="13" selection-end-line="4" selection-end-column="13" />
          <folding>
            <marker date="1698424824000" expanded="true" signature="103:1473" ph="{...}" />
            <marker date="1698424824000" expanded="true" signature="162:696" ph="{...}" />
            <marker date="1698424824000" expanded="true" signature="264:501" ph="{...}" />
            <marker date="1698424824000" expanded="true" signature="736:828" ph="{...}" />
            <marker date="1698424824000" expanded="true" signature="889:1281" ph="{...}" />
            <marker date="1698424824000" expanded="true" signature="1068:1155" ph="{...}" />
            <marker date="1698424824000" expanded="true" signature="1176:1253" ph="{...}" />
            <marker date="1698424824000" expanded="true" signature="1341:1376" ph="{...}" />
            <marker date="1698424824000" expanded="true" signature="1434:1469" ph="{...}" />
          </folding>
        </state>
      </provider>
    </entry>
    <entry file="file://$PROJECT_DIR$/SmurfasticFibo/Enhancements/Recover.cs">
      <provider selected="true" editor-type-id="text-editor">
        <state relative-caret-position="612">
          <caret line="23" column="5" lean-forward="true" selection-start-line="23" selection-start-column="5" selection-end-line="23" selection-end-column="5" />
          <folding>
            <marker date="1698423719000" expanded="true" signature="67:4002" ph="{...}" />
            <marker date="1698423719000" expanded="true" signature="116:498" ph="{...}" />
            <marker date="1698423719000" expanded="true" signature="552:927" ph="{...}" />
            <marker date="1698423719000" expanded="true" signature="831:901" ph="{...}" />
            <marker date="1698423719000" expanded="true" signature="981:1062" ph="{...}" />
            <marker date="1698423719000" expanded="true" signature="1110:1302" ph="{...}" />
            <marker date="1698423719000" expanded="true" signature="1204:1264" ph="{...}" />
            <marker date="1698423719000" expanded="true" signature="1382:2182" ph="{...}" />
            <marker date="1698423719000" expanded="true" signature="1655:1968" ph="{...}" />
            <marker date="1698423719000" expanded="true" signature="1768:1958" ph="{...}" />
            <marker date="1698423719000" expanded="true" signature="2046:2154" ph="{...}" />
            <marker date="1698423719000" expanded="true" signature="2255:2468" ph="{...}" />
            <marker date="1698423719000" expanded="true" signature="2519:2664" ph="{...}" />
            <marker date="1698423719000" expanded="true" signature="2557:2658" ph="{...}" />
            <marker date="1698423719000" expanded="true" signature="2715:3041" ph="{...}" />
            <marker date="1698423719000" expanded="true" signature="2916:3015" ph="{...}" />
            <marker date="1698423719000" expanded="true" signature="3112:4000" ph="{...}" />
            <marker date="1698423719000" expanded="true" signature="3202:3283" ph="{...}" />
            <marker date="1698423719000" expanded="true" signature="3459:3955" ph="{...}" />
            <marker date="1698423719000" expanded="true" signature="3541:3625" ph="{...}" />
            <marker date="1698423719000" expanded="true" signature="3662:3945" ph="{...}" />
            <marker date="1698423719000" expanded="true" signature="3789:3897" ph="{...}" />
          </folding>
        </state>
      </provider>
    </entry>
    <entry file="file://$PROJECT_DIR$/SmurfasticFibo/Fundamentals/DebugMe.cs">
      <provider selected="true" editor-type-id="text-editor">
        <state relative-caret-position="368">
          <caret line="46" column="48" selection-start-line="46" selection-start-column="48" selection-end-line="46" selection-end-column="48" />
          <folding>
            <marker date="1698426050000" expanded="true" signature="82:1778" ph="{...}" />
            <marker date="1698426050000" expanded="true" signature="129:404" ph="{...}" />
            <marker date="1698426050000" expanded="true" signature="241:379" ph="{...}" />
            <marker date="1698426050000" expanded="true" signature="448:526" ph="{...}" />
            <marker date="1698426050000" expanded="true" signature="566:1174" ph="{...}" />
            <marker date="1698426050000" expanded="true" signature="820:1134" ph="{...}" />
            <marker date="1698426050000" expanded="true" signature="915:1041" ph="{...}" />
            <marker date="1698426050000" expanded="true" signature="1234:1776" ph="{...}" />
            <marker date="1698426050000" expanded="true" signature="1382:1749" ph="{...}" />
            <marker date="1698426050000" expanded="true" signature="1486:1561" ph="{...}" />
            <marker date="1698426050000" expanded="true" signature="1651:1709" ph="{...}" />
          </folding>
        </state>
      </provider>
    </entry>
    <entry file="file://$PROJECT_DIR$/SmurfasticFibo/Proficiencies/NegaFibonacciCoding.cs">
      <provider selected="true" editor-type-id="text-editor">
        <state relative-caret-position="384">
          <caret line="13" selection-start-line="13" selection-end-line="13" />
          <folding>
            <marker date="1698424883000" expanded="true" signature="80:283" ph="{...}" />
            <marker date="1698424883000" expanded="true" signature="146:181" ph="{...}" />
            <marker date="1698424883000" expanded="true" signature="248:278" ph="{...}" />
          </folding>
        </state>
      </provider>
    </entry>
    <entry file="file://$PROJECT_DIR$/SmurfasticFibo/Fundamentals/FibonacciCoding.cs">
      <provider selected="true" editor-type-id="text-editor">
        <state relative-caret-position="105">
          <caret line="50" column="48" lean-forward="true" selection-start-line="50" selection-start-column="48" selection-end-line="50" selection-end-column="48" />
          <folding>
            <marker date="1698426350000" expanded="true" signature="75:3587" ph="{...}" />
            <marker date="1698426350000" expanded="true" signature="114:261" ph="{...}" />
            <marker date="1698426350000" expanded="true" signature="199:236" ph="{...}" />
            <marker date="1698426350000" expanded="true" signature="297:415" ph="{...}" />
            <marker date="1698426350000" expanded="true" signature="481:1007" ph="{...}" />
            <marker date="1698426350000" expanded="true" signature="710:942" ph="{...}" />
            <marker date="1698426350000" expanded="true" signature="777:880" ph="{...}" />
            <marker date="1698426350000" expanded="true" signature="1076:1889" ph="{...}" />
            <marker date="1698426350000" expanded="true" signature="1484:1846" ph="{...}" />
            <marker date="1698426350000" expanded="true" signature="1947:2132" ph="{...}" />
            <marker date="1698426350000" expanded="true" signature="2026:2097" ph="{...}" />
            <marker date="1698426350000" expanded="true" signature="2188:2746" ph="{...}" />
            <marker date="1698426350000" expanded="true" signature="2381:2646" ph="{...}" />
            <marker date="1698426350000" expanded="true" signature="2459:2636" ph="{...}" />
            <marker date="1698426350000" expanded="true" signature="2820:2989" ph="{...}" />
            <marker date="1698426350000" expanded="true" signature="2898:2983" ph="{...}" />
            <marker date="1698426350000" expanded="true" signature="3051:3581" ph="{...}" />
            <marker date="1698426350000" expanded="true" signature="3202:3539" ph="{...}" />
            <marker date="1698426350000" expanded="true" signature="3240:3428" ph="{...}" />
          </folding>
        </state>
      </provider>
    </entry>
    <entry file="file://$PROJECT_DIR$/SmurfasticFibo/Fundamentals/HomeWork.cs">
      <provider selected="true" editor-type-id="text-editor">
        <state relative-caret-position="192">
          <caret line="14" column="19" lean-forward="true" selection-start-line="14" selection-start-column="19" selection-end-line="14" selection-end-column="19" />
          <folding>
            <marker date="1698426669000" expanded="true" signature="68:565" ph="{...}" />
            <marker date="1698426669000" expanded="true" signature="123:290" ph="{...}" />
            <marker date="1698426669000" expanded="true" signature="344:561" ph="{...}" />
            <marker date="1698426669000" expanded="true" signature="437:536" ph="{...}" />
          </folding>
        </state>
      </provider>
    </entry>
    <entry file="file://$PROJECT_DIR$/SmurfasticFibo/Fundamentals/VigenereCipher.cs">
      <provider selected="true" editor-type-id="text-editor">
        <state relative-caret-position="467">
          <caret line="67" column="15" selection-start-line="67" selection-start-column="15" selection-end-line="67" selection-end-column="15" />
          <folding>
            <marker date="1698426805000" expanded="true" signature="74:2097" ph="{...}" />
            <marker date="1698426805000" expanded="true" signature="120:477" ph="{...}" />
            <marker date="1698426805000" expanded="true" signature="241:471" ph="{...}" />
            <marker date="1698426805000" expanded="true" signature="524:744" ph="{...}" />
            <marker date="1698426805000" expanded="true" signature="802:1082" ph="{...}" />
            <marker date="1698426805000" expanded="true" signature="1156:1623" ph="{...}" />
            <marker date="1698426805000" expanded="true" signature="1279:1587" ph="{...}" />
            <marker date="1698426805000" expanded="true" signature="1305:1483" ph="{...}" />
            <marker date="1698426805000" expanded="true" signature="1513:1577" ph="{...}" />
            <marker date="1698426805000" expanded="true" signature="1696:2094" ph="{...}" />
            <marker date="1698426805000" expanded="true" signature="1766:2030" ph="{...}" />
          </folding>
        </state>
      </provider>
    </entry>
    <entry file="file://$PROJECT_DIR$/SmurfasticFibo/Program.cs">
      <provider selected="true" editor-type-id="text-editor">
        <state relative-caret-position="201">
          <caret line="124" column="88" selection-start-line="124" selection-start-column="88" selection-end-line="124" selection-end-column="88" />
          <folding>
            <marker date="1698426991000" expanded="true" signature="14:449" ph="/* long a1 = SmurfasticFibo.Fundamentals.HomeWork.FibonacciRecursive(0);    // a1 == 0 ... */" />
            <marker date="1698426991000" expanded="true" signature="451:887" ph="/* long b1 = SmurfasticFibo.Fundamentals.HomeWork.FibonacciIterative(0);    // b1 == 0 ... */" />
            <marker date="1698426991000" expanded="true" signature="889:1284" ph="/* long c1 = SmurfasticFibo.Fundamentals.DebugMe.Tribonacci(0);   // c1 == 0 ... */" />
            <marker date="1698426991000" expanded="true" signature="1286:1390" ph="/* int d2 = SmurfasticFibo.Fundamentals.DebugMe.Atoi(&quot;4+2&quot;);    // d2 == -256 ... */" />
            <marker date="1698426991000" expanded="true" signature="1392:1837" ph="/* string e1 = SmurfasticFibo.Fundamentals.DebugMe.Pyramid(1, '*');   // e1 == &quot;*\n&quot; ... */" />
            <marker date="1698426991000" expanded="true" signature="1839:2425" ph="/* string f1 = SmurfasticFibo.Fundamentals.FibonacciCoding.EncodeCharacterFibo('1');    // f1 == &quot;010001011&quot; ... */" />
            <marker date="1698426991000" expanded="true" signature="2427:2940" ph="/* char g1 = SmurfasticFibo.Fundamentals.FibonacciCoding.DecodeCharacterFibo(&quot;0123&quot;);     // g1 == '1' ... */" />
            <marker date="1698426991000" expanded="true" signature="2942:4058" ph="/* string h1 = SmurfasticFibo.Fundamentals.FibonacciCoding.EncodeFibo(&quot;123&quot;);                           // h1 ==  ... */" />
            <marker date="1698426991000" expanded="true" signature="4060:4837" ph="/* string i1 = SmurfasticFibo.Fundamentals.FibonacciCoding.DecodeFibo(&quot;010001011001001011101001011&quot;); // i1 == &quot;1 ... */" />
            <marker date="1698426991000" expanded="true" signature="4839:5106" ph="/* A file to compare the result of your method is provided in the given files. ... */" />
            <marker date="1698426991000" expanded="true" signature="5107:5312" ph="/* string j1 = SmurfasticFibo.Fundamentals.FibonacciCoding.DecodeFiboFromFile(&quot;./TestFibo1.fibo&quot;);   // j1 == &quot;Sc ... */" />
            <marker date="1698426991000" expanded="true" signature="5314:5399" ph="/* SmurfasticFibo.Fundamentals.VigenereCipher.CheckKey(&quot;&quot;);     // Nothing happens ... */" />
            <marker date="1698426991000" expanded="true" signature="5401:5630" ph="/* string k1 = SmurfasticFibo.Fundamentals.VigenereCipher.EncodeVigenere(&quot;Hello world!&quot;, &quot;Key&quot;);   // k1 == &quot;Rijv ... */" />
            <marker date="1698426991000" expanded="true" signature="5856:6605" ph="/* double m1 = SmurfasticFibo.Enhancements.Recover.Pow(0, 3);     // m1 == 0 ... */" />
            <marker date="1698426991000" expanded="true" signature="6607:7205" ph="/* long n1 = SmurfasticFibo.Enhancements.Recover.Kbonacci(8, 0);   // n1 == 0 ... */" />
            <marker date="1698426991000" expanded="true" signature="7207:7354" ph="/* string o1 = SmurfasticFibo.Enhancements.Recover.Arrow(1, 0, true);    // o1 == &quot;/\\n&quot; ... */" />
            <marker date="1698426991000" expanded="true" signature="7356:8265" ph="/* string o2 = SmurfasticFibo.Enhancements.Recover.Arrow(2, 3, true);    // o2 == &quot; /\ \n/▁▁\\n ││ \n ││ \n ││ \n ... */" />
            <marker date="1698426991000" expanded="true" signature="8267:8602" ph="/* ulong p1 = SmurfasticFibo.Enhancements.Recover.BitsToNumber(&quot;10111&quot;);   // p1 == 23 ... */" />
            <marker date="1698426991000" expanded="true" signature="8604:9364" ph="/* string q1 = SmurfasticFibo.Enhancements.Recover.NumberToBits(23, -1);   // q1 == &quot;10111&quot; ... */" />
            <marker date="1698426991000" expanded="true" signature="9367:10104" ph="/* SmurfasticFibo.Enhancements.BinaryCoding.SaveBitsToBinaryFile(&quot;./TestBits1.bin&quot;, &quot;1000100011&quot;);         // Con ... */" />
            <marker date="1698426991000" expanded="true" signature="10106:10561" ph="/* long s1 = SmurfasticFibo.Proficiencies.WarmUp.FastFibonacciRecursive(0);    // s1 == 0 ... */" />
            <marker date="1698426991000" expanded="true" signature="10563:11240" ph="/* long t1 = SmurfasticFibo.Proficiencies.WarmUp.NegaFibonacciIterative(0);     // t1 == 0 ... */" />
          </folding>
        </state>
      </provider>
    </entry>
  </component>
</project>