<project version="4">
  <component name="BookmarksManager">
    <option name="groups">
      <GroupState>
        <option name="name" value="SmurfFestival" />
      </GroupState>
    </option>
  </component>
  <component name="FileEditorManager">
    <leaf SIDE_TABS_SIZE_LIMIT_KEY="-1">
      <file current-in-tab="false">
        <entry file="file://$PROJECT_DIR$/SmurfFestival/Enhancements/Calculus.cs">
          <provider selected="true" editor-type-id="text-editor">
            <state relative-caret-position="330">
              <caret line="12" column="17" selection-start-line="12" selection-start-column="17" selection-end-line="12" selection-end-column="17" />
              <folding>
                <marker date="1701363507000" expanded="true" signature="60:268" ph="{...}" />
                <marker date="1701363507000" expanded="true" signature="121:170" ph="{...}" />
                <marker date="1701363507000" expanded="true" signature="234:264" ph="{...}" />
              </folding>
            </state>
          </provider>
        </entry>
      </file>
      <file current-in-tab="false">
        <entry file="file://$PROJECT_DIR$/SmurfFestival/Proficiencies/TaskBalancing.cs">
          <provider selected="true" editor-type-id="text-editor">
            <state relative-caret-position="242">
              <caret line="11" column="41" selection-start-line="11" selection-start-column="41" selection-end-line="11" selection-end-column="41" />
              <folding>
                <marker date="1701363859000" expanded="true" signature="66:410" ph="{...}" />
                <marker date="1701363859000" expanded="true" signature="172:243" ph="{...}" />
                <marker date="1701363859000" expanded="true" signature="352:406" ph="{...}" />
              </folding>
            </state>
          </provider>
        </entry>
      </file>
      <file current-in-tab="false">
        <entry file="file://$PROJECT_DIR$/SmurfFestival/Proficiencies/Toolkit.cs">
          <provider selected="true" editor-type-id="text-editor">
            <state relative-caret-position="352">
              <caret line="16" column="16" selection-start-line="16" selection-start-column="16" selection-end-line="16" selection-end-column="16" />
              <folding>
                <marker date="1701363787000" expanded="true" signature="60:510" ph="{...}" />
                <marker date="1701363787000" expanded="true" signature="154:231" ph="{...}" />
                <marker date="1701363787000" expanded="true" signature="342:370" ph="{...}" />
                <marker date="1701363787000" expanded="true" signature="469:500" ph="{...}" />
              </folding>
            </state>
          </provider>
        </entry>
      </file>
      <file current-in-tab="false">
        <entry file="file://$PROJECT_DIR$/SmurfFestival/Proficiencies/VIP.cs">
          <provider selected="true" editor-type-id="text-editor">
            <state relative-caret-position="132">
              <caret line="6" column="31" selection-start-line="6" selection-start-column="31" selection-end-line="6" selection-end-column="31" />
              <folding>
                <marker date="1701363903000" expanded="true" signature="56:177" ph="{...}" />
                <marker date="1701363903000" expanded="true" signature="130:174" ph="{...}" />
              </folding>
            </state>
          </provider>
        </entry>
      </file>
      <file current-in-tab="false">
        <entry file="file://$PROJECT_DIR$/SmurfFestival/Enhancements/Wagons.cs">
          <provider selected="true" editor-type-id="text-editor">
            <state relative-caret-position="-12">
              <caret line="19" column="29" selection-start-line="19" selection-start-column="29" selection-end-line="19" selection-end-column="29" />
              <folding>
                <marker date="1701357400000" expanded="true" signature="58:1087" ph="{...}" />
                <marker date="1701357400000" expanded="true" signature="123:1084" ph="{...}" />
                <marker date="1701357400000" expanded="true" signature="222:899" ph="{...}" />
                <marker date="1701357400000" expanded="true" signature="259:322" ph="{...}" />
                <marker date="1701357400000" expanded="true" signature="340:889" ph="{...}" />
                <marker date="1701357400000" expanded="true" signature="393:459" ph="{...}" />
                <marker date="1701357400000" expanded="true" signature="534:603" ph="{...}" />
                <marker date="1701357400000" expanded="true" signature="662:747" ph="{...}" />
                <marker date="1701357400000" expanded="true" signature="806:875" ph="{...}" />
                <marker date="1701357400000" expanded="true" signature="990:1050" ph="{...}" />
              </folding>
            </state>
          </provider>
        </entry>
      </file>
      <file current-in-tab="false">
        <entry file="file://$PROJECT_DIR$/SmurfFestival/Fundamentals/Encryptions.cs">
          <provider selected="true" editor-type-id="text-editor">
            <state relative-caret-position="-891">
              <caret line="27" selection-start-line="27" selection-end-line="27" />
              <folding>
                <marker date="1701366275000" expanded="true" signature="63:2592" ph="{...}" />
                <marker date="1701366275000" expanded="true" signature="118:720" ph="{...}" />
                <marker date="1701366275000" expanded="true" signature="282:692" ph="{...}" />
                <marker date="1701366275000" expanded="true" signature="342:401" ph="{...}" />
                <marker date="1701366275000" expanded="true" signature="418:682" ph="{...}" />
                <marker date="1701366275000" expanded="true" signature="598:668" ph="{...}" />
                <marker date="1701366275000" expanded="true" signature="818:1279" ph="{...}" />
                <marker date="1701366275000" expanded="true" signature="965:1059" ph="{...}" />
                <marker date="1701366275000" expanded="true" signature="1077:1145" ph="/* loop stopped ... */" />
                <marker date="1701366275000" expanded="true" signature="1328:2590" ph="{...}" />
                <marker date="1701366275000" expanded="true" signature="1581:2550" ph="{...}" />
                <marker date="1701366275000" expanded="true" signature="1652:1740" ph="{...}" />
                <marker date="1701366275000" expanded="true" signature="1772:2169" ph="{...}" />
                <marker date="1701366275000" expanded="true" signature="1909:2015" ph="{...}" />
                <marker date="1701366275000" expanded="true" signature="2201:2463" ph="{...}" />
                <marker date="1701366275000" expanded="true" signature="2371:2449" ph="{...}" />
                <marker date="1701366275000" expanded="true" signature="2481:2539" ph="{...}" />
              </folding>
            </state>
          </provider>
        </entry>
      </file>
      <file current-in-tab="false">
        <entry file="file://$PROJECT_DIR$/SmurfFestival/Fundamentals/Warmup.cs">
          <provider selected="true" editor-type-id="text-editor">
            <state relative-caret-position="656">
              <caret line="29" column="9" selection-start-line="29" selection-start-column="9" selection-end-line="29" selection-end-column="9" />
              <folding>
                <marker date="1701366275000" expanded="true" signature="58:703" ph="{...}" />
                <marker date="1701366275000" expanded="true" signature="135:433" ph="{...}" />
                <marker date="1701366275000" expanded="true" signature="247:405" ph="{...}" />
                <marker date="1701366275000" expanded="true" signature="298:361" ph="{...}" />
                <marker date="1701366275000" expanded="true" signature="489:696" ph="{...}" />
                <marker date="1701366275000" expanded="true" signature="523:681" ph="{...}" />
              </folding>
            </state>
          </provider>
        </entry>
      </file>
      <file current-in-tab="false">
        <entry file="file://$PROJECT_DIR$/SmurfFestival/Fundamentals/Management.cs">
          <provider selected="true" editor-type-id="text-editor">
            <state relative-caret-position="440">
              <caret line="18" column="9" selection-start-line="18" selection-start-column="9" selection-end-line="18" selection-end-column="9" />
              <folding>
                <marker date="1701275226000" expanded="true" signature="62:599" ph="{...}" />
                <marker date="1701275226000" expanded="true" signature="120:596" ph="{...}" />
                <marker date="1701275226000" expanded="true" signature="276:475" ph="{...}" />
                <marker date="1701275226000" expanded="true" signature="360:438" ph="{...}" />
                <marker date="1701275226000" expanded="true" signature="508:566" ph="{...}" />
              </folding>
            </state>
          </provider>
        </entry>
      </file>
      <file current-in-tab="false">
        <entry file="file://$PROJECT_DIR$/SmurfFestival/Fundamentals/HandyScrews.cs">
          <provider selected="true" editor-type-id="text-editor">
            <state relative-caret-position="685">
              <caret line="54" column="38" selection-start-line="54" selection-start-column="33" selection-end-line="54" selection-end-column="38" />
              <folding>
                <marker date="1701268924000" expanded="true" signature="103:1826" ph="{...}" />
                <marker date="1701268924000" expanded="true" signature="169:562" ph="{...}" />
                <marker date="1701268924000" expanded="true" signature="339:520" ph="{...}" />
                <marker date="1701268924000" expanded="true" signature="374:427" ph="{...}" />
                <marker date="1701268924000" expanded="true" signature="457:510" ph="{...}" />
                <marker date="1701268924000" expanded="true" signature="629:921" ph="{...}" />
                <marker date="1701268924000" expanded="true" signature="735:893" ph="{...}" />
                <marker date="1701268924000" expanded="true" signature="786:849" ph="{...}" />
                <marker date="1701268924000" expanded="true" signature="977:1488" ph="{...}" />
                <marker date="1701268924000" expanded="true" signature="1252:1313" ph="{...}" />
                <marker date="1701268924000" expanded="true" signature="1359:1458" ph="{...}" />
                <marker date="1701268924000" expanded="true" signature="1544:1822" ph="{...}" />
                <marker date="1701268924000" expanded="true" signature="1680:1792" ph="{...}" />
                <marker date="1701268924000" expanded="true" signature="1723:1782" ph="{...}" />
              </folding>
            </state>
          </provider>
        </entry>
      </file>
      <file>
        <entry file="file://$PROJECT_DIR$/SmurfFestival/Enhancements/MagicStone.cs">
          <provider selected="true" editor-type-id="text-editor">
            <state relative-caret-position="495">
              <caret line="34" column="28" selection-start-line="34" selection-start-column="23" selection-end-line="34" selection-end-column="28" />
              <folding>
                <marker date="1701420047000" expanded="true" signature="62:1304" ph="{...}" />
                <marker date="1701420047000" expanded="true" signature="128:348" ph="{...}" />
                <marker date="1701420047000" expanded="true" signature="417:714" ph="{...}" />
                <marker date="1701420047000" expanded="true" signature="536:651" ph="{...}" />
                <marker date="1701420047000" expanded="true" signature="571:641" ph="{...}" />
                <marker date="1701420047000" expanded="true" signature="772:1299" ph="{...}" />
                <marker date="1701420047000" expanded="true" signature="953:1293" ph="{...}" />
                <marker date="1701420047000" expanded="true" signature="1092:1173" ph="{...}" />
                <marker date="1701420047000" expanded="true" signature="1202:1283" ph="{...}" />
              </folding>
            </state>
          </provider>
        </entry>
      </file>
    </leaf>
  </component>
  <component name="FileTypeUsageLocalSummary">
    <fileType name="C#">
      <summary usageCount="61" lastUsed="1701419948624" />
    </fileType>
  </component>
  <component name="FindInProjectRecents">
    <findStrings>
      <find>Count</find>
      <find>count</find>
      <find>count(</find>
      <find>Count(</find>
      <find>cout()</find>
    </findStrings>
  </component>
  <component name="IdeDocumentHistory">
    <changedPaths>
      <option value="$PROJECT_DIR$/Tests/UnitTest1.cs" />
      <option value="/afs/cri.epita.fr/user/a/al/alexandre2.meunier/u/epita-prepa-acdc-PROG-102-P-02-2028-alexandre2.meunier/SmurfFestival/Fundamentals/HandyScrews.cs" />
      <option value="$PROJECT_DIR$/SmurfFestival/Fundamentals/HandyScrews.cs" />
      <option value="$PROJECT_DIR$/SmurfFestival/Fundamentals/Management.cs" />
      <option value="$PROJECT_DIR$/SmurfFestival/Enhancements/Wagons.cs" />
      <option value="$PROJECT_DIR$/SmurfFestival/Enhancements/Calculus.cs" />
      <option value="$PROJECT_DIR$/SmurfFestival/Proficiencies/Toolkit.cs" />
      <option value="$PROJECT_DIR$/SmurfFestival/Proficiencies/TaskBalancing.cs" />
      <option value="$PROJECT_DIR$/SmurfFestival/Proficiencies/VIP.cs" />
      <option value="$PROJECT_DIR$/SmurfFestival/Program.cs" />
      <option value="$PROJECT_DIR$/SmurfFestival/Fundamentals/Warmup.cs" />
      <option value="$PROJECT_DIR$/SmurfFestival/Fundamentals/Encryptions.cs" />
      <option value="$PROJECT_DIR$/SmurfFestival/Enhancements/MagicStone.cs" />
    </changedPaths>
  </component>
  <component name="IgnoredFileRootStore">
    <option name="generatedRoots">
      <set>
        <option value="$PROJECT_DIR$/.idea/.idea.SmurfFestival/.idea" />
      </set>
    </option>
  </component>
  <component name="LanguageUsageStatistics">
    <language id="C#">
      <summary usageCount="61" lastUsage="1701419948624" />
    </language>
  </component>
  <component name="ProjectView">
    <navigator currentView="SolutionExplorer" proportions="0.9" version="1" />
    <panes>
      <pane id="FileSystemExplorer" />
      <pane id="SolutionExplorer">
        <subPane>
          <expand>
            <path>
              <item name="Project" type="784c90a0:SolutionExplorerRootNode" />
              <item name="SmurfFestival" type="24d0babc:SolutionExplorerModelNode" />
            </path>
            <path>
              <item name="Project" type="784c90a0:SolutionExplorerRootNode" />
              <item name="SmurfFestival" type="24d0babc:SolutionExplorerModelNode" />
              <item name="SmurfFestival" type="24d0babc:SolutionExplorerModelNode" />
            </path>
            <path>
              <item name="Project" type="784c90a0:SolutionExplorerRootNode" />
              <item name="SmurfFestival" type="24d0babc:SolutionExplorerModelNode" />
              <item name="SmurfFestival" type="24d0babc:SolutionExplorerModelNode" />
              <item name="Enhancements" type="24d0babc:SolutionExplorerModelNode" />
            </path>
            <path>
              <item name="Project" type="784c90a0:SolutionExplorerRootNode" />
              <item name="SmurfFestival" type="24d0babc:SolutionExplorerModelNode" />
              <item name="SmurfFestival" type="24d0babc:SolutionExplorerModelNode" />
              <item name="Fundamentals" type="24d0babc:SolutionExplorerModelNode" />
            </path>
          </expand>
          <select>
            <path>
              <item name="Project" type="784c90a0:SolutionExplorerRootNode" />
              <item name="SmurfFestival" type="24d0babc:SolutionExplorerModelNode" />
              <item name="SmurfFestival" type="24d0babc:SolutionExplorerModelNode" />
              <item name="Enhancements" type="24d0babc:SolutionExplorerModelNode" />
              <item name="MagicStone.cs" type="24d0babc:SolutionExplorerModelNode" />
            </path>
          </select>
        </subPane>
        <option name="show-all-files" value="false" />
        <option name="show-project-imports" value="true" />
        <option name="autoscroll-all" value="false" />
        <option name="show-scratches" value="true" />
        <option name="search-dependencies" value="false" />
        <option name="show-unreal-project-files" value="true" />
      </pane>
      <pane id="AssemblyExplorer" />
    </panes>
  </component>
  <component name="RiderPerAppToolWindowOpenedTWKeeper">
    <option name="map">
      <map>
        <entry key="Bookmarks">
          <value>
            <window_info id="Bookmarks" side_tool="true" />
          </value>
        </entry>
        <entry key="Build">
          <value>
            <window_info anchor="bottom" id="Build" order="4" weight="0.3299712" />
          </value>
        </entry>
        <entry key="Commit">
          <value>
            <window_info id="Commit" />
          </value>
        </entry>
        <entry key="Database">
          <value>
            <window_info anchor="right" id="Database" order="0" />
          </value>
        </entry>
        <entry key="Database Changes">
          <value>
            <window_info anchor="bottom" id="Database Changes" show_stripe_button="false" />
          </value>
        </entry>
        <entry key="Debug">
          <value>
            <window_info anchor="bottom" id="Debug" order="3" weight="0.40008613" />
          </value>
        </entry>
        <entry key="Dynamic Program Analysis">
          <value>
            <window_info anchor="bottom" id="Dynamic Program Analysis" />
          </value>
        </entry>
        <entry key="Endpoints">
          <value>
            <window_info anchor="right" id="Endpoints" order="0" show_stripe_button="false" />
          </value>
        </entry>
        <entry key="File Transfer">
          <value>
            <window_info anchor="bottom" id="File Transfer" />
          </value>
        </entry>
        <entry key="Find">
          <value>
            <window_info anchor="bottom" id="Find" order="1" />
          </value>
        </entry>
        <entry key="IL Viewer">
          <value>
            <window_info anchor="right" id="IL Viewer" />
          </value>
        </entry>
        <entry key="Inspection">
          <value>
            <window_info anchor="bottom" id="Inspection" order="4" weight="0.4" />
          </value>
        </entry>
        <entry key="Notifications">
          <value>
            <window_info anchor="right" id="Notifications" order="0" weight="0.25" />
          </value>
        </entry>
        <entry key="NuGet">
          <value>
            <window_info anchor="bottom" id="NuGet" order="4" />
          </value>
        </entry>
        <entry key="Problems View">
          <value>
            <window_info anchor="bottom" id="Problems View" order="4" weight="0.3299712" />
          </value>
        </entry>
        <entry key="Project">
          <value>
            <window_info active="true" content_ui="combo" id="Project" order="0" visible="true" weight="0.12030271" />
          </value>
        </entry>
        <entry key="Pull Requests">
          <value>
            <window_info id="Pull Requests" />
          </value>
        </entry>
        <entry key="Run">
          <value>
            <window_info anchor="bottom" id="Run" order="2" visible="true" weight="0.33189243" />
          </value>
        </entry>
        <entry key="Services">
          <value>
            <window_info anchor="bottom" id="Services" order="4" show_stripe_button="false" />
          </value>
        </entry>
        <entry key="Space Code Reviews">
          <value>
            <window_info id="Space Code Reviews" />
          </value>
        </entry>
        <entry key="Structure">
          <value>
            <window_info id="Structure" order="0" side_tool="true" />
          </value>
        </entry>
        <entry key="TODO">
          <value>
            <window_info anchor="bottom" id="TODO" />
          </value>
        </entry>
        <entry key="Terminal">
          <value>
            <window_info anchor="bottom" id="Terminal" order="4" />
          </value>
        </entry>
        <entry key="TypeScript">
          <value>
            <window_info anchor="bottom" id="TypeScript" />
          </value>
        </entry>
        <entry key="Unit Tests">
          <value>
            <window_info anchor="bottom" id="Unit Tests" weight="0.3299712" />
          </value>
        </entry>
        <entry key="Unit Tests Coverage">
          <value>
            <window_info anchor="right" id="Unit Tests Coverage" />
          </value>
        </entry>
        <entry key="Version Control">
          <value>
            <window_info anchor="bottom" id="Version Control" order="0" weight="0.3299712" />
          </value>
        </entry>
        <entry key="documentation.v2">
          <value>
            <window_info anchor="right" id="documentation.v2" side_tool="true" />
          </value>
        </entry>
        <entry key="dotMemory Profiler">
          <value>
            <window_info anchor="bottom" id="dotMemory Profiler" />
          </value>
        </entry>
        <entry key="dotTrace Profiler">
          <value>
            <window_info anchor="bottom" id="dotTrace Profiler" />
          </value>
        </entry>
      </map>
    </option>
  </component>
  <component name="RunConfigurationStartHistory">
    <history>
      <element setting=".NET Project.SmurfFestival" />
    </history>
  </component>
  <component name="RunToolbarSettings">
    <option name="slotOrder">
      <option value="b39314fb-3e31-4842-8e47-2f391b08b5eb" />
    </option>
    <slots>
      <entry key="b39314fb-3e31-4842-8e47-2f391b08b5eb" value=".NET Project.SmurfFestival" />
    </slots>
  </component>
  <component name="TimeTrackingManager">
    <option name="totallyTimeSpent" value="26830000" />
  </component>
  <component name="TodoView">
    <todo-panel id="selected-file">
      <is-autoscroll-to-source value="true" />
    </todo-panel>
    <todo-panel id="all">
      <are-packages-shown value="true" />
      <is-autoscroll-to-source value="true" />
    </todo-panel>
  </component>
  <component name="ToolWindowManager">
    <layout>
      <window_info id="Space Code Reviews" />
      <window_info id="Bookmarks" side_tool="true" />
      <window_info id="Pull Requests" />
      <window_info id="Commit" />
      <window_info id="Structure" order="0" side_tool="true" />
      <window_info active="true" content_ui="combo" id="Project" order="0" visible="true" weight="0.12030271" />
      <window_info anchor="bottom" id="Database Changes" show_stripe_button="false" />
      <window_info anchor="bottom" id="TypeScript" />
      <window_info anchor="bottom" id="Dynamic Program Analysis" />
      <window_info anchor="bottom" id="TODO" />
      <window_info anchor="bottom" id="Unit Tests" weight="0.3299712" />
      <window_info anchor="bottom" id="dotTrace Profiler" />
      <window_info anchor="bottom" id="File Transfer" />
      <window_info anchor="bottom" id="dotMemory Profiler" />
      <window_info anchor="bottom" id="Version Control" order="0" weight="0.3299712" />
      <window_info anchor="bottom" id="Find" order="1" />
      <window_info anchor="bottom" id="Run" order="2" visible="true" weight="0.33189243" />
      <window_info anchor="bottom" id="Debug" order="3" weight="0.40008613" />
      <window_info anchor="bottom" id="Build" order="4" weight="0.3299712" />
      <window_info anchor="bottom" id="Inspection" order="4" weight="0.4" />
      <window_info anchor="bottom" id="Problems View" order="4" weight="0.3299712" />
      <window_info anchor="bottom" id="Terminal" order="4" />
      <window_info anchor="bottom" id="NuGet" order="4" />
      <window_info anchor="bottom" id="Services" order="4" show_stripe_button="false" />
      <window_info anchor="right" id="Unit Tests Coverage" />
      <window_info anchor="right" id="IL Viewer" />
      <window_info anchor="right" id="documentation.v2" side_tool="true" />
      <window_info anchor="right" id="Endpoints" order="0" show_stripe_button="false" />
      <window_info anchor="right" id="Database" order="0" />
      <window_info anchor="right" id="Notifications" order="0" weight="0.25" />
      <unified_weights bottom="0.33189243" left="0.12030271" />
    </layout>
    <recentWindows>
      <value>Project</value>
    </recentWindows>
  </component>
  <component name="WindowStateProjectService">
    <state width="292" height="75" key="DebuggerActiveHint" timestamp="1701268521648">
      <screen x="0" y="0" width="1920" height="1200" />
    </state>
    <state width="292" height="75" key="DebuggerActiveHint/0.0.1920.1200@0.0.1920.1200" timestamp="1701268521648" />
    <state width="1874" height="357" key="GridCell.Tab.0.bottom" timestamp="1701357436889">
      <screen x="0" y="0" width="1920" height="1200" />
    </state>
    <state width="1874" height="357" key="GridCell.Tab.0.bottom/0.0.1920.1200@0.0.1920.1200" timestamp="1701357436889" />
    <state width="1874" height="357" key="GridCell.Tab.0.center" timestamp="1701357436888">
      <screen x="0" y="0" width="1920" height="1200" />
    </state>
    <state width="1874" height="357" key="GridCell.Tab.0.center/0.0.1920.1200@0.0.1920.1200" timestamp="1701357436888" />
    <state width="1874" height="357" key="GridCell.Tab.0.left" timestamp="1701357436888">
      <screen x="0" y="0" width="1920" height="1200" />
    </state>
    <state width="1874" height="357" key="GridCell.Tab.0.left/0.0.1920.1200@0.0.1920.1200" timestamp="1701357436888" />
    <state width="1874" height="357" key="GridCell.Tab.0.right" timestamp="1701357436889">
      <screen x="0" y="0" width="1920" height="1200" />
    </state>
    <state width="1874" height="357" key="GridCell.Tab.0.right/0.0.1920.1200@0.0.1920.1200" timestamp="1701357436889" />
    <state width="1874" height="436" key="GridCell.Tab.1.bottom" timestamp="1701355546331">
      <screen x="0" y="0" width="1920" height="1200" />
    </state>
    <state width="1874" height="436" key="GridCell.Tab.1.bottom/0.0.1920.1200@0.0.1920.1200" timestamp="1701355546331" />
    <state width="1874" height="436" key="GridCell.Tab.1.center" timestamp="1701355546331">
      <screen x="0" y="0" width="1920" height="1200" />
    </state>
    <state width="1874" height="436" key="GridCell.Tab.1.center/0.0.1920.1200@0.0.1920.1200" timestamp="1701355546331" />
    <state width="1874" height="436" key="GridCell.Tab.1.left" timestamp="1701355546331">
      <screen x="0" y="0" width="1920" height="1200" />
    </state>
    <state width="1874" height="436" key="GridCell.Tab.1.left/0.0.1920.1200@0.0.1920.1200" timestamp="1701355546331" />
    <state width="1874" height="436" key="GridCell.Tab.1.right" timestamp="1701355546331">
      <screen x="0" y="0" width="1920" height="1200" />
    </state>
    <state width="1874" height="436" key="GridCell.Tab.1.right/0.0.1920.1200@0.0.1920.1200" timestamp="1701355546331" />
    <state width="1874" height="436" key="GridCell.Tab.2.bottom" timestamp="1701355546331">
      <screen x="0" y="0" width="1920" height="1200" />
    </state>
    <state width="1874" height="436" key="GridCell.Tab.2.bottom/0.0.1920.1200@0.0.1920.1200" timestamp="1701355546331" />
    <state width="1874" height="436" key="GridCell.Tab.2.center" timestamp="1701355546331">
      <screen x="0" y="0" width="1920" height="1200" />
    </state>
    <state width="1874" height="436" key="GridCell.Tab.2.center/0.0.1920.1200@0.0.1920.1200" timestamp="1701355546331" />
    <state width="1874" height="436" key="GridCell.Tab.2.left" timestamp="1701355546331">
      <screen x="0" y="0" width="1920" height="1200" />
    </state>
    <state width="1874" height="436" key="GridCell.Tab.2.left/0.0.1920.1200@0.0.1920.1200" timestamp="1701355546331" />
    <state width="1874" height="436" key="GridCell.Tab.2.right" timestamp="1701355546331">
      <screen x="0" y="0" width="1920" height="1200" />
    </state>
    <state width="1874" height="436" key="GridCell.Tab.2.right/0.0.1920.1200@0.0.1920.1200" timestamp="1701355546331" />
    <state width="1874" height="436" key="GridCell.Tab.3.bottom" timestamp="1701355546331">
      <screen x="0" y="0" width="1920" height="1200" />
    </state>
    <state width="1874" height="436" key="GridCell.Tab.3.bottom/0.0.1920.1200@0.0.1920.1200" timestamp="1701355546331" />
    <state width="1874" height="436" key="GridCell.Tab.3.center" timestamp="1701355546331">
      <screen x="0" y="0" width="1920" height="1200" />
    </state>
    <state width="1874" height="436" key="GridCell.Tab.3.center/0.0.1920.1200@0.0.1920.1200" timestamp="1701355546331" />
    <state width="1874" height="436" key="GridCell.Tab.3.left" timestamp="1701355546331">
      <screen x="0" y="0" width="1920" height="1200" />
    </state>
    <state width="1874" height="436" key="GridCell.Tab.3.left/0.0.1920.1200@0.0.1920.1200" timestamp="1701355546331" />
    <state width="1874" height="436" key="GridCell.Tab.3.right" timestamp="1701355546331">
      <screen x="0" y="0" width="1920" height="1200" />
    </state>
    <state width="1874" height="436" key="GridCell.Tab.3.right/0.0.1920.1200@0.0.1920.1200" timestamp="1701355546331" />
    <state width="1874" height="436" key="GridCell.Tab.4.bottom" timestamp="1701355546331">
      <screen x="0" y="0" width="1920" height="1200" />
    </state>
    <state width="1874" height="436" key="GridCell.Tab.4.bottom/0.0.1920.1200@0.0.1920.1200" timestamp="1701355546331" />
    <state width="1874" height="436" key="GridCell.Tab.4.center" timestamp="1701355546331">
      <screen x="0" y="0" width="1920" height="1200" />
    </state>
    <state width="1874" height="436" key="GridCell.Tab.4.center/0.0.1920.1200@0.0.1920.1200" timestamp="1701355546331" />
    <state width="1874" height="436" key="GridCell.Tab.4.left" timestamp="1701355546331">
      <screen x="0" y="0" width="1920" height="1200" />
    </state>
    <state width="1874" height="436" key="GridCell.Tab.4.left/0.0.1920.1200@0.0.1920.1200" timestamp="1701355546331" />
    <state width="1874" height="436" key="GridCell.Tab.4.right" timestamp="1701355546331">
      <screen x="0" y="0" width="1920" height="1200" />
    </state>
    <state width="1874" height="436" key="GridCell.Tab.4.right/0.0.1920.1200@0.0.1920.1200" timestamp="1701355546331" />
    <state x="555" y="325" width="804" height="520" key="Rider.ProjectTemplateDialog.Size" timestamp="1701267228109">
      <screen x="0" y="0" width="1920" height="1200" />
    </state>
    <state x="555" y="325" width="804" height="520" key="Rider.ProjectTemplateDialog.Size/0.0.1920.1200@0.0.1920.1200" timestamp="1701267228109" />
  </component>
  <component name="editorHistoryManager">
    <entry file="file://$PROJECT_DIR$/Tests/UnitTest1.cs">
      <provider selected="true" editor-type-id="text-editor">
        <state>
          <folding>
            <marker date="1701267228000" expanded="true" signature="77:89" ph="{...}" />
          </folding>
        </state>
      </provider>
    </entry>
    <entry file="file:///afs/cri.epita.fr/user/a/al/alexandre2.meunier/u/epita-prepa-acdc-PROG-102-P-02-2028-alexandre2.meunier/SmurfFestival/Fundamentals/HandyScrews.cs">
      <provider selected="true" editor-type-id="text-editor">
        <state relative-caret-position="460">
          <caret line="47" selection-start-line="47" selection-end-line="47" />
          <folding>
            <marker date="1701268924000" expanded="true" signature="169:562" ph="{...}" />
            <marker date="1701268924000" expanded="true" signature="339:520" ph="{...}" />
            <marker date="1701268924000" expanded="true" signature="374:427" ph="{...}" />
            <marker date="1701268924000" expanded="true" signature="457:510" ph="{...}" />
            <marker date="1701268924000" expanded="true" signature="629:921" ph="{...}" />
            <marker date="1701268924000" expanded="true" signature="735:893" ph="{...}" />
            <marker date="1701268924000" expanded="true" signature="786:849" ph="{...}" />
          </folding>
        </state>
      </provider>
    </entry>
    <entry file="file:///afs/cri.epita.fr/user/a/al/alexandre2.meunier/u/epita-prepa-acdc-PROG-102-P-02-2028-alexandre2.meunier/SmurfFestival/Fundamentals/Encryptions.cs">
      <provider selected="true" editor-type-id="text-editor">
        <state relative-caret-position="263">
          <caret line="74" column="50" lean-forward="true" selection-start-line="74" selection-start-column="50" selection-end-line="74" selection-end-column="50" />
          <folding>
            <marker date="1701353320000" expanded="true" signature="63:2607" ph="{...}" />
            <marker date="1701353320000" expanded="true" signature="118:735" ph="{...}" />
            <marker date="1701353320000" expanded="true" signature="201:663" ph="{...}" />
            <marker date="1701353320000" expanded="true" signature="261:320" ph="{...}" />
            <marker date="1701353320000" expanded="true" signature="337:653" ph="{...}" />
            <marker date="1701353320000" expanded="true" signature="569:639" ph="{...}" />
            <marker date="1701353320000" expanded="true" signature="833:1294" ph="{...}" />
            <marker date="1701353320000" expanded="true" signature="980:1074" ph="{...}" />
            <marker date="1701353320000" expanded="true" signature="1092:1160" ph="/* loop stopped ... */" />
            <marker date="1701353320000" expanded="true" signature="1343:2605" ph="{...}" />
            <marker date="1701353320000" expanded="true" signature="1596:2565" ph="{...}" />
            <marker date="1701353320000" expanded="true" signature="1667:1755" ph="{...}" />
            <marker date="1701353320000" expanded="true" signature="1787:1818" ph="{...}" />
            <marker date="1701353320000" expanded="true" signature="2175:2433" ph="{...}" />
            <marker date="1701353320000" expanded="true" signature="2341:2419" ph="{...}" />
            <marker date="1701353320000" expanded="true" signature="2451:2509" ph="{...}" />
          </folding>
        </state>
      </provider>
    </entry>
    <entry file="file://$PROJECT_DIR$/SmurfFestival/Program.cs">
      <provider selected="true" editor-type-id="text-editor">
        <state relative-caret-position="250">
          <caret line="25" selection-start-line="24" selection-end-line="25" />
          <folding>
            <marker date="1701365756000" expanded="true" signature="0:834" ph="/*..." />
            <marker date="1701365756000" expanded="true" signature="1196:1224" ph="{...}" />
            <marker date="1701365756000" expanded="true" signature="1227:1526" ph="/* List&lt;int&gt; c1 = new List&lt;int&gt; { 1,2,2 }; ... */" />
            <marker date="1701365756000" expanded="true" signature="1528:2665" ph="/* List&lt;int&gt; d1 = new List&lt;int&gt; { 2, 1, 2 }; ... */" />
            <marker date="1701365756000" expanded="true" signature="2667:3025" ph="/* List&lt;int&gt; e1 = new List&lt;int&gt; { 5, 1, 2, 1, 2, 3, 4, 5 }; ... */" />
            <marker date="1701365756000" expanded="true" signature="3027:3666" ph="/* int[] f1 = new int[] { 4, 6, 3, 2, 8, 1 }; ... */" />
            <marker date="1701365756000" expanded="true" signature="3669:4445" ph="/* bool g1 = SmurfFestival.Fundamentals.Encryptions.AreValidParentheses(&quot;()&quot;); // g1 = true ... */" />
            <marker date="1701365756000" expanded="true" signature="4447:4984" ph="/* (int, int) h1 = SmurfFestival.Fundamentals.Encryptions.GetRepetitionNumber(&quot;12[]&quot;, 0); // h1 = (12, 2) ... */" />
            <marker date="1701365756000" expanded="true" signature="4986:5939" ph="/* string i1 = SmurfFestival.Fundamentals.Encryptions.DecodeString(&quot;3[a]&quot;); // i1 = &quot;aaa&quot; ... */" />
            <marker date="1701365756000" expanded="true" signature="5941:6532" ph="/* List&lt;int&gt; j1 = new List&lt;int&gt; { 1, 2, 3, 4, 5 }; ... */" />
            <marker date="1701365756000" expanded="true" signature="6534:7220" ph="/* List&lt;int&gt; k1 = new List&lt;int&gt; { 5, 3, 1, 2, 4 }; ... */" />
            <marker date="1701365756000" expanded="true" signature="7222:7722" ph="/* List&lt;int&gt; l1 = new List&lt;int&gt; { 5, 3, 1, 2, 4 }; ... */" />
            <marker date="1701365756000" expanded="true" signature="7724:8418" ph="/* List&lt;int&gt; m1 = new List&lt;int&gt; { 5, 10, -5 }; ... */" />
          </folding>
        </state>
      </provider>
    </entry>
    <entry file="file://$PROJECT_DIR$/SmurfFestival/Proficiencies/TaskBalancing.cs">
      <provider selected="true" editor-type-id="text-editor">
        <state relative-caret-position="242">
          <caret line="11" column="41" selection-start-line="11" selection-start-column="41" selection-end-line="11" selection-end-column="41" />
          <folding>
            <marker date="1701363859000" expanded="true" signature="66:410" ph="{...}" />
            <marker date="1701363859000" expanded="true" signature="172:243" ph="{...}" />
            <marker date="1701363859000" expanded="true" signature="352:406" ph="{...}" />
          </folding>
        </state>
      </provider>
    </entry>
    <entry file="file://$PROJECT_DIR$/SmurfFestival/Proficiencies/Toolkit.cs">
      <provider selected="true" editor-type-id="text-editor">
        <state relative-caret-position="352">
          <caret line="16" column="16" selection-start-line="16" selection-start-column="16" selection-end-line="16" selection-end-column="16" />
          <folding>
            <marker date="1701363787000" expanded="true" signature="60:510" ph="{...}" />
            <marker date="1701363787000" expanded="true" signature="154:231" ph="{...}" />
            <marker date="1701363787000" expanded="true" signature="342:370" ph="{...}" />
            <marker date="1701363787000" expanded="true" signature="469:500" ph="{...}" />
          </folding>
        </state>
      </provider>
    </entry>
    <entry file="file://$PROJECT_DIR$/SmurfFestival/Proficiencies/VIP.cs">
      <provider selected="true" editor-type-id="text-editor">
        <state relative-caret-position="132">
          <caret line="6" column="31" selection-start-line="6" selection-start-column="31" selection-end-line="6" selection-end-column="31" />
          <folding>
            <marker date="1701363903000" expanded="true" signature="56:177" ph="{...}" />
            <marker date="1701363903000" expanded="true" signature="130:174" ph="{...}" />
          </folding>
        </state>
      </provider>
    </entry>
    <entry file="file://$PROJECT_DIR$/SmurfFestival/Enhancements/Calculus.cs">
      <provider selected="true" editor-type-id="text-editor">
        <state relative-caret-position="330">
          <caret line="12" column="17" selection-start-line="12" selection-start-column="17" selection-end-line="12" selection-end-column="17" />
          <folding>
            <marker date="1701363507000" expanded="true" signature="60:268" ph="{...}" />
            <marker date="1701363507000" expanded="true" signature="121:170" ph="{...}" />
            <marker date="1701363507000" expanded="true" signature="234:264" ph="{...}" />
          </folding>
        </state>
      </provider>
    </entry>
    <entry file="file://$PROJECT_DIR$/SmurfFestival/Fundamentals/Management.cs">
      <provider selected="true" editor-type-id="text-editor">
        <state relative-caret-position="440">
          <caret line="18" column="9" lean-forward="true" selection-start-line="18" selection-start-column="9" selection-end-line="18" selection-end-column="9" />
          <folding>
            <marker date="1701275226000" expanded="true" signature="62:599" ph="{...}" />
            <marker date="1701275226000" expanded="true" signature="120:596" ph="{...}" />
            <marker date="1701275226000" expanded="true" signature="276:475" ph="{...}" />
            <marker date="1701275226000" expanded="true" signature="360:438" ph="{...}" />
            <marker date="1701275226000" expanded="true" signature="508:566" ph="{...}" />
          </folding>
        </state>
      </provider>
    </entry>
    <entry file="file://$PROJECT_DIR$/SmurfFestival/Fundamentals/HandyScrews.cs">
      <provider selected="true" editor-type-id="text-editor">
        <state relative-caret-position="685">
          <caret line="54" column="38" selection-start-line="54" selection-start-column="33" selection-end-line="54" selection-end-column="38" />
          <folding>
            <marker date="1701268924000" expanded="true" signature="103:1826" ph="{...}" />
            <marker date="1701268924000" expanded="true" signature="169:562" ph="{...}" />
            <marker date="1701268924000" expanded="true" signature="339:520" ph="{...}" />
            <marker date="1701268924000" expanded="true" signature="374:427" ph="{...}" />
            <marker date="1701268924000" expanded="true" signature="457:510" ph="{...}" />
            <marker date="1701268924000" expanded="true" signature="629:921" ph="{...}" />
            <marker date="1701268924000" expanded="true" signature="735:893" ph="{...}" />
            <marker date="1701268924000" expanded="true" signature="786:849" ph="{...}" />
            <marker date="1701268924000" expanded="true" signature="977:1488" ph="{...}" />
            <marker date="1701268924000" expanded="true" signature="1252:1313" ph="{...}" />
            <marker date="1701268924000" expanded="true" signature="1359:1458" ph="{...}" />
            <marker date="1701268924000" expanded="true" signature="1544:1822" ph="{...}" />
            <marker date="1701268924000" expanded="true" signature="1680:1792" ph="{...}" />
            <marker date="1701268924000" expanded="true" signature="1723:1782" ph="{...}" />
          </folding>
        </state>
      </provider>
    </entry>
    <entry file="file://$PROJECT_DIR$/SmurfFestival/Fundamentals/Encryptions.cs">
      <provider selected="true" editor-type-id="text-editor">
        <state relative-caret-position="-891">
          <caret line="27" selection-start-line="27" selection-end-line="27" />
          <folding>
            <marker date="1701366275000" expanded="true" signature="63:2592" ph="{...}" />
            <marker date="1701366275000" expanded="true" signature="118:720" ph="{...}" />
            <marker date="1701366275000" expanded="true" signature="282:692" ph="{...}" />
            <marker date="1701366275000" expanded="true" signature="342:401" ph="{...}" />
            <marker date="1701366275000" expanded="true" signature="418:682" ph="{...}" />
            <marker date="1701366275000" expanded="true" signature="598:668" ph="{...}" />
            <marker date="1701366275000" expanded="true" signature="818:1279" ph="{...}" />
            <marker date="1701366275000" expanded="true" signature="965:1059" ph="{...}" />
            <marker date="1701366275000" expanded="true" signature="1077:1145" ph="/* loop stopped ... */" />
            <marker date="1701366275000" expanded="true" signature="1328:2590" ph="{...}" />
            <marker date="1701366275000" expanded="true" signature="1581:2550" ph="{...}" />
            <marker date="1701366275000" expanded="true" signature="1652:1740" ph="{...}" />
            <marker date="1701366275000" expanded="true" signature="1772:2169" ph="{...}" />
            <marker date="1701366275000" expanded="true" signature="1909:2015" ph="{...}" />
            <marker date="1701366275000" expanded="true" signature="2201:2463" ph="{...}" />
            <marker date="1701366275000" expanded="true" signature="2371:2449" ph="{...}" />
            <marker date="1701366275000" expanded="true" signature="2481:2539" ph="{...}" />
          </folding>
        </state>
      </provider>
    </entry>
    <entry file="file://$PROJECT_DIR$/SmurfFestival/Fundamentals/Warmup.cs">
      <provider selected="true" editor-type-id="text-editor">
        <state relative-caret-position="656">
          <caret line="29" column="9" selection-start-line="29" selection-start-column="9" selection-end-line="29" selection-end-column="9" />
          <folding>
            <marker date="1701366275000" expanded="true" signature="58:703" ph="{...}" />
            <marker date="1701366275000" expanded="true" signature="135:433" ph="{...}" />
            <marker date="1701366275000" expanded="true" signature="247:405" ph="{...}" />
            <marker date="1701366275000" expanded="true" signature="298:361" ph="{...}" />
            <marker date="1701366275000" expanded="true" signature="489:696" ph="{...}" />
            <marker date="1701366275000" expanded="true" signature="523:681" ph="{...}" />
          </folding>
        </state>
      </provider>
    </entry>
    <entry file="file://$PROJECT_DIR$/SmurfFestival/Enhancements/Wagons.cs">
      <provider selected="true" editor-type-id="text-editor">
        <state relative-caret-position="-12">
          <caret line="19" column="29" selection-start-line="19" selection-start-column="29" selection-end-line="19" selection-end-column="29" />
          <folding>
            <marker date="1701357400000" expanded="true" signature="58:1087" ph="{...}" />
            <marker date="1701357400000" expanded="true" signature="123:1084" ph="{...}" />
            <marker date="1701357400000" expanded="true" signature="222:899" ph="{...}" />
            <marker date="1701357400000" expanded="true" signature="259:322" ph="{...}" />
            <marker date="1701357400000" expanded="true" signature="340:889" ph="{...}" />
            <marker date="1701357400000" expanded="true" signature="393:459" ph="{...}" />
            <marker date="1701357400000" expanded="true" signature="534:603" ph="{...}" />
            <marker date="1701357400000" expanded="true" signature="662:747" ph="{...}" />
            <marker date="1701357400000" expanded="true" signature="806:875" ph="{...}" />
            <marker date="1701357400000" expanded="true" signature="990:1050" ph="{...}" />
          </folding>
        </state>
      </provider>
    </entry>
    <entry file="file://$PROJECT_DIR$/SmurfFestival/Enhancements/MagicStone.cs">
      <provider selected="true" editor-type-id="text-editor">
        <state relative-caret-position="495">
          <caret line="34" column="28" selection-start-line="34" selection-start-column="23" selection-end-line="34" selection-end-column="28" />
          <folding>
            <marker date="1701420047000" expanded="true" signature="62:1304" ph="{...}" />
            <marker date="1701420047000" expanded="true" signature="128:348" ph="{...}" />
            <marker date="1701420047000" expanded="true" signature="417:714" ph="{...}" />
            <marker date="1701420047000" expanded="true" signature="536:651" ph="{...}" />
            <marker date="1701420047000" expanded="true" signature="571:641" ph="{...}" />
            <marker date="1701420047000" expanded="true" signature="772:1299" ph="{...}" />
            <marker date="1701420047000" expanded="true" signature="953:1293" ph="{...}" />
            <marker date="1701420047000" expanded="true" signature="1092:1173" ph="{...}" />
            <marker date="1701420047000" expanded="true" signature="1202:1283" ph="{...}" />
          </folding>
        </state>
      </provider>
    </entry>
  </component>
</project>