<project version="4">
  <component name="BookmarksManager">
    <option name="groups">
      <GroupState>
        <option name="name" value="PartySmurf" />
      </GroupState>
    </option>
  </component>
  <component name="BranchesTreeState">
    <expand>
      <path>
        <item name="ROOT" type="e8cecc67:BranchNodeDescriptor" />
        <item name="LOCAL_ROOT" type="e8cecc67:BranchNodeDescriptor" />
      </path>
    </expand>
    <select />
  </component>
  <component name="FileEditorManager">
    <leaf SIDE_TABS_SIZE_LIMIT_KEY="-1">
      <file current-in-tab="false">
        <entry file="file://$PROJECT_DIR$/PartySmurf/Program.cs">
          <provider selected="true" editor-type-id="text-editor">
            <state relative-caret-position="371">
              <caret line="318" column="54" selection-start-line="318" selection-start-column="54" selection-end-line="318" selection-end-column="54" />
              <folding>
                <marker date="1700666842000" expanded="true" signature="14:593" ph="/* string[] createBungalow = PartySmurf.Bungalow.CreateBungalow(&quot;brainy smurf&quot;, &quot;hefty smurf&quot;, &quot;clumsy smurf&quot;, &quot;j ... */" />
                <marker date="1700666842000" expanded="true" signature="595:1249" ph="/* string[] bungalow = PartySmurf.Bungalow.CreateBungalow(&quot;brainy smurf&quot;, &quot;hefty smurf&quot;, &quot;clumsy smurf&quot;, &quot;jokey s ... */" />
                <marker date="1700666842000" expanded="true" signature="1251:1452" ph="/* char[] str = { 'y', 's', 'm', 'u', 'l', 'c' }; ... */" />
                <marker date="1700666842000" expanded="true" signature="1454:1808" ph="/* string[] register = new[] {&quot;Dopey&quot;, &quot;Hefty&quot;, &quot;Dopey&quot;, &quot;Dobby&quot;, &quot;Vanity&quot;, &quot;Dopey&quot;}; ... */" />
                <marker date="1700666842000" expanded="true" signature="1810:2011" ph="/* int[] keys = { 9, 7, 5, 4, 2, 8, 2, 1, 3 }; ... */" />
                <marker date="1700666842000" expanded="true" signature="2013:2337" ph="/* int[,] countLocker = new int[,] { { 1, 4, 5, 4 }, { 8, 5, 4, 3 }, { 1, 4, 6, 3 }, { 7, 8, 5, 6 }, { 1, 1, 1, 1 ... */" />
                <marker date="1700666842000" expanded="true" signature="2339:2782" ph="/* int[,] findLocker1 = new int[,] { ... */" />
                <marker date="1700666842000" expanded="true" signature="2784:3302" ph="/* int[,] straightLocker = new int[,] { { 1, 2, 3 }, { 4, 5, 6 } }; ... */" />
                <marker date="1700666842000" expanded="true" signature="3304:3663" ph="/* int[][] jaggedLocker = new int[5][]; ... */" />
                <marker date="1700666842000" expanded="true" signature="3665:4278" ph="/* int[][] secondLargestLocker = new int[5][]; ... */" />
                <marker date="1700666842000" expanded="true" signature="4280:4627" ph="/* int[][] pasc = PartySmurf.Matrix.Pascal(6); ... */" />
                <marker date="1700666842000" expanded="true" signature="4629:5282" ph="/* int[] bagsArray = { 1, 16, 15, 11, 7, 9, 6, 6, 3, 10 }; ... */" />
                <marker date="1700666842000" expanded="true" signature="5284:6117" ph="/* int[] binarySearchArray = { 1, 3, 5, 8, 12, 42 }; ... */" />
                <marker date="1700666842000" expanded="true" signature="6119:6771" ph="/* string compressed1 = PartySmurf.PackingBags.Compress(&quot;abc&quot;);                           // compressed1 == &quot;1a1b ... */" />
                <marker date="1700666842000" expanded="true" signature="6773:7442" ph="/* string uncomp1 = PartySmurf.PackingBags.Uncompress(&quot;1a1b1c&quot;);                     // uncomp1 == &quot;abc&quot; ... */" />
                <marker date="1700666842000" expanded="true" signature="7444:7829" ph="/* int[] example = { 0, 1, 2, 3, 4, 5, 6, 7, 8, 9 }; ... */" />
                <marker date="1700666842000" expanded="true" signature="7831:8274" ph="/* int[,] m1 = { {1, 2, 3}, ... */" />
                <marker date="1700666842000" expanded="true" signature="8276:9118" ph="/* string[][] bags = new string[4][]; ... */" />
                <marker date="1700666842000" expanded="true" signature="9137:9432" ph="{...}" />
                <marker date="1700666842000" expanded="true" signature="9435:9874" ph="/* bool inlineA = PartySmurf.HelpBrainy.InLine(sudoku, 3, 5);   // inlineA == false ... */" />
                <marker date="1700666842000" expanded="true" signature="9876:10300" ph="/* bool incolA = PartySmurf.HelpBrainy.InCol(sudoku, 2, 9);   // incolA == true ... */" />
              </folding>
            </state>
          </provider>
        </entry>
      </file>
      <file>
        <entry file="file://$PROJECT_DIR$/PartySmurf/HelpBrainy.cs">
          <provider selected="true" editor-type-id="text-editor">
            <state relative-caret-position="491">
              <caret line="65" column="20" selection-start-line="65" selection-start-column="20" selection-end-line="65" selection-end-column="20" />
              <folding>
                <marker date="1700666970000" expanded="true" signature="46:1438" ph="{...}" />
                <marker date="1700666970000" expanded="true" signature="112:317" ph="{...}" />
                <marker date="1700666970000" expanded="true" signature="204:283" ph="{...}" />
                <marker date="1700666970000" expanded="true" signature="380:584" ph="{...}" />
                <marker date="1700666970000" expanded="true" signature="472:550" ph="{...}" />
                <marker date="1700666970000" expanded="true" signature="647:1354" ph="{...}" />
                <marker date="1700666970000" expanded="true" signature="732:781" ph="{...}" />
                <marker date="1700666970000" expanded="true" signature="812:891" ph="{...}" />
                <marker date="1700666970000" expanded="true" signature="904:983" ph="{...}" />
                <marker date="1700666970000" expanded="true" signature="1073:1319" ph="{...}" />
                <marker date="1700666970000" expanded="true" signature="1141:1276" ph="{...}" />
                <marker date="1700666970000" expanded="true" signature="1398:1432" ph="{...}" />
              </folding>
            </state>
          </provider>
        </entry>
      </file>
      <file current-in-tab="false">
        <entry file="file://$PROJECT_DIR$/PartySmurf/PackingBags.cs">
          <provider selected="true" editor-type-id="text-editor">
            <state relative-caret-position="201">
              <caret line="233" column="16" selection-start-line="233" selection-start-column="16" selection-end-line="233" selection-end-column="16" />
              <folding>
                <marker date="1700664526000" expanded="true" signature="47:6200" ph="{...}" />
                <marker date="1700664526000" expanded="true" signature="93:245" ph="{...}" />
                <marker date="1700664526000" expanded="true" signature="146:210" ph="{...}" />
                <marker date="1700664526000" expanded="true" signature="308:1132" ph="{...}" />
                <marker date="1700664526000" expanded="true" signature="485:746" ph="{...}" />
                <marker date="1700664526000" expanded="true" signature="653:736" ph="{...}" />
                <marker date="1700664526000" expanded="true" signature="872:1101" ph="{...}" />
                <marker date="1700664526000" expanded="true" signature="971:1091" ph="{...}" />
                <marker date="1700664526000" expanded="true" signature="1187:1774" ph="{...}" />
                <marker date="1700664526000" expanded="true" signature="1354:1744" ph="{...}" />
                <marker date="1700664526000" expanded="true" signature="1455:1543" ph="{...}" />
                <marker date="1700664526000" expanded="true" signature="1578:1662" ph="{...}" />
                <marker date="1700664526000" expanded="true" signature="1679:1733" ph="{...}" />
                <marker date="1700664526000" expanded="true" signature="1874:2692" ph="{...}" />
                <marker date="1700664526000" expanded="true" signature="2133:2506" ph="{...}" />
                <marker date="1700664526000" expanded="true" signature="2184:2474" ph="{...}" />
                <marker date="1700664526000" expanded="true" signature="2232:2342" ph="{...}" />
                <marker date="1700664526000" expanded="true" signature="2533:2611" ph="{...}" />
                <marker date="1700664526000" expanded="true" signature="2748:3013" ph="{...}" />
                <marker date="1700664526000" expanded="true" signature="2810:3007" ph="{...}" />
                <marker date="1700664526000" expanded="true" signature="3069:3708" ph="{...}" />
                <marker date="1700664526000" expanded="true" signature="3353:3678" ph="{...}" />
                <marker date="1700664526000" expanded="true" signature="3599:3668" ph="{...}" />
                <marker date="1700664526000" expanded="true" signature="3779:4270" ph="{...}" />
                <marker date="1700664526000" expanded="true" signature="4007:4231" ph="{...}" />
                <marker date="1700664526000" expanded="true" signature="4062:4221" ph="{...}" />
                <marker date="1700664526000" expanded="true" signature="4342:4924" ph="{...}" />
                <marker date="1700664526000" expanded="true" signature="4577:4895" ph="{...}" />
                <marker date="1700664526000" expanded="true" signature="4644:4885" ph="{...}" />
                <marker date="1700664526000" expanded="true" signature="4747:4835" ph="{...}" />
                <marker date="1700664526000" expanded="true" signature="4998:5379" ph="{...}" />
                <marker date="1700664526000" expanded="true" signature="5077:5350" ph="{...}" />
                <marker date="1700664526000" expanded="true" signature="5189:5295" ph="{...}" />
                <marker date="1700664526000" expanded="true" signature="5450:6194" ph="{...}" />
                <marker date="1700664526000" expanded="true" signature="5586:6162" ph="{...}" />
                <marker date="1700664526000" expanded="true" signature="5739:6152" ph="{...}" />
                <marker date="1700664526000" expanded="true" signature="5868:5972" ph="{...}" />
                <marker date="1700664526000" expanded="true" signature="6020:6137" ph="{...}" />
              </folding>
            </state>
          </provider>
        </entry>
      </file>
      <file current-in-tab="false">
        <entry file="file://$PROJECT_DIR$/PartySmurf/Matrix.cs">
          <provider selected="true" editor-type-id="text-editor">
            <state relative-caret-position="-2">
              <caret line="26" column="32" selection-start-line="26" selection-start-column="29" selection-end-line="26" selection-end-column="32" />
              <folding>
                <marker date="1700647362000" expanded="true" signature="42:3056" ph="{...}" />
                <marker date="1700647362000" expanded="true" signature="102:255" ph="{...}" />
                <marker date="1700647362000" expanded="true" signature="168:225" ph="{...}" />
                <marker date="1700647362000" expanded="true" signature="316:834" ph="{...}" />
                <marker date="1700647362000" expanded="true" signature="509:805" ph="{...}" />
                <marker date="1700647362000" expanded="true" signature="578:795" ph="{...}" />
                <marker date="1700647362000" expanded="true" signature="634:781" ph="{...}" />
                <marker date="1700647362000" expanded="true" signature="892:1221" ph="{...}" />
                <marker date="1700647362000" expanded="true" signature="1032:1187" ph="{...}" />
                <marker date="1700647362000" expanded="true" signature="1100:1177" ph="{...}" />
                <marker date="1700647362000" expanded="true" signature="1281:1547" ph="{...}" />
                <marker date="1700647362000" expanded="true" signature="1365:1518" ph="{...}" />
                <marker date="1700647362000" expanded="true" signature="1430:1508" ph="{...}" />
                <marker date="1700647362000" expanded="true" signature="1593:1881" ph="{...}" />
                <marker date="1700647362000" expanded="true" signature="1673:1854" ph="{...}" />
                <marker date="1700647362000" expanded="true" signature="1736:1844" ph="{...}" />
                <marker date="1700647362000" expanded="true" signature="1934:2497" ph="{...}" />
                <marker date="1700647362000" expanded="true" signature="2064:2373" ph="{...}" />
                <marker date="1700647362000" expanded="true" signature="2234:2363" ph="{...}" />
                <marker date="1700647362000" expanded="true" signature="2539:3050" ph="{...}" />
                <marker date="1700647362000" expanded="true" signature="2621:3020" ph="{...}" />
                <marker date="1700647362000" expanded="true" signature="2716:3010" ph="{...}" />
                <marker date="1700647362000" expanded="true" signature="2768:2863" ph="{...}" />
                <marker date="1700647362000" expanded="true" signature="2884:2996" ph="{...}" />
              </folding>
            </state>
          </provider>
        </entry>
      </file>
      <file current-in-tab="false">
        <entry file="file://$PROJECT_DIR$/PartySmurf/Bungalow.cs">
          <provider selected="true" editor-type-id="text-editor">
            <state relative-caret-position="4">
              <caret line="72" selection-start-line="72" selection-end-line="72" />
              <folding>
                <marker date="1700590000000" expanded="true" signature="44:1811" ph="{...}" />
                <marker date="1700590000000" expanded="true" signature="148:245" ph="{...}" />
                <marker date="1700590000000" expanded="true" signature="336:575" ph="{...}" />
                <marker date="1700590000000" expanded="true" signature="620:902" ph="{...}" />
                <marker date="1700590000000" expanded="true" signature="738:793" ph="{...}" />
                <marker date="1700590000000" expanded="true" signature="840:895" ph="{...}" />
                <marker date="1700590000000" expanded="true" signature="973:1442" ph="{...}" />
                <marker date="1700590000000" expanded="true" signature="1052:1164" ph="{...}" />
                <marker date="1700590000000" expanded="true" signature="1100:1153" ph="{...}" />
                <marker date="1700590000000" expanded="true" signature="1265:1408" ph="{...}" />
                <marker date="1700590000000" expanded="true" signature="1313:1397" ph="{...}" />
                <marker date="1700590000000" expanded="true" signature="1489:1802" ph="{...}" />
                <marker date="1700590000000" expanded="true" signature="1541:1796" ph="{...}" />
                <marker date="1700590000000" expanded="true" signature="1609:1786" ph="{...}" />
                <marker date="1700590000000" expanded="true" signature="1666:1771" ph="{...}" />
              </folding>
            </state>
          </provider>
        </entry>
      </file>
      <file current-in-tab="false">
        <entry file="file://$PROJECT_DIR$/Tests/UnitTest1.cs">
          <provider selected="true" editor-type-id="text-editor">
            <state>
              <folding>
                <marker date="1700585042000" expanded="true" signature="40:91" ph="{...}" />
                <marker date="1700585042000" expanded="true" signature="77:89" ph="{...}" />
              </folding>
            </state>
          </provider>
        </entry>
      </file>
    </leaf>
  </component>
  <component name="FileTypeUsageLocalSummary">
    <fileType name="C#">
      <summary usageCount="27" lastUsed="1700664652176" />
    </fileType>
  </component>
  <component name="FindInProjectRecents">
    <findStrings>
      <find>mm</find>
    </findStrings>
  </component>
  <component name="IdeDocumentHistory">
    <changedPaths>
      <option value="$PROJECT_DIR$/Tests/UnitTest1.cs" />
      <option value="$PROJECT_DIR$/PartySmurf/Bungalow.cs" />
      <option value="/afs/cri.epita.fr/user/a/al/alexandre2.meunier/u/epita-prepa-acdc-PROG-102-P-01-2028-alexandre2.meunier/PartySmurf/Matrix.cs" />
      <option value="$PROJECT_DIR$/PartySmurf/Matrix.cs" />
      <option value="$PROJECT_DIR$/PartySmurf/PackingBags.cs" />
      <option value="$PROJECT_DIR$/PartySmurf/Program.cs" />
      <option value="$PROJECT_DIR$/PartySmurf/HelpBrainy.cs" />
    </changedPaths>
  </component>
  <component name="IgnoredFileRootStore">
    <option name="generatedRoots">
      <set>
        <option value="$PROJECT_DIR$/.idea/.idea.PartySmurf/.idea" />
      </set>
    </option>
  </component>
  <component name="LanguageUsageStatistics">
    <language id="C#">
      <summary usageCount="27" lastUsage="1700664652176" />
    </language>
  </component>
  <component name="ProjectView">
    <navigator currentView="SolutionExplorer" proportions="0.9" version="1" />
    <panes>
      <pane id="AssemblyExplorer" />
      <pane id="SolutionExplorer">
        <subPane>
          <expand>
            <path>
              <item name="Project" type="784c90a0:SolutionExplorerRootNode" />
              <item name="PartySmurf" type="24d0babc:SolutionExplorerModelNode" />
            </path>
            <path>
              <item name="Project" type="784c90a0:SolutionExplorerRootNode" />
              <item name="PartySmurf" type="24d0babc:SolutionExplorerModelNode" />
              <item name="PartySmurf" type="24d0babc:SolutionExplorerModelNode" />
            </path>
          </expand>
          <select>
            <path>
              <item name="Project" type="784c90a0:SolutionExplorerRootNode" />
              <item name="PartySmurf" type="24d0babc:SolutionExplorerModelNode" />
              <item name="PartySmurf" type="24d0babc:SolutionExplorerModelNode" />
              <item name="HelpBrainy.cs" type="24d0babc:SolutionExplorerModelNode" />
            </path>
          </select>
        </subPane>
        <option name="show-all-files" value="false" />
        <option name="show-project-imports" value="true" />
        <option name="autoscroll-all" value="false" />
        <option name="show-scratches" value="true" />
        <option name="search-dependencies" value="false" />
        <option name="show-unreal-project-files" value="true" />
      </pane>
      <pane id="FileSystemExplorer" />
    </panes>
  </component>
  <component name="RiderPerAppToolWindowOpenedTWKeeper">
    <option name="map">
      <map>
        <entry key="Bookmarks">
          <value>
            <window_info id="Bookmarks" side_tool="true" />
          </value>
        </entry>
        <entry key="Build">
          <value>
            <window_info anchor="bottom" id="Build" order="4" weight="0.3303187" />
          </value>
        </entry>
        <entry key="Commit">
          <value>
            <window_info id="Commit" />
          </value>
        </entry>
        <entry key="Database">
          <value>
            <window_info anchor="right" id="Database" order="0" />
          </value>
        </entry>
        <entry key="Database Changes">
          <value>
            <window_info anchor="bottom" id="Database Changes" show_stripe_button="false" />
          </value>
        </entry>
        <entry key="Debug">
          <value>
            <window_info anchor="bottom" id="Debug" order="3" weight="0.40009606" />
          </value>
        </entry>
        <entry key="Dynamic Program Analysis">
          <value>
            <window_info anchor="bottom" id="Dynamic Program Analysis" />
          </value>
        </entry>
        <entry key="Endpoints">
          <value>
            <window_info anchor="right" id="Endpoints" order="0" show_stripe_button="false" />
          </value>
        </entry>
        <entry key="File Transfer">
          <value>
            <window_info anchor="bottom" id="File Transfer" />
          </value>
        </entry>
        <entry key="Find">
          <value>
            <window_info anchor="bottom" id="Find" order="1" />
          </value>
        </entry>
        <entry key="IL Viewer">
          <value>
            <window_info anchor="right" id="IL Viewer" />
          </value>
        </entry>
        <entry key="Inspection">
          <value>
            <window_info anchor="bottom" id="Inspection" order="4" weight="0.4" />
          </value>
        </entry>
        <entry key="Notifications">
          <value>
            <window_info anchor="right" id="Notifications" order="0" weight="0.25" />
          </value>
        </entry>
        <entry key="NuGet">
          <value>
            <window_info anchor="bottom" id="NuGet" order="4" />
          </value>
        </entry>
        <entry key="Problems View">
          <value>
            <window_info anchor="bottom" id="Problems View" order="4" weight="0.3299712" />
          </value>
        </entry>
        <entry key="Project">
          <value>
            <window_info active="true" content_ui="combo" id="Project" order="0" visible="true" weight="0.12447807" />
          </value>
        </entry>
        <entry key="Pull Requests">
          <value>
            <window_info id="Pull Requests" />
          </value>
        </entry>
        <entry key="Run">
          <value>
            <window_info anchor="bottom" id="Run" order="2" visible="true" weight="0.33204132" />
          </value>
        </entry>
        <entry key="Services">
          <value>
            <window_info anchor="bottom" id="Services" order="4" show_stripe_button="false" />
          </value>
        </entry>
        <entry key="Space Code Reviews">
          <value>
            <window_info id="Space Code Reviews" />
          </value>
        </entry>
        <entry key="Structure">
          <value>
            <window_info id="Structure" order="0" side_tool="true" />
          </value>
        </entry>
        <entry key="TODO">
          <value>
            <window_info anchor="bottom" id="TODO" />
          </value>
        </entry>
        <entry key="Terminal">
          <value>
            <window_info anchor="bottom" id="Terminal" order="4" />
          </value>
        </entry>
        <entry key="TypeScript">
          <value>
            <window_info anchor="bottom" id="TypeScript" />
          </value>
        </entry>
        <entry key="Unit Tests">
          <value>
            <window_info anchor="bottom" id="Unit Tests" weight="0.3299712" />
          </value>
        </entry>
        <entry key="Unit Tests Coverage">
          <value>
            <window_info anchor="right" id="Unit Tests Coverage" />
          </value>
        </entry>
        <entry key="Version Control">
          <value>
            <window_info anchor="bottom" id="Version Control" order="0" weight="0.3299712" />
          </value>
        </entry>
        <entry key="documentation.v2">
          <value>
            <window_info anchor="right" id="documentation.v2" side_tool="true" />
          </value>
        </entry>
        <entry key="dotMemory Profiler">
          <value>
            <window_info anchor="bottom" id="dotMemory Profiler" />
          </value>
        </entry>
        <entry key="dotTrace Profiler">
          <value>
            <window_info anchor="bottom" id="dotTrace Profiler" />
          </value>
        </entry>
      </map>
    </option>
  </component>
  <component name="RunConfigurationStartHistory">
    <history>
      <element setting=".NET Project.PartySmurf" />
    </history>
  </component>
  <component name="RunToolbarSettings">
    <option name="slotOrder">
      <option value="5c37d175-8b6f-4af9-b1fb-64e66b39aa2e" />
    </option>
    <slots>
      <entry key="5c37d175-8b6f-4af9-b1fb-64e66b39aa2e" value=".NET Project.PartySmurf" />
    </slots>
  </component>
  <component name="TimeTrackingManager">
    <option name="totallyTimeSpent" value="21666000" />
  </component>
  <component name="TodoView">
    <todo-panel id="selected-file">
      <is-autoscroll-to-source value="true" />
    </todo-panel>
    <todo-panel id="all">
      <are-packages-shown value="true" />
      <is-autoscroll-to-source value="true" />
    </todo-panel>
  </component>
  <component name="ToolWindowManager">
    <editor active="true" />
    <layout>
      <window_info id="Space Code Reviews" />
      <window_info id="Bookmarks" side_tool="true" />
      <window_info id="Pull Requests" />
      <window_info id="Commit" />
      <window_info id="Structure" order="0" side_tool="true" />
      <window_info active="true" content_ui="combo" id="Project" order="0" visible="true" weight="0.12447807" />
      <window_info anchor="bottom" id="Database Changes" show_stripe_button="false" />
      <window_info anchor="bottom" id="TypeScript" />
      <window_info anchor="bottom" id="Dynamic Program Analysis" />
      <window_info anchor="bottom" id="TODO" />
      <window_info anchor="bottom" id="Unit Tests" weight="0.3299712" />
      <window_info anchor="bottom" id="dotTrace Profiler" />
      <window_info anchor="bottom" id="File Transfer" />
      <window_info anchor="bottom" id="dotMemory Profiler" />
      <window_info anchor="bottom" id="Version Control" order="0" weight="0.3299712" />
      <window_info anchor="bottom" id="Find" order="1" />
      <window_info anchor="bottom" id="Run" order="2" visible="true" weight="0.33204132" />
      <window_info anchor="bottom" id="Debug" order="3" weight="0.40009606" />
      <window_info anchor="bottom" id="Build" order="4" weight="0.3303187" />
      <window_info anchor="bottom" id="Inspection" order="4" weight="0.4" />
      <window_info anchor="bottom" id="Problems View" order="4" weight="0.3299712" />
      <window_info anchor="bottom" id="Terminal" order="4" />
      <window_info anchor="bottom" id="NuGet" order="4" />
      <window_info anchor="bottom" id="Services" order="4" show_stripe_button="false" />
      <window_info anchor="right" id="Unit Tests Coverage" />
      <window_info anchor="right" id="IL Viewer" />
      <window_info anchor="right" id="documentation.v2" side_tool="true" />
      <window_info anchor="right" id="Endpoints" order="0" show_stripe_button="false" />
      <window_info anchor="right" id="Database" order="0" />
      <window_info anchor="right" id="Notifications" order="0" weight="0.25" />
      <unified_weights bottom="0.33204132" left="0.12447807" />
    </layout>
    <recentWindows>
      <value>Run</value>
      <value>Build</value>
      <value>Project</value>
    </recentWindows>
  </component>
  <component name="WindowStateProjectService">
    <state x="621" y="329" key="FileChooserDialogImpl" timestamp="1700585038548">
      <screen x="0" y="0" width="1920" height="1200" />
    </state>
    <state x="621" y="329" key="FileChooserDialogImpl/0.0.1920.1200@0.0.1920.1200" timestamp="1700585038548" />
    <state width="1874" height="357" key="GridCell.Tab.0.bottom" timestamp="1700666852536">
      <screen x="0" y="0" width="1920" height="1200" />
    </state>
    <state width="1874" height="317" key="GridCell.Tab.0.bottom/0.0.1920.1080@0.0.1920.1080" timestamp="1700661733911" />
    <state width="1874" height="357" key="GridCell.Tab.0.bottom/0.0.1920.1200@0.0.1920.1200" timestamp="1700666852536" />
    <state width="1874" height="357" key="GridCell.Tab.0.center" timestamp="1700666852536">
      <screen x="0" y="0" width="1920" height="1200" />
    </state>
    <state width="1874" height="317" key="GridCell.Tab.0.center/0.0.1920.1080@0.0.1920.1080" timestamp="1700661733911" />
    <state width="1874" height="357" key="GridCell.Tab.0.center/0.0.1920.1200@0.0.1920.1200" timestamp="1700666852536" />
    <state width="1874" height="357" key="GridCell.Tab.0.left" timestamp="1700666852536">
      <screen x="0" y="0" width="1920" height="1200" />
    </state>
    <state width="1874" height="317" key="GridCell.Tab.0.left/0.0.1920.1080@0.0.1920.1080" timestamp="1700661733911" />
    <state width="1874" height="357" key="GridCell.Tab.0.left/0.0.1920.1200@0.0.1920.1200" timestamp="1700666852536" />
    <state width="1874" height="357" key="GridCell.Tab.0.right" timestamp="1700666852536">
      <screen x="0" y="0" width="1920" height="1200" />
    </state>
    <state width="1874" height="317" key="GridCell.Tab.0.right/0.0.1920.1080@0.0.1920.1080" timestamp="1700661733911" />
    <state width="1874" height="357" key="GridCell.Tab.0.right/0.0.1920.1200@0.0.1920.1200" timestamp="1700666852536" />
    <state x="555" y="325" width="804" height="520" key="Rider.ProjectTemplateDialog.Size" timestamp="1700585043158">
      <screen x="0" y="0" width="1920" height="1200" />
    </state>
    <state x="555" y="325" width="804" height="520" key="Rider.ProjectTemplateDialog.Size/0.0.1920.1200@0.0.1920.1200" timestamp="1700585043158" />
  </component>
  <component name="editorHistoryManager">
    <entry file="file:///afs/cri.epita.fr/user/a/al/alexandre2.meunier/u/epita-prepa-acdc-PROG-102-P-01-2028-alexandre2.meunier/PartySmurf/Matrix.cs">
      <provider selected="true" editor-type-id="text-editor">
        <state relative-caret-position="494">
          <caret line="48" column="9" lean-forward="true" selection-start-line="48" selection-start-column="9" selection-end-line="48" selection-end-column="9" />
          <folding>
            <marker date="1700590498000" expanded="true" signature="102:255" ph="{...}" />
            <marker date="1700590498000" expanded="true" signature="168:225" ph="{...}" />
          </folding>
        </state>
      </provider>
    </entry>
    <entry file="file://$PROJECT_DIR$/Tests/UnitTest1.cs">
      <provider selected="true" editor-type-id="text-editor">
        <state>
          <folding>
            <marker date="1700585042000" expanded="true" signature="40:91" ph="{...}" />
            <marker date="1700585042000" expanded="true" signature="77:89" ph="{...}" />
          </folding>
        </state>
      </provider>
    </entry>
    <entry file="file://$PROJECT_DIR$/PartySmurf/Matrix.cs">
      <provider selected="true" editor-type-id="text-editor">
        <state relative-caret-position="-2">
          <caret line="26" column="32" selection-start-line="26" selection-start-column="29" selection-end-line="26" selection-end-column="32" />
          <folding>
            <marker date="1700647362000" expanded="true" signature="42:3056" ph="{...}" />
            <marker date="1700647362000" expanded="true" signature="102:255" ph="{...}" />
            <marker date="1700647362000" expanded="true" signature="168:225" ph="{...}" />
            <marker date="1700647362000" expanded="true" signature="316:834" ph="{...}" />
            <marker date="1700647362000" expanded="true" signature="509:805" ph="{...}" />
            <marker date="1700647362000" expanded="true" signature="578:795" ph="{...}" />
            <marker date="1700647362000" expanded="true" signature="634:781" ph="{...}" />
            <marker date="1700647362000" expanded="true" signature="892:1221" ph="{...}" />
            <marker date="1700647362000" expanded="true" signature="1032:1187" ph="{...}" />
            <marker date="1700647362000" expanded="true" signature="1100:1177" ph="{...}" />
            <marker date="1700647362000" expanded="true" signature="1281:1547" ph="{...}" />
            <marker date="1700647362000" expanded="true" signature="1365:1518" ph="{...}" />
            <marker date="1700647362000" expanded="true" signature="1430:1508" ph="{...}" />
            <marker date="1700647362000" expanded="true" signature="1593:1881" ph="{...}" />
            <marker date="1700647362000" expanded="true" signature="1673:1854" ph="{...}" />
            <marker date="1700647362000" expanded="true" signature="1736:1844" ph="{...}" />
            <marker date="1700647362000" expanded="true" signature="1934:2497" ph="{...}" />
            <marker date="1700647362000" expanded="true" signature="2064:2373" ph="{...}" />
            <marker date="1700647362000" expanded="true" signature="2234:2363" ph="{...}" />
            <marker date="1700647362000" expanded="true" signature="2539:3050" ph="{...}" />
            <marker date="1700647362000" expanded="true" signature="2621:3020" ph="{...}" />
            <marker date="1700647362000" expanded="true" signature="2716:3010" ph="{...}" />
            <marker date="1700647362000" expanded="true" signature="2768:2863" ph="{...}" />
            <marker date="1700647362000" expanded="true" signature="2884:2996" ph="{...}" />
          </folding>
        </state>
      </provider>
    </entry>
    <entry file="file://$PROJECT_DIR$/PartySmurf/Bungalow.cs">
      <provider selected="true" editor-type-id="text-editor">
        <state relative-caret-position="4">
          <caret line="72" selection-start-line="72" selection-end-line="72" />
          <folding>
            <marker date="1700590000000" expanded="true" signature="44:1811" ph="{...}" />
            <marker date="1700590000000" expanded="true" signature="148:245" ph="{...}" />
            <marker date="1700590000000" expanded="true" signature="336:575" ph="{...}" />
            <marker date="1700590000000" expanded="true" signature="620:902" ph="{...}" />
            <marker date="1700590000000" expanded="true" signature="738:793" ph="{...}" />
            <marker date="1700590000000" expanded="true" signature="840:895" ph="{...}" />
            <marker date="1700590000000" expanded="true" signature="973:1442" ph="{...}" />
            <marker date="1700590000000" expanded="true" signature="1052:1164" ph="{...}" />
            <marker date="1700590000000" expanded="true" signature="1100:1153" ph="{...}" />
            <marker date="1700590000000" expanded="true" signature="1265:1408" ph="{...}" />
            <marker date="1700590000000" expanded="true" signature="1313:1397" ph="{...}" />
            <marker date="1700590000000" expanded="true" signature="1489:1802" ph="{...}" />
            <marker date="1700590000000" expanded="true" signature="1541:1796" ph="{...}" />
            <marker date="1700590000000" expanded="true" signature="1609:1786" ph="{...}" />
            <marker date="1700590000000" expanded="true" signature="1666:1771" ph="{...}" />
          </folding>
        </state>
      </provider>
    </entry>
    <entry file="file://$PROJECT_DIR$/PartySmurf/PackingBags.cs">
      <provider selected="true" editor-type-id="text-editor">
        <state relative-caret-position="201">
          <caret line="233" column="16" selection-start-line="233" selection-start-column="16" selection-end-line="233" selection-end-column="16" />
          <folding>
            <marker date="1700664526000" expanded="true" signature="47:6200" ph="{...}" />
            <marker date="1700664526000" expanded="true" signature="93:245" ph="{...}" />
            <marker date="1700664526000" expanded="true" signature="146:210" ph="{...}" />
            <marker date="1700664526000" expanded="true" signature="308:1132" ph="{...}" />
            <marker date="1700664526000" expanded="true" signature="485:746" ph="{...}" />
            <marker date="1700664526000" expanded="true" signature="653:736" ph="{...}" />
            <marker date="1700664526000" expanded="true" signature="872:1101" ph="{...}" />
            <marker date="1700664526000" expanded="true" signature="971:1091" ph="{...}" />
            <marker date="1700664526000" expanded="true" signature="1187:1774" ph="{...}" />
            <marker date="1700664526000" expanded="true" signature="1354:1744" ph="{...}" />
            <marker date="1700664526000" expanded="true" signature="1455:1543" ph="{...}" />
            <marker date="1700664526000" expanded="true" signature="1578:1662" ph="{...}" />
            <marker date="1700664526000" expanded="true" signature="1679:1733" ph="{...}" />
            <marker date="1700664526000" expanded="true" signature="1874:2692" ph="{...}" />
            <marker date="1700664526000" expanded="true" signature="2133:2506" ph="{...}" />
            <marker date="1700664526000" expanded="true" signature="2184:2474" ph="{...}" />
            <marker date="1700664526000" expanded="true" signature="2232:2342" ph="{...}" />
            <marker date="1700664526000" expanded="true" signature="2533:2611" ph="{...}" />
            <marker date="1700664526000" expanded="true" signature="2748:3013" ph="{...}" />
            <marker date="1700664526000" expanded="true" signature="2810:3007" ph="{...}" />
            <marker date="1700664526000" expanded="true" signature="3069:3708" ph="{...}" />
            <marker date="1700664526000" expanded="true" signature="3353:3678" ph="{...}" />
            <marker date="1700664526000" expanded="true" signature="3599:3668" ph="{...}" />
            <marker date="1700664526000" expanded="true" signature="3779:4270" ph="{...}" />
            <marker date="1700664526000" expanded="true" signature="4007:4231" ph="{...}" />
            <marker date="1700664526000" expanded="true" signature="4062:4221" ph="{...}" />
            <marker date="1700664526000" expanded="true" signature="4342:4924" ph="{...}" />
            <marker date="1700664526000" expanded="true" signature="4577:4895" ph="{...}" />
            <marker date="1700664526000" expanded="true" signature="4644:4885" ph="{...}" />
            <marker date="1700664526000" expanded="true" signature="4747:4835" ph="{...}" />
            <marker date="1700664526000" expanded="true" signature="4998:5379" ph="{...}" />
            <marker date="1700664526000" expanded="true" signature="5077:5350" ph="{...}" />
            <marker date="1700664526000" expanded="true" signature="5189:5295" ph="{...}" />
            <marker date="1700664526000" expanded="true" signature="5450:6194" ph="{...}" />
            <marker date="1700664526000" expanded="true" signature="5586:6162" ph="{...}" />
            <marker date="1700664526000" expanded="true" signature="5739:6152" ph="{...}" />
            <marker date="1700664526000" expanded="true" signature="5868:5972" ph="{...}" />
            <marker date="1700664526000" expanded="true" signature="6020:6137" ph="{...}" />
          </folding>
        </state>
      </provider>
    </entry>
    <entry file="file://$PROJECT_DIR$/PartySmurf/Program.cs">
      <provider selected="true" editor-type-id="text-editor">
        <state relative-caret-position="371">
          <caret line="318" column="54" selection-start-line="318" selection-start-column="54" selection-end-line="318" selection-end-column="54" />
          <folding>
            <marker date="1700666842000" expanded="true" signature="14:593" ph="/* string[] createBungalow = PartySmurf.Bungalow.CreateBungalow(&quot;brainy smurf&quot;, &quot;hefty smurf&quot;, &quot;clumsy smurf&quot;, &quot;j ... */" />
            <marker date="1700666842000" expanded="true" signature="595:1249" ph="/* string[] bungalow = PartySmurf.Bungalow.CreateBungalow(&quot;brainy smurf&quot;, &quot;hefty smurf&quot;, &quot;clumsy smurf&quot;, &quot;jokey s ... */" />
            <marker date="1700666842000" expanded="true" signature="1251:1452" ph="/* char[] str = { 'y', 's', 'm', 'u', 'l', 'c' }; ... */" />
            <marker date="1700666842000" expanded="true" signature="1454:1808" ph="/* string[] register = new[] {&quot;Dopey&quot;, &quot;Hefty&quot;, &quot;Dopey&quot;, &quot;Dobby&quot;, &quot;Vanity&quot;, &quot;Dopey&quot;}; ... */" />
            <marker date="1700666842000" expanded="true" signature="1810:2011" ph="/* int[] keys = { 9, 7, 5, 4, 2, 8, 2, 1, 3 }; ... */" />
            <marker date="1700666842000" expanded="true" signature="2013:2337" ph="/* int[,] countLocker = new int[,] { { 1, 4, 5, 4 }, { 8, 5, 4, 3 }, { 1, 4, 6, 3 }, { 7, 8, 5, 6 }, { 1, 1, 1, 1 ... */" />
            <marker date="1700666842000" expanded="true" signature="2339:2782" ph="/* int[,] findLocker1 = new int[,] { ... */" />
            <marker date="1700666842000" expanded="true" signature="2784:3302" ph="/* int[,] straightLocker = new int[,] { { 1, 2, 3 }, { 4, 5, 6 } }; ... */" />
            <marker date="1700666842000" expanded="true" signature="3304:3663" ph="/* int[][] jaggedLocker = new int[5][]; ... */" />
            <marker date="1700666842000" expanded="true" signature="3665:4278" ph="/* int[][] secondLargestLocker = new int[5][]; ... */" />
            <marker date="1700666842000" expanded="true" signature="4280:4627" ph="/* int[][] pasc = PartySmurf.Matrix.Pascal(6); ... */" />
            <marker date="1700666842000" expanded="true" signature="4629:5282" ph="/* int[] bagsArray = { 1, 16, 15, 11, 7, 9, 6, 6, 3, 10 }; ... */" />
            <marker date="1700666842000" expanded="true" signature="5284:6117" ph="/* int[] binarySearchArray = { 1, 3, 5, 8, 12, 42 }; ... */" />
            <marker date="1700666842000" expanded="true" signature="6119:6771" ph="/* string compressed1 = PartySmurf.PackingBags.Compress(&quot;abc&quot;);                           // compressed1 == &quot;1a1b ... */" />
            <marker date="1700666842000" expanded="true" signature="6773:7442" ph="/* string uncomp1 = PartySmurf.PackingBags.Uncompress(&quot;1a1b1c&quot;);                     // uncomp1 == &quot;abc&quot; ... */" />
            <marker date="1700666842000" expanded="true" signature="7444:7829" ph="/* int[] example = { 0, 1, 2, 3, 4, 5, 6, 7, 8, 9 }; ... */" />
            <marker date="1700666842000" expanded="true" signature="7831:8274" ph="/* int[,] m1 = { {1, 2, 3}, ... */" />
            <marker date="1700666842000" expanded="true" signature="8276:9118" ph="/* string[][] bags = new string[4][]; ... */" />
            <marker date="1700666842000" expanded="true" signature="9137:9432" ph="{...}" />
            <marker date="1700666842000" expanded="true" signature="9435:9874" ph="/* bool inlineA = PartySmurf.HelpBrainy.InLine(sudoku, 3, 5);   // inlineA == false ... */" />
            <marker date="1700666842000" expanded="true" signature="9876:10300" ph="/* bool incolA = PartySmurf.HelpBrainy.InCol(sudoku, 2, 9);   // incolA == true ... */" />
          </folding>
        </state>
      </provider>
    </entry>
    <entry file="file://$PROJECT_DIR$/PartySmurf/HelpBrainy.cs">
      <provider selected="true" editor-type-id="text-editor">
        <state relative-caret-position="491">
          <caret line="65" column="20" selection-start-line="65" selection-start-column="20" selection-end-line="65" selection-end-column="20" />
          <folding>
            <marker date="1700666970000" expanded="true" signature="46:1438" ph="{...}" />
            <marker date="1700666970000" expanded="true" signature="112:317" ph="{...}" />
            <marker date="1700666970000" expanded="true" signature="204:283" ph="{...}" />
            <marker date="1700666970000" expanded="true" signature="380:584" ph="{...}" />
            <marker date="1700666970000" expanded="true" signature="472:550" ph="{...}" />
            <marker date="1700666970000" expanded="true" signature="647:1354" ph="{...}" />
            <marker date="1700666970000" expanded="true" signature="732:781" ph="{...}" />
            <marker date="1700666970000" expanded="true" signature="812:891" ph="{...}" />
            <marker date="1700666970000" expanded="true" signature="904:983" ph="{...}" />
            <marker date="1700666970000" expanded="true" signature="1073:1319" ph="{...}" />
            <marker date="1700666970000" expanded="true" signature="1141:1276" ph="{...}" />
            <marker date="1700666970000" expanded="true" signature="1398:1432" ph="{...}" />
          </folding>
        </state>
      </provider>
    </entry>
  </component>
</project>