<project version="4">
  <component name="BookmarksManager">
    <option name="groups">
      <GroupState>
        <option name="name" value="SmurfBot" />
      </GroupState>
    </option>
  </component>
  <component name="BranchesTreeState">
    <expand>
      <path>
        <item name="ROOT" type="e8cecc67:BranchNodeDescriptor" />
        <item name="LOCAL_ROOT" type="e8cecc67:BranchNodeDescriptor" />
      </path>
      <path>
        <item name="ROOT" type="e8cecc67:BranchNodeDescriptor" />
        <item name="REMOTE_ROOT" type="e8cecc67:BranchNodeDescriptor" />
      </path>
      <path>
        <item name="ROOT" type="e8cecc67:BranchNodeDescriptor" />
        <item name="REMOTE_ROOT" type="e8cecc67:BranchNodeDescriptor" />
        <item name="GROUP_NODE:origin" type="e8cecc67:BranchNodeDescriptor" />
      </path>
    </expand>
    <select />
  </component>
  <component name="FileEditorManager">
    <leaf SIDE_TABS_SIZE_LIMIT_KEY="-1">
      <file current-in-tab="false">
        <entry file="file://$PROJECT_DIR$/SmurfBot/Program.cs">
          <provider selected="true" editor-type-id="text-editor">
            <state relative-caret-position="5830">
              <caret line="265" column="2" selection-start-line="265" selection-start-column="2" selection-end-line="265" selection-end-column="2" />
              <folding>
                <marker date="1701969418000" expanded="true" signature="31:477" ph="/* Smurf smurf = new Smurf(&quot;SmurfBot&quot;, 25, 1, 15); ... */" />
                <marker date="1701969418000" expanded="true" signature="479:1067" ph="/* Smurf smurf = new Smurf(&quot;Handy Smurf&quot;, 25, 1, 15); ... */" />
                <marker date="1701969418000" expanded="true" signature="1069:1648" ph="/* Smurf smurf = new Smurf(&quot;Handy Smurf&quot;, 25, 1, 15); ... */" />
                <marker date="1701969418000" expanded="true" signature="1650:1985" ph="/* Gargamel gargamel = new Gargamel(25, 15); ... */" />
                <marker date="1701969418000" expanded="true" signature="1987:2540" ph="/* Potion potion = new Potion(1, 1); ... */" />
                <marker date="1701969418000" expanded="true" signature="2542:3443" ph="/* Inventory potionsList = new Inventory(new int[] {4, 1, 3}); ... */" />
                <marker date="1701969418000" expanded="true" signature="3445:6075" ph="/* Smurf smurf = new Smurf(&quot;Test.&quot;, 42, 3, 13); ... */" />
                <marker date="1701969418000" expanded="true" signature="6077:6589" ph="/* Smurf smurf = new Smurf(&quot;Handy Smurf&quot;, 25, 1, 15); ... */" />
                <marker date="1701969418000" expanded="true" signature="6591:6879" ph="/* Console.WriteLine(Car.GetBatteryInt(BatteryState.Ultralow));     // 0 ... */" />
                <marker date="1701969418000" expanded="true" signature="6881:7151" ph="/* Console.WriteLine(Car.GetBatteryState(3));               // Ultralow ... */" />
                <marker date="1701969418000" expanded="true" signature="7152:7688" ph="/* Car car1 = new Car(100); ... */" />
                <marker date="1701969418000" expanded="true" signature="7690:8594" ph="/* Car car1 = new Car(100); ... */" />
                <marker date="1701969418000" expanded="true" signature="8596:8862" ph="/* Smurf smurf = new Smurf(&quot;TrueSmurf&quot;, 123); ... */" />
                <marker date="1701969418000" expanded="true" signature="8865:9346" ph="/* AffineFunction function = new AffineFunction(2.5, 1.5); ... */" />
                <marker date="1701969418000" expanded="true" signature="9348:9621" ph="/* Smurf smurf1 = new Smurf(&quot;TrueSmurf&quot;, 123); ... */" />
                <marker date="1701969418000" expanded="true" signature="9623:10000" ph="/* Smurf smurf1 = new Smurf(&quot;TrueSmurf&quot;, 123); ... */" />
                <marker date="1701969418000" expanded="true" signature="10003:10671" ph="/* Smurf[] smurfs = { ... */" />
                <marker date="1701969418000" expanded="true" signature="10673:11017" ph="/* SmurfPoint[] points = { ... */" />
                <marker date="1701969418000" expanded="true" signature="11019:11224" ph="/* Smurf papa = new Smurf(&quot;PapaSmurf&quot;, 150); ... */" />
                <marker date="1701969418000" expanded="true" signature="11225:11488" ph="/* AffineFunction func1 = new AffineFunction(7, 14); ... */" />
                <marker date="1701969418000" expanded="true" signature="11507:11672" ph="{...}" />
                <marker date="1701969418000" expanded="true" signature="11849:11915" ph="{...}" />
              </folding>
            </state>
          </provider>
        </entry>
      </file>
      <file current-in-tab="false">
        <entry file="file://$PROJECT_DIR$/SmurfBot/Enhancements/Car.cs">
          <provider selected="true" editor-type-id="text-editor">
            <state relative-caret-position="792">
              <caret line="36" column="19" selection-start-line="36" selection-start-column="19" selection-end-line="36" selection-end-column="19" />
              <folding>
                <marker date="1701862154000" expanded="true" signature="50:888" ph="{...}" />
                <marker date="1701862154000" expanded="true" signature="140:179" ph="{...}" />
                <marker date="1701862154000" expanded="true" signature="238:439" ph="{...}" />
                <marker date="1701862154000" expanded="true" signature="468:522" ph="{...}" />
                <marker date="1701862154000" expanded="true" signature="560:616" ph="{...}" />
                <marker date="1701862154000" expanded="true" signature="665:881" ph="{...}" />
                <marker date="1701862154000" expanded="true" signature="813:853" ph="{...}" />
              </folding>
            </state>
          </provider>
        </entry>
      </file>
      <file current-in-tab="false">
        <entry file="file://$PROJECT_DIR$/SmurfBot/Fundamentals/Smurf.cs">
          <provider selected="true" editor-type-id="text-editor">
            <state relative-caret-position="132">
              <caret line="6" column="4" selection-start-line="6" selection-start-column="4" selection-end-line="6" selection-end-column="31" />
              <folding>
                <marker date="1701856098000" expanded="true" signature="52:1102" ph="{...}" />
                <marker date="1701856098000" expanded="true" signature="262:368" ph="{...}" />
                <marker date="1701856098000" expanded="true" signature="402:944" ph="{...}" />
                <marker date="1701856098000" expanded="true" signature="980:1010" ph="{...}" />
                <marker date="1701856098000" expanded="true" signature="1058:1100" ph="{...}" />
              </folding>
            </state>
          </provider>
        </entry>
      </file>
      <file current-in-tab="false">
        <entry file="file://$PROJECT_DIR$/SmurfBot/Fundamentals/Inventory.cs">
          <provider selected="true" editor-type-id="text-editor">
            <state relative-caret-position="176">
              <caret line="8" column="45" selection-start-line="8" selection-start-column="39" selection-end-line="8" selection-end-column="45" />
              <folding>
                <marker date="1701859114000" expanded="true" signature="56:1430" ph="{...}" />
                <marker date="1701859114000" expanded="true" signature="155:300" ph="{...}" />
                <marker date="1701859114000" expanded="true" signature="213:294" ph="{...}" />
                <marker date="1701859114000" expanded="true" signature="333:1064" ph="{...}" />
                <marker date="1701859114000" expanded="true" signature="625:715" ph="{...}" />
                <marker date="1701859114000" expanded="true" signature="844:1004" ph="{...}" />
                <marker date="1701859114000" expanded="true" signature="1102:1244" ph="{...}" />
                <marker date="1701859114000" expanded="true" signature="1282:1424" ph="{...}" />
              </folding>
            </state>
          </provider>
        </entry>
      </file>
      <file current-in-tab="false">
        <entry file="file://$PROJECT_DIR$/SmurfBot/Proficiencies/AffineFunction.cs">
          <provider selected="true" editor-type-id="text-editor">
            <state relative-caret-position="154">
              <caret line="7" column="25" selection-start-line="7" selection-start-column="11" selection-end-line="7" selection-end-column="25" />
              <folding>
                <marker date="1701863225000" expanded="true" signature="62:415" ph="{...}" />
                <marker date="1701863225000" expanded="true" signature="179:221" ph="{...}" />
                <marker date="1701863225000" expanded="true" signature="247:277" ph="{...}" />
                <marker date="1701863225000" expanded="true" signature="303:333" ph="{...}" />
                <marker date="1701863225000" expanded="true" signature="371:409" ph="{...}" />
              </folding>
            </state>
          </provider>
        </entry>
      </file>
      <file current-in-tab="false">
        <entry file="file://$PROJECT_DIR$/SmurfBot/Fundamentals/Potion.cs">
          <provider selected="true" editor-type-id="text-editor">
            <state relative-caret-position="330">
              <caret line="15" column="29" selection-start-line="15" selection-start-column="21" selection-end-line="15" selection-end-column="29" />
              <folding>
                <marker date="1701857014000" expanded="true" signature="53:595" ph="{...}" />
                <marker date="1701857014000" expanded="true" signature="160:224" ph="{...}" />
                <marker date="1701857014000" expanded="true" signature="257:343" ph="{...}" />
                <marker date="1701857014000" expanded="true" signature="372:466" ph="{...}" />
                <marker date="1701857014000" expanded="true" signature="495:589" ph="{...}" />
              </folding>
            </state>
          </provider>
        </entry>
      </file>
      <file>
        <entry file="file://$PROJECT_DIR$/SmurfBot/Proficiencies/MagicFormula.cs">
          <provider selected="true" editor-type-id="text-editor">
            <state relative-caret-position="877">
              <caret line="69" column="37" selection-start-line="69" selection-start-column="37" selection-end-line="69" selection-end-column="37" />
              <folding>
                <marker date="1701969407000" expanded="true" signature="60:2443" ph="{...}" />
                <marker date="1701969407000" expanded="true" signature="127:317" ph="{...}" />
                <marker date="1701969407000" expanded="true" signature="367:649" ph="{...}" />
                <marker date="1701969407000" expanded="true" signature="542:596" ph="{...}" />
                <marker date="1701969407000" expanded="true" signature="713:987" ph="{...}" />
                <marker date="1701969407000" expanded="true" signature="836:957" ph="{...}" />
                <marker date="1701969407000" expanded="true" signature="1062:1726" ph="{...}" />
                <marker date="1701969407000" expanded="true" signature="1251:1469" ph="{...}" />
                <marker date="1701969407000" expanded="true" signature="1802:1899" ph="{...}" />
                <marker date="1701969407000" expanded="true" signature="1985:2154" ph="{...}" />
                <marker date="1701969407000" expanded="true" signature="2213:2435" ph="{...}" />
              </folding>
            </state>
          </provider>
        </entry>
      </file>
      <file current-in-tab="false">
        <entry file="file://$PROJECT_DIR$/SmurfBot/Fundamentals/Game.cs">
          <provider selected="true" editor-type-id="text-editor">
            <state relative-caret-position="308">
              <caret line="14" column="29" selection-start-line="14" selection-start-column="22" selection-end-line="14" selection-end-column="29" />
              <folding>
                <marker date="1701860464000" expanded="true" signature="51:2457" ph="{...}" />
                <marker date="1701860464000" expanded="true" signature="152:1746" ph="{...}" />
                <marker date="1701860464000" expanded="true" signature="185:264" ph="{...}" />
                <marker date="1701860464000" expanded="true" signature="297:477" ph="{...}" />
                <marker date="1701860464000" expanded="true" signature="343:440" ph="{...}" />
                <marker date="1701860464000" expanded="true" signature="510:690" ph="{...}" />
                <marker date="1701860464000" expanded="true" signature="556:653" ph="{...}" />
                <marker date="1701860464000" expanded="true" signature="723:903" ph="{...}" />
                <marker date="1701860464000" expanded="true" signature="769:866" ph="{...}" />
                <marker date="1701860464000" expanded="true" signature="936:1024" ph="{...}" />
                <marker date="1701860464000" expanded="true" signature="1057:1239" ph="{...}" />
                <marker date="1701860464000" expanded="true" signature="1107:1202" ph="{...}" />
                <marker date="1701860464000" expanded="true" signature="1272:1453" ph="{...}" />
                <marker date="1701860464000" expanded="true" signature="1322:1416" ph="{...}" />
                <marker date="1701860464000" expanded="true" signature="1486:1681" ph="{...}" />
                <marker date="1701860464000" expanded="true" signature="1536:1644" ph="{...}" />
                <marker date="1701860464000" expanded="true" signature="1694:1740" ph="{...}" />
                <marker date="1701860464000" expanded="true" signature="1835:1935" ph="{...}" />
                <marker date="1701860464000" expanded="true" signature="2006:2160" ph="{...}" />
                <marker date="1701860464000" expanded="true" signature="2038:2131" ph="{...}" />
                <marker date="1701860464000" expanded="true" signature="2229:2451" ph="{...}" />
                <marker date="1701860464000" expanded="true" signature="2281:2339" ph="{...}" />
              </folding>
            </state>
          </provider>
        </entry>
      </file>
      <file current-in-tab="false">
        <entry file="file://$PROJECT_DIR$/SmurfBot/Proficiencies/Smurf.cs">
          <provider selected="true" editor-type-id="text-editor">
            <state relative-caret-position="858">
              <caret line="39" selection-start-line="38" selection-end-line="39" />
              <folding>
                <marker date="1701862839000" expanded="true" signature="53:705" ph="{...}" />
                <marker date="1701862839000" expanded="true" signature="155:207" ph="{...}" />
                <marker date="1701862839000" expanded="true" signature="236:269" ph="{...}" />
                <marker date="1701862839000" expanded="true" signature="294:326" ph="{...}" />
                <marker date="1701862839000" expanded="true" signature="381:435" ph="{...}" />
                <marker date="1701862839000" expanded="true" signature="485:698" ph="{...}" />
              </folding>
            </state>
          </provider>
        </entry>
      </file>
      <file current-in-tab="false">
        <entry file="file://$PROJECT_DIR$/SmurfBot/Proficiencies/SmurfPoint.cs">
          <provider selected="true" editor-type-id="text-editor">
            <state relative-caret-position="440">
              <caret line="20" column="17" selection-start-line="20" selection-start-column="17" selection-end-line="20" selection-end-column="17" />
              <folding>
                <marker date="1701863062000" expanded="true" signature="58:321" ph="{...}" />
                <marker date="1701863062000" expanded="true" signature="162:204" ph="{...}" />
                <marker date="1701863062000" expanded="true" signature="230:260" ph="{...}" />
                <marker date="1701863062000" expanded="true" signature="286:316" ph="{...}" />
              </folding>
            </state>
          </provider>
        </entry>
      </file>
    </leaf>
  </component>
  <component name="FileTypeUsageLocalSummary">
    <fileType name="C#">
      <summary usageCount="55" lastUsed="1702373832201" />
    </fileType>
  </component>
  <component name="IdeDocumentHistory">
    <changedPaths>
      <option value="$PROJECT_DIR$/Tests/UnitTest1.cs" />
      <option value="$PROJECT_DIR$/SmurfBot/Fundamentals/Smurf.cs" />
      <option value="$PROJECT_DIR$/SmurfBot/Fundamentals/Gargamel.cs" />
      <option value="$PROJECT_DIR$/SmurfBot/Fundamentals/Potion.cs" />
      <option value="$PROJECT_DIR$/SmurfBot/Fundamentals/Inventory.cs" />
      <option value="$PROJECT_DIR$/SmurfBot/Fundamentals/Game.cs" />
      <option value="$PROJECT_DIR$/SmurfBot/Enhancements/BatteryState.cs" />
      <option value="$PROJECT_DIR$/SmurfBot/Enhancements/Car.cs" />
      <option value="$PROJECT_DIR$/SmurfBot/Proficiencies/Smurf.cs" />
      <option value="$PROJECT_DIR$/SmurfBot/Proficiencies/SmurfPoint.cs" />
      <option value="$PROJECT_DIR$/SmurfBot/Proficiencies/AffineFunction.cs" />
      <option value="$PROJECT_DIR$/SmurfBot/Proficiencies/MagicFormula.cs" />
      <option value="$PROJECT_DIR$/SmurfBot/Program.cs" />
    </changedPaths>
  </component>
  <component name="IgnoredFileRootStore">
    <option name="generatedRoots">
      <set>
        <option value="$PROJECT_DIR$/.idea/.idea.SmurfBot/.idea" />
      </set>
    </option>
  </component>
  <component name="LanguageUsageStatistics">
    <language id="C#">
      <summary usageCount="55" lastUsage="1702373832201" />
    </language>
  </component>
  <component name="ProjectView">
    <navigator currentView="SolutionExplorer" proportions="0.9" version="1" />
    <panes>
      <pane id="FileSystemExplorer" />
      <pane id="AssemblyExplorer" />
      <pane id="SolutionExplorer">
        <subPane>
          <expand>
            <path>
              <item name="Project" type="784c90a0:SolutionExplorerRootNode" />
              <item name="SmurfBot" type="24d0babc:SolutionExplorerModelNode" />
            </path>
            <path>
              <item name="Project" type="784c90a0:SolutionExplorerRootNode" />
              <item name="SmurfBot" type="24d0babc:SolutionExplorerModelNode" />
              <item name="SmurfBot" type="24d0babc:SolutionExplorerModelNode" />
            </path>
          </expand>
          <select>
            <path>
              <item name="Project" type="784c90a0:SolutionExplorerRootNode" />
              <item name="SmurfBot" type="24d0babc:SolutionExplorerModelNode" />
            </path>
          </select>
        </subPane>
        <option name="show-all-files" value="false" />
        <option name="show-project-imports" value="true" />
        <option name="autoscroll-all" value="false" />
        <option name="show-scratches" value="true" />
        <option name="search-dependencies" value="false" />
        <option name="show-unreal-project-files" value="true" />
      </pane>
    </panes>
  </component>
  <component name="RiderPerAppToolWindowOpenedTWKeeper">
    <option name="map">
      <map>
        <entry key="Bookmarks">
          <value>
            <window_info id="Bookmarks" side_tool="true" />
          </value>
        </entry>
        <entry key="Build">
          <value>
            <window_info anchor="bottom" id="Build" order="4" weight="0.3299712" />
          </value>
        </entry>
        <entry key="Commit">
          <value>
            <window_info id="Commit" />
          </value>
        </entry>
        <entry key="Database">
          <value>
            <window_info anchor="right" id="Database" order="0" />
          </value>
        </entry>
        <entry key="Database Changes">
          <value>
            <window_info anchor="bottom" id="Database Changes" show_stripe_button="false" />
          </value>
        </entry>
        <entry key="Debug">
          <value>
            <window_info anchor="bottom" id="Debug" order="3" weight="0.40008613" />
          </value>
        </entry>
        <entry key="Dynamic Program Analysis">
          <value>
            <window_info anchor="bottom" id="Dynamic Program Analysis" />
          </value>
        </entry>
        <entry key="Endpoints">
          <value>
            <window_info anchor="right" id="Endpoints" order="0" show_stripe_button="false" />
          </value>
        </entry>
        <entry key="File Transfer">
          <value>
            <window_info anchor="bottom" id="File Transfer" />
          </value>
        </entry>
        <entry key="Find">
          <value>
            <window_info anchor="bottom" id="Find" order="1" />
          </value>
        </entry>
        <entry key="IL Viewer">
          <value>
            <window_info anchor="right" id="IL Viewer" />
          </value>
        </entry>
        <entry key="Inspection">
          <value>
            <window_info anchor="bottom" id="Inspection" order="4" weight="0.4" />
          </value>
        </entry>
        <entry key="Notifications">
          <value>
            <window_info anchor="right" id="Notifications" order="0" weight="0.25" />
          </value>
        </entry>
        <entry key="NuGet">
          <value>
            <window_info anchor="bottom" id="NuGet" order="4" />
          </value>
        </entry>
        <entry key="Problems View">
          <value>
            <window_info anchor="bottom" id="Problems View" order="4" weight="0.3299712" />
          </value>
        </entry>
        <entry key="Project">
          <value>
            <window_info active="true" content_ui="combo" id="Project" order="0" visible="true" weight="0.12030271" />
          </value>
        </entry>
        <entry key="Pull Requests">
          <value>
            <window_info id="Pull Requests" />
          </value>
        </entry>
        <entry key="Run">
          <value>
            <window_info active="true" anchor="bottom" id="Run" order="2" visible="true" weight="0.33189243" />
          </value>
        </entry>
        <entry key="Services">
          <value>
            <window_info anchor="bottom" id="Services" order="4" show_stripe_button="false" />
          </value>
        </entry>
        <entry key="Space Code Reviews">
          <value>
            <window_info id="Space Code Reviews" />
          </value>
        </entry>
        <entry key="Structure">
          <value>
            <window_info id="Structure" order="0" side_tool="true" />
          </value>
        </entry>
        <entry key="TODO">
          <value>
            <window_info anchor="bottom" id="TODO" />
          </value>
        </entry>
        <entry key="Terminal">
          <value>
            <window_info anchor="bottom" id="Terminal" order="4" />
          </value>
        </entry>
        <entry key="TypeScript">
          <value>
            <window_info anchor="bottom" id="TypeScript" />
          </value>
        </entry>
        <entry key="Unit Tests">
          <value>
            <window_info anchor="bottom" id="Unit Tests" weight="0.3299712" />
          </value>
        </entry>
        <entry key="Unit Tests Coverage">
          <value>
            <window_info anchor="right" id="Unit Tests Coverage" />
          </value>
        </entry>
        <entry key="Version Control">
          <value>
            <window_info anchor="bottom" id="Version Control" order="0" weight="0.3299712" />
          </value>
        </entry>
        <entry key="documentation.v2">
          <value>
            <window_info anchor="right" id="documentation.v2" side_tool="true" />
          </value>
        </entry>
        <entry key="dotMemory Profiler">
          <value>
            <window_info anchor="bottom" id="dotMemory Profiler" />
          </value>
        </entry>
        <entry key="dotTrace Profiler">
          <value>
            <window_info anchor="bottom" id="dotTrace Profiler" />
          </value>
        </entry>
      </map>
    </option>
  </component>
  <component name="RunConfigurationStartHistory">
    <history>
      <element setting=".NET Project.SmurfBot" />
    </history>
  </component>
  <component name="RunToolbarSettings">
    <option name="slotOrder">
      <option value="7fe323c3-b4ae-4c2b-8c90-11005378c784" />
    </option>
    <slots>
      <entry key="7fe323c3-b4ae-4c2b-8c90-11005378c784" value=".NET Project.SmurfBot" />
    </slots>
  </component>
  <component name="TimeTrackingManager">
    <option name="totallyTimeSpent" value="15111000" />
  </component>
  <component name="TodoView">
    <todo-panel id="selected-file">
      <is-autoscroll-to-source value="true" />
    </todo-panel>
    <todo-panel id="all">
      <are-packages-shown value="true" />
      <is-autoscroll-to-source value="true" />
    </todo-panel>
  </component>
  <component name="ToolWindowManager">
    <layout>
      <window_info id="Space Code Reviews" />
      <window_info id="Bookmarks" side_tool="true" />
      <window_info id="Pull Requests" />
      <window_info id="Commit" />
      <window_info id="Structure" order="0" side_tool="true" />
      <window_info active="true" content_ui="combo" id="Project" order="0" visible="true" weight="0.12030271" />
      <window_info anchor="bottom" id="Database Changes" show_stripe_button="false" />
      <window_info anchor="bottom" id="TypeScript" />
      <window_info anchor="bottom" id="Dynamic Program Analysis" />
      <window_info anchor="bottom" id="TODO" />
      <window_info anchor="bottom" id="Unit Tests" weight="0.3299712" />
      <window_info anchor="bottom" id="dotTrace Profiler" />
      <window_info anchor="bottom" id="File Transfer" />
      <window_info anchor="bottom" id="dotMemory Profiler" />
      <window_info anchor="bottom" id="Version Control" order="0" weight="0.3299712" />
      <window_info anchor="bottom" id="Find" order="1" />
      <window_info active="true" anchor="bottom" id="Run" order="2" visible="true" weight="0.33189243" />
      <window_info anchor="bottom" id="Debug" order="3" weight="0.40008613" />
      <window_info anchor="bottom" id="Build" order="4" weight="0.3299712" />
      <window_info anchor="bottom" id="Inspection" order="4" weight="0.4" />
      <window_info anchor="bottom" id="Problems View" order="4" weight="0.3299712" />
      <window_info anchor="bottom" id="Terminal" order="4" />
      <window_info anchor="bottom" id="NuGet" order="4" />
      <window_info anchor="bottom" id="Services" order="4" show_stripe_button="false" />
      <window_info anchor="right" id="Unit Tests Coverage" />
      <window_info anchor="right" id="IL Viewer" />
      <window_info anchor="right" id="documentation.v2" side_tool="true" />
      <window_info anchor="right" id="Endpoints" order="0" show_stripe_button="false" />
      <window_info anchor="right" id="Database" order="0" />
      <window_info anchor="right" id="Notifications" order="0" weight="0.25" />
      <unified_weights bottom="0.33189243" left="0.12030271" />
    </layout>
    <recentWindows>
      <value>Project</value>
    </recentWindows>
  </component>
  <component name="WindowStateProjectService">
    <state x="624" y="288" key="FileChooserDialogImpl" timestamp="1702373894150">
      <screen x="0" y="0" width="1920" height="1080" />
    </state>
    <state x="624" y="288" key="FileChooserDialogImpl/0.0.1920.1080@0.0.1920.1080" timestamp="1702373894150" />
    <state width="1874" height="317" key="GridCell.Tab.0.bottom" timestamp="1701969436687">
      <screen x="0" y="0" width="1920" height="1080" />
    </state>
    <state width="1874" height="317" key="GridCell.Tab.0.bottom/0.0.1920.1080@0.0.1920.1080" timestamp="1701969436687" />
    <state width="1874" height="317" key="GridCell.Tab.0.center" timestamp="1701969436687">
      <screen x="0" y="0" width="1920" height="1080" />
    </state>
    <state width="1874" height="317" key="GridCell.Tab.0.center/0.0.1920.1080@0.0.1920.1080" timestamp="1701969436687" />
    <state width="1874" height="317" key="GridCell.Tab.0.left" timestamp="1701969436687">
      <screen x="0" y="0" width="1920" height="1080" />
    </state>
    <state width="1874" height="317" key="GridCell.Tab.0.left/0.0.1920.1080@0.0.1920.1080" timestamp="1701969436687" />
    <state width="1874" height="317" key="GridCell.Tab.0.right" timestamp="1701969436687">
      <screen x="0" y="0" width="1920" height="1080" />
    </state>
    <state width="1874" height="317" key="GridCell.Tab.0.right/0.0.1920.1080@0.0.1920.1080" timestamp="1701969436687" />
    <state x="555" y="265" width="804" height="520" key="Rider.ProjectTemplateDialog.Size" timestamp="1701853780873">
      <screen x="0" y="0" width="1920" height="1080" />
    </state>
    <state x="555" y="265" width="804" height="520" key="Rider.ProjectTemplateDialog.Size/0.0.1920.1080@0.0.1920.1080" timestamp="1701853780873" />
    <state x="281" y="43" width="672" height="685" key="search.everywhere.popup" timestamp="1701969405953">
      <screen x="0" y="0" width="1920" height="1080" />
    </state>
    <state x="281" y="43" width="672" height="685" key="search.everywhere.popup/0.0.1920.1080@0.0.1920.1080" timestamp="1701969405953" />
  </component>
  <component name="editorHistoryManager">
    <entry file="file://$PROJECT_DIR$/Tests/UnitTest1.cs">
      <provider selected="true" editor-type-id="text-editor">
        <state>
          <folding>
            <marker date="1701853780000" expanded="true" signature="77:89" ph="{...}" />
          </folding>
        </state>
      </provider>
    </entry>
    <entry file="file://$PROJECT_DIR$/SmurfBot/Fundamentals/Gargamel.cs">
      <provider selected="true" editor-type-id="text-editor">
        <state relative-caret-position="192">
          <caret line="26" column="36" selection-start-line="26" selection-start-column="36" selection-end-line="26" selection-end-column="36" />
          <folding>
            <marker date="1701856526000" expanded="true" signature="55:732" ph="{...}" />
            <marker date="1701856526000" expanded="true" signature="161:215" ph="{...}" />
            <marker date="1701856526000" expanded="true" signature="252:659" ph="{...}" />
            <marker date="1701856526000" expanded="true" signature="698:728" ph="{...}" />
          </folding>
        </state>
      </provider>
    </entry>
    <entry file="file://$PROJECT_DIR$/SmurfBot/Enhancements/BatteryState.cs">
      <provider selected="true" editor-type-id="text-editor">
        <state relative-caret-position="192">
          <caret line="7" column="17" selection-start-line="7" selection-start-column="15" selection-end-line="7" selection-end-column="17" />
          <folding>
            <marker date="1701860613000" expanded="true" signature="58:150" ph="{...}" />
          </folding>
        </state>
      </provider>
    </entry>
    <entry file="file://$PROJECT_DIR$/SmurfBot/Program.cs">
      <provider selected="true" editor-type-id="text-editor">
        <state relative-caret-position="5830">
          <caret line="265" column="2" selection-start-line="265" selection-start-column="2" selection-end-line="265" selection-end-column="2" />
          <folding>
            <marker date="1701969418000" expanded="true" signature="31:477" ph="/* Smurf smurf = new Smurf(&quot;SmurfBot&quot;, 25, 1, 15); ... */" />
            <marker date="1701969418000" expanded="true" signature="479:1067" ph="/* Smurf smurf = new Smurf(&quot;Handy Smurf&quot;, 25, 1, 15); ... */" />
            <marker date="1701969418000" expanded="true" signature="1069:1648" ph="/* Smurf smurf = new Smurf(&quot;Handy Smurf&quot;, 25, 1, 15); ... */" />
            <marker date="1701969418000" expanded="true" signature="1650:1985" ph="/* Gargamel gargamel = new Gargamel(25, 15); ... */" />
            <marker date="1701969418000" expanded="true" signature="1987:2540" ph="/* Potion potion = new Potion(1, 1); ... */" />
            <marker date="1701969418000" expanded="true" signature="2542:3443" ph="/* Inventory potionsList = new Inventory(new int[] {4, 1, 3}); ... */" />
            <marker date="1701969418000" expanded="true" signature="3445:6075" ph="/* Smurf smurf = new Smurf(&quot;Test.&quot;, 42, 3, 13); ... */" />
            <marker date="1701969418000" expanded="true" signature="6077:6589" ph="/* Smurf smurf = new Smurf(&quot;Handy Smurf&quot;, 25, 1, 15); ... */" />
            <marker date="1701969418000" expanded="true" signature="6591:6879" ph="/* Console.WriteLine(Car.GetBatteryInt(BatteryState.Ultralow));     // 0 ... */" />
            <marker date="1701969418000" expanded="true" signature="6881:7151" ph="/* Console.WriteLine(Car.GetBatteryState(3));               // Ultralow ... */" />
            <marker date="1701969418000" expanded="true" signature="7152:7688" ph="/* Car car1 = new Car(100); ... */" />
            <marker date="1701969418000" expanded="true" signature="7690:8594" ph="/* Car car1 = new Car(100); ... */" />
            <marker date="1701969418000" expanded="true" signature="8596:8862" ph="/* Smurf smurf = new Smurf(&quot;TrueSmurf&quot;, 123); ... */" />
            <marker date="1701969418000" expanded="true" signature="8865:9346" ph="/* AffineFunction function = new AffineFunction(2.5, 1.5); ... */" />
            <marker date="1701969418000" expanded="true" signature="9348:9621" ph="/* Smurf smurf1 = new Smurf(&quot;TrueSmurf&quot;, 123); ... */" />
            <marker date="1701969418000" expanded="true" signature="9623:10000" ph="/* Smurf smurf1 = new Smurf(&quot;TrueSmurf&quot;, 123); ... */" />
            <marker date="1701969418000" expanded="true" signature="10003:10671" ph="/* Smurf[] smurfs = { ... */" />
            <marker date="1701969418000" expanded="true" signature="10673:11017" ph="/* SmurfPoint[] points = { ... */" />
            <marker date="1701969418000" expanded="true" signature="11019:11224" ph="/* Smurf papa = new Smurf(&quot;PapaSmurf&quot;, 150); ... */" />
            <marker date="1701969418000" expanded="true" signature="11225:11488" ph="/* AffineFunction func1 = new AffineFunction(7, 14); ... */" />
            <marker date="1701969418000" expanded="true" signature="11507:11672" ph="{...}" />
            <marker date="1701969418000" expanded="true" signature="11849:11915" ph="{...}" />
          </folding>
        </state>
      </provider>
    </entry>
    <entry file="file://$PROJECT_DIR$/SmurfBot/Enhancements/Car.cs">
      <provider selected="true" editor-type-id="text-editor">
        <state relative-caret-position="792">
          <caret line="36" column="19" selection-start-line="36" selection-start-column="19" selection-end-line="36" selection-end-column="19" />
          <folding>
            <marker date="1701862154000" expanded="true" signature="50:888" ph="{...}" />
            <marker date="1701862154000" expanded="true" signature="140:179" ph="{...}" />
            <marker date="1701862154000" expanded="true" signature="238:439" ph="{...}" />
            <marker date="1701862154000" expanded="true" signature="468:522" ph="{...}" />
            <marker date="1701862154000" expanded="true" signature="560:616" ph="{...}" />
            <marker date="1701862154000" expanded="true" signature="665:881" ph="{...}" />
            <marker date="1701862154000" expanded="true" signature="813:853" ph="{...}" />
          </folding>
        </state>
      </provider>
    </entry>
    <entry file="file://$PROJECT_DIR$/SmurfBot/Fundamentals/Smurf.cs">
      <provider selected="true" editor-type-id="text-editor">
        <state relative-caret-position="132">
          <caret line="6" column="4" selection-start-line="6" selection-start-column="4" selection-end-line="6" selection-end-column="31" />
          <folding>
            <marker date="1701856098000" expanded="true" signature="52:1102" ph="{...}" />
            <marker date="1701856098000" expanded="true" signature="262:368" ph="{...}" />
            <marker date="1701856098000" expanded="true" signature="402:944" ph="{...}" />
            <marker date="1701856098000" expanded="true" signature="980:1010" ph="{...}" />
            <marker date="1701856098000" expanded="true" signature="1058:1100" ph="{...}" />
          </folding>
        </state>
      </provider>
    </entry>
    <entry file="file://$PROJECT_DIR$/SmurfBot/Fundamentals/Inventory.cs">
      <provider selected="true" editor-type-id="text-editor">
        <state relative-caret-position="176">
          <caret line="8" column="45" selection-start-line="8" selection-start-column="39" selection-end-line="8" selection-end-column="45" />
          <folding>
            <marker date="1701859114000" expanded="true" signature="155:300" ph="{...}" />
            <marker date="1701859114000" expanded="true" signature="213:294" ph="{...}" />
            <marker date="1701859114000" expanded="true" signature="333:1064" ph="{...}" />
            <marker date="1701859114000" expanded="true" signature="625:715" ph="{...}" />
            <marker date="1701859114000" expanded="true" signature="844:1004" ph="{...}" />
            <marker date="1701859114000" expanded="true" signature="1102:1244" ph="{...}" />
            <marker date="1701859114000" expanded="true" signature="1282:1424" ph="{...}" />
          </folding>
        </state>
      </provider>
    </entry>
    <entry file="file://$PROJECT_DIR$/SmurfBot/Proficiencies/AffineFunction.cs">
      <provider selected="true" editor-type-id="text-editor">
        <state relative-caret-position="154">
          <caret line="7" column="25" selection-start-line="7" selection-start-column="11" selection-end-line="7" selection-end-column="25" />
          <folding>
            <marker date="1701863225000" expanded="true" signature="62:415" ph="{...}" />
            <marker date="1701863225000" expanded="true" signature="179:221" ph="{...}" />
            <marker date="1701863225000" expanded="true" signature="247:277" ph="{...}" />
            <marker date="1701863225000" expanded="true" signature="303:333" ph="{...}" />
            <marker date="1701863225000" expanded="true" signature="371:409" ph="{...}" />
          </folding>
        </state>
      </provider>
    </entry>
    <entry file="file://$PROJECT_DIR$/SmurfBot/Fundamentals/Potion.cs">
      <provider selected="true" editor-type-id="text-editor">
        <state relative-caret-position="330">
          <caret line="15" column="29" selection-start-line="15" selection-start-column="21" selection-end-line="15" selection-end-column="29" />
          <folding>
            <marker date="1701857014000" expanded="true" signature="53:595" ph="{...}" />
            <marker date="1701857014000" expanded="true" signature="160:224" ph="{...}" />
            <marker date="1701857014000" expanded="true" signature="257:343" ph="{...}" />
            <marker date="1701857014000" expanded="true" signature="372:466" ph="{...}" />
            <marker date="1701857014000" expanded="true" signature="495:589" ph="{...}" />
          </folding>
        </state>
      </provider>
    </entry>
    <entry file="file://$PROJECT_DIR$/SmurfBot/Fundamentals/Game.cs">
      <provider selected="true" editor-type-id="text-editor">
        <state relative-caret-position="308">
          <caret line="14" column="29" selection-start-line="14" selection-start-column="22" selection-end-line="14" selection-end-column="29" />
          <folding>
            <marker date="1701860464000" expanded="true" signature="51:2457" ph="{...}" />
            <marker date="1701860464000" expanded="true" signature="152:1746" ph="{...}" />
            <marker date="1701860464000" expanded="true" signature="185:264" ph="{...}" />
            <marker date="1701860464000" expanded="true" signature="297:477" ph="{...}" />
            <marker date="1701860464000" expanded="true" signature="343:440" ph="{...}" />
            <marker date="1701860464000" expanded="true" signature="510:690" ph="{...}" />
            <marker date="1701860464000" expanded="true" signature="556:653" ph="{...}" />
            <marker date="1701860464000" expanded="true" signature="723:903" ph="{...}" />
            <marker date="1701860464000" expanded="true" signature="769:866" ph="{...}" />
            <marker date="1701860464000" expanded="true" signature="936:1024" ph="{...}" />
            <marker date="1701860464000" expanded="true" signature="1057:1239" ph="{...}" />
            <marker date="1701860464000" expanded="true" signature="1107:1202" ph="{...}" />
            <marker date="1701860464000" expanded="true" signature="1272:1453" ph="{...}" />
            <marker date="1701860464000" expanded="true" signature="1322:1416" ph="{...}" />
            <marker date="1701860464000" expanded="true" signature="1486:1681" ph="{...}" />
            <marker date="1701860464000" expanded="true" signature="1536:1644" ph="{...}" />
            <marker date="1701860464000" expanded="true" signature="1694:1740" ph="{...}" />
            <marker date="1701860464000" expanded="true" signature="1835:1935" ph="{...}" />
            <marker date="1701860464000" expanded="true" signature="2006:2160" ph="{...}" />
            <marker date="1701860464000" expanded="true" signature="2038:2131" ph="{...}" />
            <marker date="1701860464000" expanded="true" signature="2229:2451" ph="{...}" />
            <marker date="1701860464000" expanded="true" signature="2281:2339" ph="{...}" />
          </folding>
        </state>
      </provider>
    </entry>
    <entry file="file://$PROJECT_DIR$/SmurfBot/Proficiencies/Smurf.cs">
      <provider selected="true" editor-type-id="text-editor">
        <state relative-caret-position="858">
          <caret line="39" selection-start-line="38" selection-end-line="39" />
          <folding>
            <marker date="1701862839000" expanded="true" signature="53:705" ph="{...}" />
            <marker date="1701862839000" expanded="true" signature="155:207" ph="{...}" />
            <marker date="1701862839000" expanded="true" signature="236:269" ph="{...}" />
            <marker date="1701862839000" expanded="true" signature="294:326" ph="{...}" />
            <marker date="1701862839000" expanded="true" signature="381:435" ph="{...}" />
            <marker date="1701862839000" expanded="true" signature="485:698" ph="{...}" />
          </folding>
        </state>
      </provider>
    </entry>
    <entry file="file://$PROJECT_DIR$/SmurfBot/Proficiencies/SmurfPoint.cs">
      <provider selected="true" editor-type-id="text-editor">
        <state relative-caret-position="440">
          <caret line="20" column="17" selection-start-line="20" selection-start-column="17" selection-end-line="20" selection-end-column="17" />
          <folding>
            <marker date="1701863062000" expanded="true" signature="58:321" ph="{...}" />
            <marker date="1701863062000" expanded="true" signature="162:204" ph="{...}" />
            <marker date="1701863062000" expanded="true" signature="230:260" ph="{...}" />
            <marker date="1701863062000" expanded="true" signature="286:316" ph="{...}" />
          </folding>
        </state>
      </provider>
    </entry>
    <entry file="file://$PROJECT_DIR$/SmurfBot/Proficiencies/MagicFormula.cs">
      <provider selected="true" editor-type-id="text-editor">
        <state relative-caret-position="877">
          <caret line="69" column="37" selection-start-line="69" selection-start-column="37" selection-end-line="69" selection-end-column="37" />
          <folding>
            <marker date="1701969407000" expanded="true" signature="60:2443" ph="{...}" />
            <marker date="1701969407000" expanded="true" signature="127:317" ph="{...}" />
            <marker date="1701969407000" expanded="true" signature="367:649" ph="{...}" />
            <marker date="1701969407000" expanded="true" signature="542:596" ph="{...}" />
            <marker date="1701969407000" expanded="true" signature="713:987" ph="{...}" />
            <marker date="1701969407000" expanded="true" signature="836:957" ph="{...}" />
            <marker date="1701969407000" expanded="true" signature="1062:1726" ph="{...}" />
            <marker date="1701969407000" expanded="true" signature="1251:1469" ph="{...}" />
            <marker date="1701969407000" expanded="true" signature="1802:1899" ph="{...}" />
            <marker date="1701969407000" expanded="true" signature="1985:2154" ph="{...}" />
            <marker date="1701969407000" expanded="true" signature="2213:2435" ph="{...}" />
          </folding>
        </state>
      </provider>
    </entry>
  </component>
</project>