<project version="4">
  <component name="BookmarksManager">
    <option name="groups">
      <GroupState>
        <option name="name" value="SmurfGetaway" />
      </GroupState>
    </option>
  </component>
  <component name="BranchesTreeState">
    <expand>
      <path>
        <item name="ROOT" type="e8cecc67:BranchNodeDescriptor" />
        <item name="LOCAL_ROOT" type="e8cecc67:BranchNodeDescriptor" />
      </path>
      <path>
        <item name="ROOT" type="e8cecc67:BranchNodeDescriptor" />
        <item name="REMOTE_ROOT" type="e8cecc67:BranchNodeDescriptor" />
      </path>
      <path>
        <item name="ROOT" type="e8cecc67:BranchNodeDescriptor" />
        <item name="REMOTE_ROOT" type="e8cecc67:BranchNodeDescriptor" />
        <item name="GROUP_NODE:origin" type="e8cecc67:BranchNodeDescriptor" />
      </path>
    </expand>
    <select />
  </component>
  <component name="FileEditorManager">
    <leaf SIDE_TABS_SIZE_LIMIT_KEY="-1">
      <file current-in-tab="false">
        <entry file="file://$PROJECT_DIR$/SmurfGetaway/Program.cs">
          <provider selected="true" editor-type-id="text-editor">
            <state relative-caret-position="633">
              <caret line="84" column="34" selection-start-line="84" selection-start-column="34" selection-end-line="84" selection-end-column="34" />
              <folding>
                <marker date="1703097607000" expanded="true" signature="0:399" ph="/*..." />
                <marker date="1703097607000" expanded="true" signature="401:1296" ph="/* Queue&lt;(int, string)&gt; seq1 = new Queue&lt;(int, string)&gt; ( ... */" />
                <marker date="1703097607000" expanded="true" signature="1298:1699" ph="/* SmurfGetaway.Fundamentals.OOP.Book book1 = new SmurfGetaway.Fundamentals.OOP.Book(72, &quot;Smurfenstein&quot;); ... */" />
                <marker date="1703097607000" expanded="true" signature="1735:2005" ph="/* List&lt;Smurf&gt; smurfs = SmurfGetaway.Enhancements.DataProcessing.ParseSmurfFile(&quot;../../../Enhancements/Smurfs_lis ... */" />
                <marker date="1703097607000" expanded="true" signature="2850:2891" ph="{...}" />
                <marker date="1703097607000" expanded="true" signature="2930:2972" ph="{...}" />
              </folding>
            </state>
          </provider>
        </entry>
      </file>
      <file current-in-tab="false">
        <entry file="file://$PROJECT_DIR$/SmurfGetaway/Proficiencies/Path.cs">
          <provider selected="true" editor-type-id="text-editor">
            <state relative-caret-position="198">
              <caret line="7" column="38" selection-start-line="7" selection-start-column="38" selection-end-line="7" selection-end-column="38" />
              <folding>
                <marker date="1703165430000" expanded="true" signature="56:191" ph="{...}" />
                <marker date="1703165430000" expanded="true" signature="136:188" ph="{...}" />
              </folding>
            </state>
          </provider>
        </entry>
      </file>
      <file current-in-tab="false">
        <entry file="file://$PROJECT_DIR$/SmurfGetaway/Enhancements/DataProcessing.cs">
          <provider selected="true" editor-type-id="text-editor">
            <state relative-caret-position="787">
              <caret line="101" column="9" selection-start-line="101" selection-start-column="9" selection-end-line="101" selection-end-column="9" />
              <folding>
                <marker date="1703167635000" expanded="true" signature="6:59" ph="..." />
                <marker date="1703167635000" expanded="true" signature="126:5114" ph="{...}" />
                <marker date="1703167635000" expanded="true" signature="174:423" ph="{...}" />
                <marker date="1703167635000" expanded="true" signature="258:295" ph="{...}" />
                <marker date="1703167635000" expanded="true" signature="342:393" ph="{...}" />
                <marker date="1703167635000" expanded="true" signature="473:727" ph="{...}" />
                <marker date="1703167635000" expanded="true" signature="571:608" ph="{...}" />
                <marker date="1703167635000" expanded="true" signature="646:697" ph="{...}" />
                <marker date="1703167635000" expanded="true" signature="785:3548" ph="{...}" />
                <marker date="1703167635000" expanded="true" signature="852:3393" ph="{...}" />
                <marker date="1703167635000" expanded="true" signature="992:3359" ph="{...}" />
                <marker date="1703167635000" expanded="true" signature="1038:3307" ph="{...}" />
                <marker date="1703167635000" expanded="true" signature="1610:1778" ph="{...}" />
                <marker date="1703167635000" expanded="true" signature="2294:3289" ph="{...}" />
                <marker date="1703167635000" expanded="true" signature="2355:2504" ph="..." />
                <marker date="1703167635000" expanded="true" signature="2546:2698" ph="..." />
                <marker date="1703167635000" expanded="true" signature="2745:2896" ph="..." />
                <marker date="1703167635000" expanded="true" signature="2934:3082" ph="..." />
                <marker date="1703167635000" expanded="true" signature="3115:3267" ph="..." />
                <marker date="1703167635000" expanded="true" signature="3419:3518" ph="{...}" />
                <marker date="1703167635000" expanded="true" signature="3608:4058" ph="{...}" />
                <marker date="1703167635000" expanded="true" signature="3710:4027" ph="{...}" />
                <marker date="1703167635000" expanded="true" signature="3764:4017" ph="{...}" />
                <marker date="1703167635000" expanded="true" signature="3866:4003" ph="{...}" />
                <marker date="1703167635000" expanded="true" signature="4122:4517" ph="{...}" />
                <marker date="1703167635000" expanded="true" signature="4227:4511" ph="{...}" />
                <marker date="1703167635000" expanded="true" signature="4330:4501" ph="{...}" />
                <marker date="1703167635000" expanded="true" signature="4595:4734" ph="{...}" />
                <marker date="1703167635000" expanded="true" signature="4788:4848" ph="{...}" />
                <marker date="1703167635000" expanded="true" signature="4911:4945" ph="{...}" />
                <marker date="1703167635000" expanded="true" signature="5019:5107" ph="{...}" />
              </folding>
            </state>
          </provider>
        </entry>
      </file>
      <file current-in-tab="false">
        <entry file="file://$PROJECT_DIR$/SmurfGetaway/Proficiencies/Node.cs">
          <provider selected="true" editor-type-id="text-editor">
            <state relative-caret-position="66">
              <caret line="2" column="13" selection-start-line="2" selection-start-column="13" selection-end-line="2" selection-end-column="13" />
              <folding>
                <marker date="1702898632000" expanded="true" signature="56:588" ph="{...}" />
                <marker date="1702898632000" expanded="true" signature="293:445" ph="{...}" />
                <marker date="1702898632000" expanded="true" signature="479:586" ph="{...}" />
              </folding>
            </state>
          </provider>
        </entry>
      </file>
      <file current-in-tab="false">
        <entry file="file://$PROJECT_DIR$/SmurfGetaway/Enhancements/Smurf.cs">
          <provider selected="true" editor-type-id="text-editor">
            <state relative-caret-position="809">
              <caret line="79" column="45" selection-start-line="79" selection-start-column="40" selection-end-line="79" selection-end-column="45" />
              <folding>
                <marker date="1703095825000" expanded="true" signature="56:2075" ph="{...}" />
                <marker date="1703095825000" expanded="true" signature="277:311" ph="{...}" />
                <marker date="1703095825000" expanded="true" signature="331:367" ph="{...}" />
                <marker date="1703095825000" expanded="true" signature="390:427" ph="{...}" />
                <marker date="1703095825000" expanded="true" signature="452:491" ph="{...}" />
                <marker date="1703095825000" expanded="true" signature="514:550" ph="{...}" />
                <marker date="1703095825000" expanded="true" signature="581:625" ph="{...}" />
                <marker date="1703095825000" expanded="true" signature="659:704" ph="{...}" />
                <marker date="1703095825000" expanded="true" signature="838:1043" ph="{...}" />
                <marker date="1703095825000" expanded="true" signature="1070:2071" ph="{...}" />
                <marker date="1703095825000" expanded="true" signature="1386:1532" ph="{...}" />
                <marker date="1703095825000" expanded="true" signature="1587:1727" ph="{...}" />
                <marker date="1703095825000" expanded="true" signature="1778:1919" ph="{...}" />
                <marker date="1703095825000" expanded="true" signature="1968:2041" ph="{...}" />
              </folding>
            </state>
          </provider>
        </entry>
      </file>
      <file>
        <entry file="file://$PROJECT_DIR$/SmurfGetaway/Enhancements/ArtistSmurf.cs">
          <provider selected="true" editor-type-id="text-editor">
            <state relative-caret-position="726">
              <caret line="36" column="5" lean-forward="true" selection-start-line="36" selection-start-column="5" selection-end-line="36" selection-end-column="5" />
              <folding>
                <marker date="1703089024000" expanded="true" signature="70:1094" ph="{...}" />
                <marker date="1703089024000" expanded="true" signature="166:207" ph="{...}" />
                <marker date="1703089024000" expanded="true" signature="240:317" ph="{...}" />
                <marker date="1703089024000" expanded="true" signature="516:1091" ph="{...}" />
                <marker date="1703089024000" expanded="true" signature="590:1085" ph="{...}" />
                <marker date="1703089024000" expanded="true" signature="661:1075" ph="{...}" />
                <marker date="1703089024000" expanded="true" signature="945:1061" ph="{...}" />
              </folding>
            </state>
          </provider>
        </entry>
      </file>
      <file current-in-tab="false">
        <entry file="file://$PROJECT_DIR$/SmurfGetaway/Fundamentals/OOP/Shelf.cs">
          <provider selected="true" editor-type-id="text-editor">
            <state relative-caret-position="418">
              <caret line="19" column="29" selection-start-line="19" selection-start-column="29" selection-end-line="19" selection-end-column="29" />
              <folding>
                <marker date="1703085319000" expanded="true" signature="60:2374" ph="{...}" />
                <marker date="1703085319000" expanded="true" signature="261:479" ph="{...}" />
                <marker date="1703085319000" expanded="true" signature="409:473" ph="{...}" />
                <marker date="1703085319000" expanded="true" signature="524:708" ph="{...}" />
                <marker date="1703085319000" expanded="true" signature="749:974" ph="{...}" />
                <marker date="1703085319000" expanded="true" signature="797:945" ph="{...}" />
                <marker date="1703085319000" expanded="true" signature="851:935" ph="{...}" />
                <marker date="1703085319000" expanded="true" signature="1003:1223" ph="{...}" />
                <marker date="1703085319000" expanded="true" signature="1074:1194" ph="{...}" />
                <marker date="1703085319000" expanded="true" signature="1131:1184" ph="{...}" />
                <marker date="1703085319000" expanded="true" signature="1260:2368" ph="{...}" />
                <marker date="1703085319000" expanded="true" signature="1356:2340" ph="{...}" />
                <marker date="1703085319000" expanded="true" signature="1564:2329" ph="{...}" />
                <marker date="1703085319000" expanded="true" signature="1682:1834" ph="{...}" />
                <marker date="1703085319000" expanded="true" signature="1888:2038" ph="{...}" />
                <marker date="1703085319000" expanded="true" signature="2059:2204" ph="{...}" />
              </folding>
            </state>
          </provider>
        </entry>
      </file>
      <file current-in-tab="false">
        <entry file="file://$PROJECT_DIR$/SmurfGetaway/Fundamentals/Collections/Pile.cs">
          <provider selected="true" editor-type-id="text-editor">
            <state relative-caret-position="132">
              <caret line="4" column="84" selection-start-line="4" selection-start-column="84" selection-end-line="4" selection-end-column="84" />
              <folding>
                <marker date="1703166203000" expanded="true" signature="67:1062" ph="{...}" />
                <marker date="1703166203000" expanded="true" signature="349:1059" ph="{...}" />
                <marker date="1703166203000" expanded="true" signature="458:990" ph="{...}" />
                <marker date="1703166203000" expanded="true" signature="518:576" ph="{...}" />
                <marker date="1703166203000" expanded="true" signature="631:911" ph="{...}" />
                <marker date="1703166203000" expanded="true" signature="928:980" ph="{...}" />
              </folding>
            </state>
          </provider>
        </entry>
      </file>
      <file current-in-tab="false">
        <entry file="file://$PROJECT_DIR$/SmurfGetaway/Fundamentals/Collections/Library.cs">
          <provider selected="true" editor-type-id="text-editor">
            <state relative-caret-position="700">
              <caret line="53" selection-start-line="53" selection-end-line="53" />
              <folding>
                <marker date="1703166203000" expanded="false" signature="6:57" ph="..." />
                <marker date="1703166203000" expanded="true" signature="129:1312" ph="{...}" />
                <marker date="1703166203000" expanded="true" signature="223:444" ph="{...}" />
                <marker date="1703166203000" expanded="true" signature="274:438" ph="{...}" />
                <marker date="1703166203000" expanded="true" signature="529:766" ph="{...}" />
                <marker date="1703166203000" expanded="true" signature="651:737" ph="{...}" />
                <marker date="1703166203000" expanded="true" signature="810:1012" ph="{...}" />
                <marker date="1703166203000" expanded="true" signature="875:937" ph="{...}" />
                <marker date="1703166203000" expanded="true" signature="1093:1303" ph="{...}" />
                <marker date="1703166203000" expanded="true" signature="1194:1274" ph="{...}" />
              </folding>
            </state>
          </provider>
        </entry>
      </file>
      <file current-in-tab="false">
        <entry file="file://$PROJECT_DIR$/SmurfGetaway/Fundamentals/Collections/Sequence.cs">
          <provider selected="true" editor-type-id="text-editor">
            <state relative-caret-position="924">
              <caret line="42" column="25" selection-start-line="42" selection-start-column="25" selection-end-line="42" selection-end-column="25" />
              <folding>
                <marker date="1703077749000" expanded="true" signature="71:2212" ph="{...}" />
                <marker date="1703077749000" expanded="true" signature="154:294" ph="{...}" />
                <marker date="1703077749000" expanded="true" signature="193:265" ph="{...}" />
                <marker date="1703077749000" expanded="true" signature="356:782" ph="{...}" />
                <marker date="1703077749000" expanded="true" signature="499:673" ph="{...}" />
                <marker date="1703077749000" expanded="true" signature="596:663" ph="{...}" />
                <marker date="1703077749000" expanded="true" signature="709:776" ph="{...}" />
                <marker date="1703077749000" expanded="true" signature="834:1054" ph="{...}" />
                <marker date="1703077749000" expanded="true" signature="903:1021" ph="{...}" />
                <marker date="1703077749000" expanded="true" signature="1114:1408" ph="{...}" />
                <marker date="1703077749000" expanded="true" signature="1243:1379" ph="{...}" />
                <marker date="1703077749000" expanded="true" signature="1501:2209" ph="{...}" />
                <marker date="1703077749000" expanded="true" signature="1708:1895" ph="{...}" />
                <marker date="1703077749000" expanded="true" signature="1996:2063" ph="{...}" />
                <marker date="1703077749000" expanded="true" signature="2107:2173" ph="{...}" />
              </folding>
            </state>
          </provider>
        </entry>
      </file>
    </leaf>
  </component>
  <component name="FileTypeUsageLocalSummary">
    <fileType name="C#">
      <summary usageCount="102" lastUsed="1703170139412" />
    </fileType>
    <fileType name="PLAIN_TEXT">
      <summary usageCount="3" lastUsed="1703164152644" />
    </fileType>
  </component>
  <component name="FindInProjectRecents">
    <findStrings>
      <find>Console</find>
    </findStrings>
  </component>
  <component name="IdeDocumentHistory">
    <changedPaths>
      <option value="$PROJECT_DIR$/Tests/UnitTest1.cs" />
      <option value="$PROJECT_DIR$/SmurfGetaway/Fundamentals/Mess.cs" />
      <option value="$PROJECT_DIR$/SmurfGetaway/Fundamentals/Collections/Dominoes.cs" />
      <option value="$PROJECT_DIR$/SmurfGetaway/Fundamentals/Collections/Sequence.cs" />
      <option value="$PROJECT_DIR$/SmurfGetaway/Fundamentals/OOP/MagicType.cs" />
      <option value="$PROJECT_DIR$/SmurfGetaway/Fundamentals/OOP/SpellBook.cs" />
      <option value="$PROJECT_DIR$/SmurfGetaway/Fundamentals/OOP/RecipeBook.cs" />
      <option value="$PROJECT_DIR$/SmurfGetaway/Enhancements/PhysicalSmurf.cs" />
      <option value="$PROJECT_DIR$/SmurfGetaway/Enhancements/EmotionalSmurf.cs" />
      <option value="$PROJECT_DIR$/SmurfGetaway/Enhancements/OtherSmurf.cs" />
      <option value="$PROJECT_DIR$/SmurfGetaway/Enhancements/ArtistSmurf.cs" />
      <option value="$PROJECT_DIR$/SmurfGetaway/Fundamentals/OOP/Book.cs" />
      <option value="$PROJECT_DIR$/SmurfGetaway/Fundamentals/OOP/Shelf.cs" />
      <option value="$PROJECT_DIR$/SmurfGetaway/Enhancements/Smurfs_list" />
      <option value="$PROJECT_DIR$/SmurfGetaway/Enhancements/Smurf.cs" />
      <option value="$PROJECT_DIR$/SmurfGetaway/Enhancements/CraftsmenSmurf.cs" />
      <option value="$PROJECT_DIR$/SmurfGetaway/Program.cs" />
      <option value="$PROJECT_DIR$/SmurfGetaway/Proficiencies/Path.cs" />
      <option value="$PROJECT_DIR$/SmurfGetaway/Fundamentals/Collections/Library.cs" />
      <option value="$PROJECT_DIR$/SmurfGetaway/Fundamentals/Collections/Pile.cs" />
      <option value="$PROJECT_DIR$/SmurfGetaway/Enhancements/DataProcessing.cs" />
    </changedPaths>
  </component>
  <component name="IgnoredFileRootStore">
    <option name="generatedRoots">
      <set>
        <option value="$PROJECT_DIR$/.idea/.idea.SmurfGetaway/.idea" />
      </set>
    </option>
  </component>
  <component name="LanguageUsageStatistics">
    <language id="C#">
      <summary usageCount="102" lastUsage="1703170139412" />
    </language>
    <language id="TEXT">
      <summary usageCount="3" lastUsage="1703164152644" />
    </language>
  </component>
  <component name="ProjectView">
    <navigator currentView="SolutionExplorer" proportions="0.9" version="1" />
    <panes>
      <pane id="FileSystemExplorer" />
      <pane id="SolutionExplorer">
        <subPane>
          <expand>
            <path>
              <item name="Project" type="784c90a0:SolutionExplorerRootNode" />
              <item name="SmurfGetaway" type="24d0babc:SolutionExplorerModelNode" />
            </path>
            <path>
              <item name="Project" type="784c90a0:SolutionExplorerRootNode" />
              <item name="SmurfGetaway" type="24d0babc:SolutionExplorerModelNode" />
              <item name="SmurfGetaway" type="24d0babc:SolutionExplorerModelNode" />
            </path>
            <path>
              <item name="Project" type="784c90a0:SolutionExplorerRootNode" />
              <item name="SmurfGetaway" type="24d0babc:SolutionExplorerModelNode" />
              <item name="SmurfGetaway" type="24d0babc:SolutionExplorerModelNode" />
              <item name="Enhancements" type="24d0babc:SolutionExplorerModelNode" />
            </path>
            <path>
              <item name="Project" type="784c90a0:SolutionExplorerRootNode" />
              <item name="SmurfGetaway" type="24d0babc:SolutionExplorerModelNode" />
              <item name="SmurfGetaway" type="24d0babc:SolutionExplorerModelNode" />
              <item name="Fundamentals" type="24d0babc:SolutionExplorerModelNode" />
            </path>
            <path>
              <item name="Project" type="784c90a0:SolutionExplorerRootNode" />
              <item name="SmurfGetaway" type="24d0babc:SolutionExplorerModelNode" />
              <item name="SmurfGetaway" type="24d0babc:SolutionExplorerModelNode" />
              <item name="Fundamentals" type="24d0babc:SolutionExplorerModelNode" />
              <item name="Collections" type="24d0babc:SolutionExplorerModelNode" />
            </path>
            <path>
              <item name="Project" type="784c90a0:SolutionExplorerRootNode" />
              <item name="SmurfGetaway" type="24d0babc:SolutionExplorerModelNode" />
              <item name="SmurfGetaway" type="24d0babc:SolutionExplorerModelNode" />
              <item name="Fundamentals" type="24d0babc:SolutionExplorerModelNode" />
              <item name="OOP" type="24d0babc:SolutionExplorerModelNode" />
            </path>
            <path>
              <item name="Project" type="784c90a0:SolutionExplorerRootNode" />
              <item name="SmurfGetaway" type="24d0babc:SolutionExplorerModelNode" />
              <item name="SmurfGetaway" type="24d0babc:SolutionExplorerModelNode" />
              <item name="Proficiencies" type="24d0babc:SolutionExplorerModelNode" />
            </path>
          </expand>
          <select>
            <path>
              <item name="Project" type="784c90a0:SolutionExplorerRootNode" />
              <item name="SmurfGetaway" type="24d0babc:SolutionExplorerModelNode" />
              <item name="SmurfGetaway" type="24d0babc:SolutionExplorerModelNode" />
              <item name="Enhancements" type="24d0babc:SolutionExplorerModelNode" />
              <item name="ArtistSmurf.cs" type="24d0babc:SolutionExplorerModelNode" />
            </path>
          </select>
        </subPane>
        <option name="show-all-files" value="false" />
        <option name="show-project-imports" value="true" />
        <option name="autoscroll-all" value="false" />
        <option name="show-scratches" value="true" />
        <option name="search-dependencies" value="false" />
        <option name="show-unreal-project-files" value="true" />
      </pane>
      <pane id="AssemblyExplorer" />
    </panes>
  </component>
  <component name="RiderPerAppToolWindowOpenedTWKeeper">
    <option name="map">
      <map>
        <entry key="Bookmarks">
          <value>
            <window_info id="Bookmarks" side_tool="true" />
          </value>
        </entry>
        <entry key="Build">
          <value>
            <window_info anchor="bottom" id="Build" order="4" weight="0.3303187" />
          </value>
        </entry>
        <entry key="Commit">
          <value>
            <window_info id="Commit" />
          </value>
        </entry>
        <entry key="Database">
          <value>
            <window_info anchor="right" id="Database" order="0" />
          </value>
        </entry>
        <entry key="Database Changes">
          <value>
            <window_info anchor="bottom" id="Database Changes" show_stripe_button="false" />
          </value>
        </entry>
        <entry key="Debug">
          <value>
            <window_info anchor="bottom" id="Debug" order="3" weight="0.40008613" />
          </value>
        </entry>
        <entry key="Dynamic Program Analysis">
          <value>
            <window_info anchor="bottom" id="Dynamic Program Analysis" />
          </value>
        </entry>
        <entry key="Endpoints">
          <value>
            <window_info anchor="right" id="Endpoints" order="0" show_stripe_button="false" />
          </value>
        </entry>
        <entry key="File Transfer">
          <value>
            <window_info anchor="bottom" id="File Transfer" />
          </value>
        </entry>
        <entry key="Find">
          <value>
            <window_info anchor="bottom" id="Find" order="1" />
          </value>
        </entry>
        <entry key="IL Viewer">
          <value>
            <window_info anchor="right" id="IL Viewer" />
          </value>
        </entry>
        <entry key="Inspection">
          <value>
            <window_info anchor="bottom" id="Inspection" order="4" weight="0.4" />
          </value>
        </entry>
        <entry key="Notifications">
          <value>
            <window_info anchor="right" id="Notifications" order="0" weight="0.25" />
          </value>
        </entry>
        <entry key="NuGet">
          <value>
            <window_info anchor="bottom" id="NuGet" order="4" />
          </value>
        </entry>
        <entry key="Problems View">
          <value>
            <window_info anchor="bottom" id="Problems View" order="4" weight="0.3303187" />
          </value>
        </entry>
        <entry key="Project">
          <value>
            <window_info active="true" content_ui="combo" id="Project" order="0" visible="true" weight="0.21372652" />
          </value>
        </entry>
        <entry key="Pull Requests">
          <value>
            <window_info id="Pull Requests" />
          </value>
        </entry>
        <entry key="Run">
          <value>
            <window_info active="true" anchor="bottom" id="Run" order="2" visible="true" weight="0.24677002" />
          </value>
        </entry>
        <entry key="Services">
          <value>
            <window_info anchor="bottom" id="Services" order="4" show_stripe_button="false" />
          </value>
        </entry>
        <entry key="Space Code Reviews">
          <value>
            <window_info id="Space Code Reviews" />
          </value>
        </entry>
        <entry key="Structure">
          <value>
            <window_info id="Structure" order="0" side_tool="true" />
          </value>
        </entry>
        <entry key="TODO">
          <value>
            <window_info anchor="bottom" id="TODO" />
          </value>
        </entry>
        <entry key="Terminal">
          <value>
            <window_info anchor="bottom" id="Terminal" order="4" />
          </value>
        </entry>
        <entry key="TypeScript">
          <value>
            <window_info anchor="bottom" id="TypeScript" />
          </value>
        </entry>
        <entry key="Unit Tests">
          <value>
            <window_info anchor="bottom" id="Unit Tests" weight="0.3299712" />
          </value>
        </entry>
        <entry key="Unit Tests Coverage">
          <value>
            <window_info anchor="right" id="Unit Tests Coverage" />
          </value>
        </entry>
        <entry key="Version Control">
          <value>
            <window_info anchor="bottom" id="Version Control" order="0" weight="0.3303187" />
          </value>
        </entry>
        <entry key="documentation.v2">
          <value>
            <window_info anchor="right" id="documentation.v2" side_tool="true" />
          </value>
        </entry>
        <entry key="dotMemory Profiler">
          <value>
            <window_info anchor="bottom" id="dotMemory Profiler" />
          </value>
        </entry>
        <entry key="dotTrace Profiler">
          <value>
            <window_info anchor="bottom" id="dotTrace Profiler" />
          </value>
        </entry>
      </map>
    </option>
  </component>
  <component name="RunConfigurationStartHistory">
    <history>
      <element setting=".NET Project.SmurfGetaway" />
    </history>
  </component>
  <component name="RunToolbarSettings">
    <option name="slotOrder">
      <option value="39898eb3-5fe1-42f8-9c6a-6eeac0c9cb80" />
    </option>
    <slots>
      <entry key="39898eb3-5fe1-42f8-9c6a-6eeac0c9cb80" value=".NET Project.SmurfGetaway" />
    </slots>
  </component>
  <component name="TimeTrackingManager">
    <option name="totallyTimeSpent" value="34220000" />
  </component>
  <component name="TodoView">
    <todo-panel id="selected-file">
      <is-autoscroll-to-source value="true" />
    </todo-panel>
    <todo-panel id="all">
      <are-packages-shown value="true" />
      <is-autoscroll-to-source value="true" />
    </todo-panel>
  </component>
  <component name="ToolWindowManager">
    <editor active="true" />
    <layout>
      <window_info id="Space Code Reviews" />
      <window_info id="Bookmarks" side_tool="true" />
      <window_info id="Pull Requests" />
      <window_info id="Commit" />
      <window_info id="Structure" order="0" side_tool="true" />
      <window_info active="true" content_ui="combo" id="Project" order="0" visible="true" weight="0.21372652" />
      <window_info anchor="bottom" id="Database Changes" show_stripe_button="false" />
      <window_info anchor="bottom" id="TypeScript" />
      <window_info anchor="bottom" id="Dynamic Program Analysis" />
      <window_info anchor="bottom" id="TODO" />
      <window_info anchor="bottom" id="Unit Tests" weight="0.3299712" />
      <window_info anchor="bottom" id="dotTrace Profiler" />
      <window_info anchor="bottom" id="File Transfer" />
      <window_info anchor="bottom" id="dotMemory Profiler" />
      <window_info anchor="bottom" id="Version Control" order="0" weight="0.3303187" />
      <window_info anchor="bottom" id="Find" order="1" />
      <window_info active="true" anchor="bottom" id="Run" order="2" visible="true" weight="0.24677002" />
      <window_info anchor="bottom" id="Debug" order="3" weight="0.40008613" />
      <window_info anchor="bottom" id="Build" order="4" weight="0.3303187" />
      <window_info anchor="bottom" id="Inspection" order="4" weight="0.4" />
      <window_info anchor="bottom" id="Problems View" order="4" weight="0.3303187" />
      <window_info anchor="bottom" id="Terminal" order="4" />
      <window_info anchor="bottom" id="NuGet" order="4" />
      <window_info anchor="bottom" id="Services" order="4" show_stripe_button="false" />
      <window_info anchor="right" id="Unit Tests Coverage" />
      <window_info anchor="right" id="IL Viewer" />
      <window_info anchor="right" id="documentation.v2" side_tool="true" />
      <window_info anchor="right" id="Endpoints" order="0" show_stripe_button="false" />
      <window_info anchor="right" id="Database" order="0" />
      <window_info anchor="right" id="Notifications" order="0" weight="0.25" />
      <unified_weights bottom="0.24677002" left="0.21372652" />
    </layout>
    <recentWindows>
      <value>Project</value>
    </recentWindows>
  </component>
  <component name="WindowStateProjectService">
    <state x="624" y="348" key="FileChooserDialogImpl" timestamp="1703085003735">
      <screen x="0" y="0" width="1920" height="1200" />
    </state>
    <state x="624" y="348" key="FileChooserDialogImpl/0.0.1920.1200@0.0.1920.1200" timestamp="1703085003735" />
    <state width="1874" height="258" key="GridCell.Tab.0.bottom" timestamp="1703097805550">
      <screen x="0" y="0" width="1920" height="1200" />
    </state>
    <state width="1874" height="228" key="GridCell.Tab.0.bottom/0.0.1920.1080@0.0.1920.1080" timestamp="1703002820356" />
    <state width="1874" height="258" key="GridCell.Tab.0.bottom/0.0.1920.1200@0.0.1920.1200" timestamp="1703097805550" />
    <state width="1874" height="258" key="GridCell.Tab.0.center" timestamp="1703097805550">
      <screen x="0" y="0" width="1920" height="1200" />
    </state>
    <state width="1874" height="228" key="GridCell.Tab.0.center/0.0.1920.1080@0.0.1920.1080" timestamp="1703002820356" />
    <state width="1874" height="258" key="GridCell.Tab.0.center/0.0.1920.1200@0.0.1920.1200" timestamp="1703097805550" />
    <state width="1874" height="258" key="GridCell.Tab.0.left" timestamp="1703097805550">
      <screen x="0" y="0" width="1920" height="1200" />
    </state>
    <state width="1874" height="228" key="GridCell.Tab.0.left/0.0.1920.1080@0.0.1920.1080" timestamp="1703002820356" />
    <state width="1874" height="258" key="GridCell.Tab.0.left/0.0.1920.1200@0.0.1920.1200" timestamp="1703097805550" />
    <state width="1874" height="258" key="GridCell.Tab.0.right" timestamp="1703097805550">
      <screen x="0" y="0" width="1920" height="1200" />
    </state>
    <state width="1874" height="228" key="GridCell.Tab.0.right/0.0.1920.1080@0.0.1920.1080" timestamp="1703002820356" />
    <state width="1874" height="258" key="GridCell.Tab.0.right/0.0.1920.1200@0.0.1920.1200" timestamp="1703097805550" />
    <state width="1874" height="436" key="GridCell.Tab.1.bottom" timestamp="1703094017302">
      <screen x="0" y="0" width="1920" height="1200" />
    </state>
    <state width="1874" height="436" key="GridCell.Tab.1.bottom/0.0.1920.1200@0.0.1920.1200" timestamp="1703094017302" />
    <state width="1874" height="436" key="GridCell.Tab.1.center" timestamp="1703094017302">
      <screen x="0" y="0" width="1920" height="1200" />
    </state>
    <state width="1874" height="436" key="GridCell.Tab.1.center/0.0.1920.1200@0.0.1920.1200" timestamp="1703094017302" />
    <state width="1874" height="436" key="GridCell.Tab.1.left" timestamp="1703094017302">
      <screen x="0" y="0" width="1920" height="1200" />
    </state>
    <state width="1874" height="436" key="GridCell.Tab.1.left/0.0.1920.1200@0.0.1920.1200" timestamp="1703094017302" />
    <state width="1874" height="436" key="GridCell.Tab.1.right" timestamp="1703094017302">
      <screen x="0" y="0" width="1920" height="1200" />
    </state>
    <state width="1874" height="436" key="GridCell.Tab.1.right/0.0.1920.1200@0.0.1920.1200" timestamp="1703094017302" />
    <state width="1874" height="436" key="GridCell.Tab.2.bottom" timestamp="1703094017302">
      <screen x="0" y="0" width="1920" height="1200" />
    </state>
    <state width="1874" height="436" key="GridCell.Tab.2.bottom/0.0.1920.1200@0.0.1920.1200" timestamp="1703094017302" />
    <state width="1874" height="436" key="GridCell.Tab.2.center" timestamp="1703094017302">
      <screen x="0" y="0" width="1920" height="1200" />
    </state>
    <state width="1874" height="436" key="GridCell.Tab.2.center/0.0.1920.1200@0.0.1920.1200" timestamp="1703094017302" />
    <state width="1874" height="436" key="GridCell.Tab.2.left" timestamp="1703094017302">
      <screen x="0" y="0" width="1920" height="1200" />
    </state>
    <state width="1874" height="436" key="GridCell.Tab.2.left/0.0.1920.1200@0.0.1920.1200" timestamp="1703094017302" />
    <state width="1874" height="436" key="GridCell.Tab.2.right" timestamp="1703094017302">
      <screen x="0" y="0" width="1920" height="1200" />
    </state>
    <state width="1874" height="436" key="GridCell.Tab.2.right/0.0.1920.1200@0.0.1920.1200" timestamp="1703094017302" />
    <state width="1874" height="436" key="GridCell.Tab.3.bottom" timestamp="1703094017302">
      <screen x="0" y="0" width="1920" height="1200" />
    </state>
    <state width="1874" height="436" key="GridCell.Tab.3.bottom/0.0.1920.1200@0.0.1920.1200" timestamp="1703094017302" />
    <state width="1874" height="436" key="GridCell.Tab.3.center" timestamp="1703094017302">
      <screen x="0" y="0" width="1920" height="1200" />
    </state>
    <state width="1874" height="436" key="GridCell.Tab.3.center/0.0.1920.1200@0.0.1920.1200" timestamp="1703094017302" />
    <state width="1874" height="436" key="GridCell.Tab.3.left" timestamp="1703094017302">
      <screen x="0" y="0" width="1920" height="1200" />
    </state>
    <state width="1874" height="436" key="GridCell.Tab.3.left/0.0.1920.1200@0.0.1920.1200" timestamp="1703094017302" />
    <state width="1874" height="436" key="GridCell.Tab.3.right" timestamp="1703094017302">
      <screen x="0" y="0" width="1920" height="1200" />
    </state>
    <state width="1874" height="436" key="GridCell.Tab.3.right/0.0.1920.1200@0.0.1920.1200" timestamp="1703094017302" />
    <state width="1874" height="436" key="GridCell.Tab.4.bottom" timestamp="1703094017302">
      <screen x="0" y="0" width="1920" height="1200" />
    </state>
    <state width="1874" height="436" key="GridCell.Tab.4.bottom/0.0.1920.1200@0.0.1920.1200" timestamp="1703094017302" />
    <state width="1874" height="436" key="GridCell.Tab.4.center" timestamp="1703094017302">
      <screen x="0" y="0" width="1920" height="1200" />
    </state>
    <state width="1874" height="436" key="GridCell.Tab.4.center/0.0.1920.1200@0.0.1920.1200" timestamp="1703094017302" />
    <state width="1874" height="436" key="GridCell.Tab.4.left" timestamp="1703094017302">
      <screen x="0" y="0" width="1920" height="1200" />
    </state>
    <state width="1874" height="436" key="GridCell.Tab.4.left/0.0.1920.1200@0.0.1920.1200" timestamp="1703094017302" />
    <state width="1874" height="436" key="GridCell.Tab.4.right" timestamp="1703094017302">
      <screen x="0" y="0" width="1920" height="1200" />
    </state>
    <state width="1874" height="436" key="GridCell.Tab.4.right/0.0.1920.1200@0.0.1920.1200" timestamp="1703094017302" />
    <state x="555" y="265" width="804" height="520" key="Rider.ProjectTemplateDialog.Size" timestamp="1702996549671">
      <screen x="0" y="0" width="1920" height="1080" />
    </state>
    <state x="555" y="265" width="804" height="520" key="Rider.ProjectTemplateDialog.Size/0.0.1920.1080@0.0.1920.1080" timestamp="1702996549671" />
    <state x="622" y="275" key="run.anything.popup" timestamp="1703084338519">
      <screen x="0" y="0" width="1920" height="1200" />
    </state>
    <state x="622" y="275" key="run.anything.popup/0.0.1920.1200@0.0.1920.1200" timestamp="1703084338519" />
    <state x="281" y="43" width="672" height="685" key="search.everywhere.popup" timestamp="1703078706080">
      <screen x="0" y="0" width="1920" height="1200" />
    </state>
    <state x="281" y="43" width="672" height="685" key="search.everywhere.popup/0.0.1920.1200@0.0.1920.1200" timestamp="1703078706080" />
  </component>
  <component name="editorHistoryManager">
    <entry file="file://$PROJECT_DIR$/Tests/UnitTest1.cs">
      <provider selected="true" editor-type-id="text-editor">
        <state>
          <folding>
            <marker date="1702996549000" expanded="true" signature="77:89" ph="{...}" />
          </folding>
        </state>
      </provider>
    </entry>
    <entry file="file://$PROJECT_DIR$/SmurfGetaway/Fundamentals/Mess.cs">
      <provider selected="true" editor-type-id="text-editor">
        <state relative-caret-position="1606">
          <caret line="73" selection-start-line="73" selection-end-line="73" />
        </state>
      </provider>
    </entry>
    <entry file="file://$PROJECT_DIR$/SmurfGetaway/Fundamentals/Collections/Dominoes.cs">
      <provider selected="true" editor-type-id="text-editor">
        <state relative-caret-position="687">
          <caret line="32" column="33" selection-start-line="32" selection-start-column="33" selection-end-line="32" selection-end-column="33" />
          <folding>
            <marker date="1703001642000" expanded="true" signature="71:1886" ph="{...}" />
            <marker date="1703001642000" expanded="true" signature="120:383" ph="{...}" />
            <marker date="1703001642000" expanded="true" signature="225:351" ph="{...}" />
            <marker date="1703001642000" expanded="true" signature="275:341" ph="{...}" />
            <marker date="1703001642000" expanded="true" signature="457:678" ph="{...}" />
            <marker date="1703001642000" expanded="true" signature="743:1406" ph="{...}" />
            <marker date="1703001642000" expanded="true" signature="849:1369" ph="{...}" />
            <marker date="1703001642000" expanded="true" signature="941:1110" ph="{...}" />
            <marker date="1703001642000" expanded="true" signature="1160:1329" ph="{...}" />
            <marker date="1703001642000" expanded="true" signature="1469:1881" ph="{...}" />
            <marker date="1703001642000" expanded="true" signature="1529:1852" ph="{...}" />
          </folding>
        </state>
      </provider>
    </entry>
    <entry file="file://$PROJECT_DIR$/SmurfGetaway/Fundamentals/OOP/MagicType.cs">
      <provider selected="true" editor-type-id="text-editor">
        <state relative-caret-position="44">
          <caret line="1" column="7" selection-start-line="1" selection-start-column="7" selection-end-line="1" selection-end-column="7" />
          <folding>
            <marker date="1703080629000" expanded="true" signature="62:113" ph="{...}" />
          </folding>
        </state>
      </provider>
    </entry>
    <entry file="file://$PROJECT_DIR$/SmurfGetaway/Fundamentals/OOP/Book.cs">
      <provider selected="true" editor-type-id="text-editor">
        <state relative-caret-position="-302">
          <caret line="57" column="5" lean-forward="true" selection-start-line="57" selection-start-column="5" selection-end-line="57" selection-end-column="5" />
          <folding>
            <marker date="1703092751000" expanded="true" signature="94:2253" ph="{...}" />
            <marker date="1703092751000" expanded="true" signature="274:334" ph="{...}" />
            <marker date="1703092751000" expanded="true" signature="364:441" ph="{...}" />
            <marker date="1703092751000" expanded="true" signature="498:718" ph="{...}" />
            <marker date="1703092751000" expanded="true" signature="567:685" ph="{...}" />
            <marker date="1703092751000" expanded="true" signature="769:1342" ph="{...}" />
            <marker date="1703092751000" expanded="true" signature="898:1208" ph="{...}" />
            <marker date="1703092751000" expanded="true" signature="955:1043" ph="{...}" />
            <marker date="1703092751000" expanded="true" signature="1136:1198" ph="{...}" />
            <marker date="1703092751000" expanded="true" signature="1403:1785" ph="{...}" />
            <marker date="1703092751000" expanded="true" signature="1445:1756" ph="{...}" />
            <marker date="1703092751000" expanded="true" signature="1556:1746" ph="{...}" />
            <marker date="1703092751000" expanded="true" signature="1834:1990" ph="{...}" />
            <marker date="1703092751000" expanded="true" signature="1896:1961" ph="{...}" />
            <marker date="1703092751000" expanded="true" signature="2024:2248" ph="{...}" />
          </folding>
        </state>
      </provider>
    </entry>
    <entry file="file://$PROJECT_DIR$/SmurfGetaway/Fundamentals/OOP/RecipeBook.cs">
      <provider selected="true" editor-type-id="text-editor">
        <state relative-caret-position="264">
          <caret line="12" column="23" selection-start-line="12" selection-start-column="23" selection-end-line="12" selection-end-column="23" />
          <folding>
            <marker date="1703085744000" expanded="true" signature="72:726" ph="{...}" />
            <marker date="1703085744000" expanded="true" signature="218:273" ph="{...}" />
            <marker date="1703085744000" expanded="true" signature="311:402" ph="{...}" />
            <marker date="1703085744000" expanded="true" signature="444:722" ph="{...}" />
            <marker date="1703085744000" expanded="true" signature="484:550" ph="{...}" />
          </folding>
        </state>
      </provider>
    </entry>
    <entry file="file://$PROJECT_DIR$/SmurfGetaway/Enhancements/EmotionalSmurf.cs">
      <provider selected="true" editor-type-id="text-editor">
        <state relative-caret-position="88">
          <caret line="4" column="36" selection-start-line="4" selection-start-column="27" selection-end-line="4" selection-end-column="36" />
          <folding>
            <marker date="1703086580000" expanded="true" signature="73:339" ph="{...}" />
            <marker date="1703086580000" expanded="true" signature="316:337" ph="{...}" />
          </folding>
        </state>
      </provider>
    </entry>
    <entry file="file://$PROJECT_DIR$/SmurfGetaway/Enhancements/PhysicalSmurf.cs">
      <provider selected="true" editor-type-id="text-editor">
        <state relative-caret-position="110">
          <caret line="4" column="28" lean-forward="true" selection-start-line="4" selection-start-column="28" selection-end-line="4" selection-end-column="28" />
          <folding>
            <marker date="1703086521000" expanded="true" signature="72:454" ph="{...}" />
            <marker date="1703086521000" expanded="true" signature="166:199" ph="{...}" />
            <marker date="1703086521000" expanded="true" signature="400:451" ph="{...}" />
          </folding>
        </state>
      </provider>
    </entry>
    <entry file="file://$PROJECT_DIR$/SmurfGetaway/Enhancements/CraftsmenSmurf.cs">
      <provider selected="true" editor-type-id="text-editor">
        <state relative-caret-position="330">
          <caret line="15" column="68" selection-start-line="15" selection-start-column="68" selection-end-line="15" selection-end-column="68" />
          <folding>
            <marker date="1703095882000" expanded="true" signature="73:490" ph="{...}" />
            <marker date="1703095882000" expanded="true" signature="166:204" ph="{...}" />
            <marker date="1703095882000" expanded="true" signature="406:487" ph="{...}" />
          </folding>
        </state>
      </provider>
    </entry>
    <entry file="file://$PROJECT_DIR$/SmurfGetaway/Enhancements/Smurfs_list">
      <provider selected="true" editor-type-id="text-editor">
        <state relative-caret-position="594">
          <caret line="27" column="52" selection-start-line="27" selection-start-column="43" selection-end-line="27" selection-end-column="52" />
        </state>
      </provider>
    </entry>
    <entry file="file://$PROJECT_DIR$/SmurfGetaway/Enhancements/OtherSmurf.cs">
      <provider selected="true" editor-type-id="text-editor">
        <state relative-caret-position="154">
          <caret line="7" column="93" selection-start-line="7" selection-start-column="38" selection-end-line="7" selection-end-column="93" />
          <folding>
            <marker date="1703087642000" expanded="true" signature="69:328" ph="{...}" />
            <marker date="1703087642000" expanded="true" signature="304:325" ph="{...}" />
          </folding>
        </state>
      </provider>
    </entry>
    <entry file="file://$PROJECT_DIR$/SmurfGetaway/Fundamentals/OOP/SpellBook.cs">
      <provider selected="true" editor-type-id="text-editor">
        <state relative-caret-position="286">
          <caret line="13" column="22" selection-start-line="13" selection-start-column="22" selection-end-line="13" selection-end-column="22" />
          <folding>
            <marker date="1703085716000" expanded="true" signature="71:786" ph="{...}" />
            <marker date="1703085716000" expanded="true" signature="222:269" ph="{...}" />
            <marker date="1703085716000" expanded="true" signature="307:392" ph="{...}" />
            <marker date="1703085716000" expanded="true" signature="434:783" ph="{...}" />
            <marker date="1703085716000" expanded="true" signature="500:777" ph="{...}" />
            <marker date="1703085716000" expanded="true" signature="550:601" ph="..." />
            <marker date="1703085716000" expanded="true" signature="643:695" ph="..." />
            <marker date="1703085716000" expanded="true" signature="716:767" ph="..." />
          </folding>
        </state>
      </provider>
    </entry>
    <entry file="file://$PROJECT_DIR$/SmurfGetaway/Fundamentals/OOP/Shelf.cs">
      <provider selected="true" editor-type-id="text-editor">
        <state relative-caret-position="418">
          <caret line="19" column="29" selection-start-line="19" selection-start-column="29" selection-end-line="19" selection-end-column="29" />
          <folding>
            <marker date="1703085319000" expanded="true" signature="60:2374" ph="{...}" />
            <marker date="1703085319000" expanded="true" signature="261:479" ph="{...}" />
            <marker date="1703085319000" expanded="true" signature="409:473" ph="{...}" />
            <marker date="1703085319000" expanded="true" signature="524:708" ph="{...}" />
            <marker date="1703085319000" expanded="true" signature="749:974" ph="{...}" />
            <marker date="1703085319000" expanded="true" signature="797:945" ph="{...}" />
            <marker date="1703085319000" expanded="true" signature="851:935" ph="{...}" />
            <marker date="1703085319000" expanded="true" signature="1003:1223" ph="{...}" />
            <marker date="1703085319000" expanded="true" signature="1074:1194" ph="{...}" />
            <marker date="1703085319000" expanded="true" signature="1131:1184" ph="{...}" />
            <marker date="1703085319000" expanded="true" signature="1260:2368" ph="{...}" />
            <marker date="1703085319000" expanded="true" signature="1356:2340" ph="{...}" />
            <marker date="1703085319000" expanded="true" signature="1564:2329" ph="{...}" />
            <marker date="1703085319000" expanded="true" signature="1682:1834" ph="{...}" />
            <marker date="1703085319000" expanded="true" signature="1888:2038" ph="{...}" />
            <marker date="1703085319000" expanded="true" signature="2059:2204" ph="{...}" />
          </folding>
        </state>
      </provider>
    </entry>
    <entry file="file://$PROJECT_DIR$/SmurfGetaway/Fundamentals/Collections/Sequence.cs">
      <provider selected="true" editor-type-id="text-editor">
        <state relative-caret-position="924">
          <caret line="42" column="25" selection-start-line="42" selection-start-column="25" selection-end-line="42" selection-end-column="25" />
          <folding>
            <marker date="1703077749000" expanded="true" signature="71:2212" ph="{...}" />
            <marker date="1703077749000" expanded="true" signature="154:294" ph="{...}" />
            <marker date="1703077749000" expanded="true" signature="193:265" ph="{...}" />
            <marker date="1703077749000" expanded="true" signature="356:782" ph="{...}" />
            <marker date="1703077749000" expanded="true" signature="499:673" ph="{...}" />
            <marker date="1703077749000" expanded="true" signature="596:663" ph="{...}" />
            <marker date="1703077749000" expanded="true" signature="709:776" ph="{...}" />
            <marker date="1703077749000" expanded="true" signature="834:1054" ph="{...}" />
            <marker date="1703077749000" expanded="true" signature="903:1021" ph="{...}" />
            <marker date="1703077749000" expanded="true" signature="1114:1408" ph="{...}" />
            <marker date="1703077749000" expanded="true" signature="1243:1379" ph="{...}" />
            <marker date="1703077749000" expanded="true" signature="1501:2209" ph="{...}" />
            <marker date="1703077749000" expanded="true" signature="1708:1895" ph="{...}" />
            <marker date="1703077749000" expanded="true" signature="1996:2063" ph="{...}" />
            <marker date="1703077749000" expanded="true" signature="2107:2173" ph="{...}" />
          </folding>
        </state>
      </provider>
    </entry>
    <entry file="file://$PROJECT_DIR$/SmurfGetaway/Proficiencies/Node.cs">
      <provider selected="true" editor-type-id="text-editor">
        <state relative-caret-position="66">
          <caret line="2" column="13" selection-start-line="2" selection-start-column="13" selection-end-line="2" selection-end-column="13" />
          <folding>
            <marker date="1702898632000" expanded="true" signature="56:588" ph="{...}" />
            <marker date="1702898632000" expanded="true" signature="293:445" ph="{...}" />
            <marker date="1702898632000" expanded="true" signature="479:586" ph="{...}" />
          </folding>
        </state>
      </provider>
    </entry>
    <entry file="file://$PROJECT_DIR$/SmurfGetaway/Program.cs">
      <provider selected="true" editor-type-id="text-editor">
        <state relative-caret-position="633">
          <caret line="84" column="34" selection-start-line="84" selection-start-column="34" selection-end-line="84" selection-end-column="34" />
          <folding>
            <marker date="1703097607000" expanded="true" signature="0:399" ph="/*..." />
            <marker date="1703097607000" expanded="true" signature="401:1296" ph="/* Queue&lt;(int, string)&gt; seq1 = new Queue&lt;(int, string)&gt; ( ... */" />
            <marker date="1703097607000" expanded="true" signature="1298:1699" ph="/* SmurfGetaway.Fundamentals.OOP.Book book1 = new SmurfGetaway.Fundamentals.OOP.Book(72, &quot;Smurfenstein&quot;); ... */" />
            <marker date="1703097607000" expanded="true" signature="1735:2005" ph="/* List&lt;Smurf&gt; smurfs = SmurfGetaway.Enhancements.DataProcessing.ParseSmurfFile(&quot;../../../Enhancements/Smurfs_lis ... */" />
            <marker date="1703097607000" expanded="true" signature="2850:2891" ph="{...}" />
            <marker date="1703097607000" expanded="true" signature="2930:2972" ph="{...}" />
          </folding>
        </state>
      </provider>
    </entry>
    <entry file="file://$PROJECT_DIR$/SmurfGetaway/Proficiencies/Path.cs">
      <provider selected="true" editor-type-id="text-editor">
        <state relative-caret-position="198">
          <caret line="7" column="38" selection-start-line="7" selection-start-column="38" selection-end-line="7" selection-end-column="38" />
          <folding>
            <marker date="1703165430000" expanded="true" signature="56:191" ph="{...}" />
            <marker date="1703165430000" expanded="true" signature="136:188" ph="{...}" />
          </folding>
        </state>
      </provider>
    </entry>
    <entry file="file://$PROJECT_DIR$/SmurfGetaway/Fundamentals/Collections/Library.cs">
      <provider selected="true" editor-type-id="text-editor">
        <state relative-caret-position="700">
          <caret line="53" selection-start-line="53" selection-end-line="53" />
          <folding>
            <marker date="1703166203000" expanded="false" signature="6:57" ph="..." />
            <marker date="1703166203000" expanded="true" signature="129:1312" ph="{...}" />
            <marker date="1703166203000" expanded="true" signature="223:444" ph="{...}" />
            <marker date="1703166203000" expanded="true" signature="274:438" ph="{...}" />
            <marker date="1703166203000" expanded="true" signature="529:766" ph="{...}" />
            <marker date="1703166203000" expanded="true" signature="651:737" ph="{...}" />
            <marker date="1703166203000" expanded="true" signature="810:1012" ph="{...}" />
            <marker date="1703166203000" expanded="true" signature="875:937" ph="{...}" />
            <marker date="1703166203000" expanded="true" signature="1093:1303" ph="{...}" />
            <marker date="1703166203000" expanded="true" signature="1194:1274" ph="{...}" />
          </folding>
        </state>
      </provider>
    </entry>
    <entry file="file://$PROJECT_DIR$/SmurfGetaway/Fundamentals/Collections/Pile.cs">
      <provider selected="true" editor-type-id="text-editor">
        <state relative-caret-position="132">
          <caret line="4" column="84" lean-forward="true" selection-start-line="4" selection-start-column="84" selection-end-line="4" selection-end-column="84" />
          <folding>
            <marker date="1703166203000" expanded="true" signature="67:1062" ph="{...}" />
            <marker date="1703166203000" expanded="true" signature="349:1059" ph="{...}" />
            <marker date="1703166203000" expanded="true" signature="458:990" ph="{...}" />
            <marker date="1703166203000" expanded="true" signature="518:576" ph="{...}" />
            <marker date="1703166203000" expanded="true" signature="631:911" ph="{...}" />
            <marker date="1703166203000" expanded="true" signature="928:980" ph="{...}" />
          </folding>
        </state>
      </provider>
    </entry>
    <entry file="file://$PROJECT_DIR$/SmurfGetaway/Enhancements/DataProcessing.cs">
      <provider selected="true" editor-type-id="text-editor">
        <state relative-caret-position="787">
          <caret line="101" column="9" selection-start-line="101" selection-start-column="9" selection-end-line="101" selection-end-column="9" />
          <folding>
            <marker date="1703167635000" expanded="true" signature="6:59" ph="..." />
            <marker date="1703167635000" expanded="true" signature="126:5114" ph="{...}" />
            <marker date="1703167635000" expanded="true" signature="174:423" ph="{...}" />
            <marker date="1703167635000" expanded="true" signature="258:295" ph="{...}" />
            <marker date="1703167635000" expanded="true" signature="342:393" ph="{...}" />
            <marker date="1703167635000" expanded="true" signature="473:727" ph="{...}" />
            <marker date="1703167635000" expanded="true" signature="571:608" ph="{...}" />
            <marker date="1703167635000" expanded="true" signature="646:697" ph="{...}" />
            <marker date="1703167635000" expanded="true" signature="785:3548" ph="{...}" />
            <marker date="1703167635000" expanded="true" signature="852:3393" ph="{...}" />
            <marker date="1703167635000" expanded="true" signature="992:3359" ph="{...}" />
            <marker date="1703167635000" expanded="true" signature="1038:3307" ph="{...}" />
            <marker date="1703167635000" expanded="true" signature="1610:1778" ph="{...}" />
            <marker date="1703167635000" expanded="true" signature="2294:3289" ph="{...}" />
            <marker date="1703167635000" expanded="true" signature="2355:2504" ph="..." />
            <marker date="1703167635000" expanded="true" signature="2546:2698" ph="..." />
            <marker date="1703167635000" expanded="true" signature="2745:2896" ph="..." />
            <marker date="1703167635000" expanded="true" signature="2934:3082" ph="..." />
            <marker date="1703167635000" expanded="true" signature="3115:3267" ph="..." />
            <marker date="1703167635000" expanded="true" signature="3419:3518" ph="{...}" />
            <marker date="1703167635000" expanded="true" signature="3608:4058" ph="{...}" />
            <marker date="1703167635000" expanded="true" signature="3710:4027" ph="{...}" />
            <marker date="1703167635000" expanded="true" signature="3764:4017" ph="{...}" />
            <marker date="1703167635000" expanded="true" signature="3866:4003" ph="{...}" />
            <marker date="1703167635000" expanded="true" signature="4122:4517" ph="{...}" />
            <marker date="1703167635000" expanded="true" signature="4227:4511" ph="{...}" />
            <marker date="1703167635000" expanded="true" signature="4330:4501" ph="{...}" />
            <marker date="1703167635000" expanded="true" signature="4595:4734" ph="{...}" />
            <marker date="1703167635000" expanded="true" signature="4788:4848" ph="{...}" />
            <marker date="1703167635000" expanded="true" signature="4911:4945" ph="{...}" />
            <marker date="1703167635000" expanded="true" signature="5019:5107" ph="{...}" />
          </folding>
        </state>
      </provider>
    </entry>
    <entry file="file://$PROJECT_DIR$/SmurfGetaway/Enhancements/Smurf.cs">
      <provider selected="true" editor-type-id="text-editor">
        <state relative-caret-position="809">
          <caret line="79" column="45" selection-start-line="79" selection-start-column="40" selection-end-line="79" selection-end-column="45" />
          <folding>
            <marker date="1703095825000" expanded="true" signature="56:2075" ph="{...}" />
            <marker date="1703095825000" expanded="true" signature="277:311" ph="{...}" />
            <marker date="1703095825000" expanded="true" signature="331:367" ph="{...}" />
            <marker date="1703095825000" expanded="true" signature="390:427" ph="{...}" />
            <marker date="1703095825000" expanded="true" signature="452:491" ph="{...}" />
            <marker date="1703095825000" expanded="true" signature="514:550" ph="{...}" />
            <marker date="1703095825000" expanded="true" signature="581:625" ph="{...}" />
            <marker date="1703095825000" expanded="true" signature="659:704" ph="{...}" />
            <marker date="1703095825000" expanded="true" signature="838:1043" ph="{...}" />
            <marker date="1703095825000" expanded="true" signature="1070:2071" ph="{...}" />
            <marker date="1703095825000" expanded="true" signature="1386:1532" ph="{...}" />
            <marker date="1703095825000" expanded="true" signature="1587:1727" ph="{...}" />
            <marker date="1703095825000" expanded="true" signature="1778:1919" ph="{...}" />
            <marker date="1703095825000" expanded="true" signature="1968:2041" ph="{...}" />
          </folding>
        </state>
      </provider>
    </entry>
    <entry file="file://$PROJECT_DIR$/SmurfGetaway/Enhancements/ArtistSmurf.cs">
      <provider selected="true" editor-type-id="text-editor">
        <state relative-caret-position="726">
          <caret line="36" column="5" lean-forward="true" selection-start-line="36" selection-start-column="5" selection-end-line="36" selection-end-column="5" />
          <folding>
            <marker date="1703089024000" expanded="true" signature="70:1094" ph="{...}" />
            <marker date="1703089024000" expanded="true" signature="166:207" ph="{...}" />
            <marker date="1703089024000" expanded="true" signature="240:317" ph="{...}" />
            <marker date="1703089024000" expanded="true" signature="516:1091" ph="{...}" />
            <marker date="1703089024000" expanded="true" signature="590:1085" ph="{...}" />
            <marker date="1703089024000" expanded="true" signature="661:1075" ph="{...}" />
            <marker date="1703089024000" expanded="true" signature="945:1061" ph="{...}" />
          </folding>
        </state>
      </provider>
    </entry>
  </component>
</project>