<project version="4">
  <component name="BookmarksManager">
    <option name="groups">
      <GroupState>
        <option name="name" value="Smurfket" />
      </GroupState>
    </option>
  </component>
  <component name="FileEditorManager">
    <leaf SIDE_TABS_SIZE_LIMIT_KEY="-1">
      <file current-in-tab="false">
        <entry file="file://$PROJECT_DIR$/Smurfket/Fundamentals/CupidPotion.cs">
          <provider selected="true" editor-type-id="text-editor">
            <state relative-caret-position="176">
              <caret line="8" column="54" selection-start-line="8" selection-start-column="54" selection-end-line="8" selection-end-column="54" />
              <folding>
                <marker date="1702401339000" expanded="true" signature="67:425" ph="{...}" />
                <marker date="1702401339000" expanded="true" signature="154:322" ph="{...}" />
                <marker date="1702401339000" expanded="true" signature="378:423" ph="{...}" />
              </folding>
            </state>
          </provider>
        </entry>
      </file>
      <file current-in-tab="false">
        <entry file="file://$PROJECT_DIR$/Smurfket/Fundamentals/Ingredient.cs">
          <provider selected="true" editor-type-id="text-editor">
            <state relative-caret-position="710">
              <caret line="33" column="20" selection-start-line="33" selection-start-column="20" selection-end-line="33" selection-end-column="20" />
              <folding>
                <marker date="1702374973000" expanded="true" signature="57:613" ph="{...}" />
                <marker date="1702374973000" expanded="true" signature="142:181" ph="{...}" />
                <marker date="1702374973000" expanded="true" signature="213:247" ph="{...}" />
                <marker date="1702374973000" expanded="true" signature="272:310" ph="{...}" />
                <marker date="1702374973000" expanded="true" signature="368:432" ph="{...}" />
                <marker date="1702374973000" expanded="true" signature="478:606" ph="{...}" />
              </folding>
            </state>
          </provider>
        </entry>
      </file>
      <file current-in-tab="false">
        <entry file="file://$PROJECT_DIR$/Smurfket/Fundamentals/HealPotion.cs">
          <provider selected="true" editor-type-id="text-editor">
            <state relative-caret-position="110">
              <caret line="5" column="5" selection-start-line="5" selection-start-column="5" selection-end-line="5" selection-end-column="5" />
              <folding>
                <marker date="1702400951000" expanded="true" signature="66:418" ph="{...}" />
                <marker date="1702400951000" expanded="true" signature="153:264" ph="{...}" />
                <marker date="1702400951000" expanded="true" signature="320:415" ph="{...}" />
              </folding>
            </state>
          </provider>
        </entry>
      </file>
      <file current-in-tab="false">
        <entry file="file://$PROJECT_DIR$/Smurfket/Proficiencies/Truck.cs">
          <provider selected="true" editor-type-id="text-editor">
            <state relative-caret-position="176">
              <caret line="7" column="5" selection-start-line="7" selection-start-column="5" selection-end-line="7" selection-end-column="5" />
              <folding>
                <marker date="1702492552000" expanded="true" signature="63:435" ph="{...}" />
                <marker date="1702492552000" expanded="true" signature="123:164" ph="{...}" />
                <marker date="1702492552000" expanded="true" signature="264:312" ph="{...}" />
                <marker date="1702492552000" expanded="true" signature="350:432" ph="{...}" />
              </folding>
            </state>
          </provider>
        </entry>
      </file>
      <file current-in-tab="false">
        <entry file="file://$PROJECT_DIR$/Smurfket/Proficiencies/Car.cs">
          <provider selected="true" editor-type-id="text-editor">
            <state relative-caret-position="550">
              <caret line="22" column="1" selection-start-line="22" selection-start-column="1" selection-end-line="22" selection-end-column="1" />
              <folding>
                <marker date="1702487846000" expanded="true" signature="61:412" ph="{...}" />
                <marker date="1702487846000" expanded="true" signature="115:153" ph="{...}" />
                <marker date="1702487846000" expanded="true" signature="249:291" ph="{...}" />
                <marker date="1702487846000" expanded="true" signature="327:409" ph="{...}" />
              </folding>
            </state>
          </provider>
        </entry>
      </file>
      <file>
        <entry file="file://$PROJECT_DIR$/Smurfket/Proficiencies/Vehicle.cs">
          <provider selected="true" editor-type-id="text-editor">
            <state relative-caret-position="330">
              <caret line="13" column="5" selection-start-line="13" selection-start-column="5" selection-end-line="13" selection-end-column="5" />
              <folding>
                <marker date="1702487124000" expanded="true" signature="55:388" ph="{...}" />
                <marker date="1702487124000" expanded="true" signature="192:274" ph="{...}" />
                <marker date="1702487124000" expanded="true" signature="307:386" ph="{...}" />
              </folding>
            </state>
          </provider>
        </entry>
      </file>
      <file current-in-tab="false">
        <entry file="file://$PROJECT_DIR$/Smurfket/Proficiencies/FleetManager.cs">
          <provider selected="true" editor-type-id="text-editor">
            <state relative-caret-position="616">
              <caret line="28" column="57" selection-start-line="28" selection-start-column="57" selection-end-line="28" selection-end-column="57" />
              <folding>
                <marker date="1702492781000" expanded="true" signature="60:1097" ph="{...}" />
                <marker date="1702492781000" expanded="true" signature="132:191" ph="{...}" />
                <marker date="1702492781000" expanded="true" signature="240:293" ph="{...}" />
                <marker date="1702492781000" expanded="true" signature="330:383" ph="{...}" />
                <marker date="1702492781000" expanded="true" signature="421:1091" ph="{...}" />
                <marker date="1702492781000" expanded="true" signature="500:1057" ph="{...}" />
                <marker date="1702492781000" expanded="true" signature="540:626" ph="{...}" />
                <marker date="1702492781000" expanded="true" signature="675:775" ph="{...}" />
                <marker date="1702492781000" expanded="true" signature="814:904" ph="{...}" />
                <marker date="1702492781000" expanded="true" signature="947:1034" ph="{...}" />
              </folding>
            </state>
          </provider>
        </entry>
      </file>
      <file current-in-tab="false">
        <entry file="file://$PROJECT_DIR$/Smurfket/Proficiencies/Parser.cs">
          <provider selected="true" editor-type-id="text-editor">
            <state relative-caret-position="1195">
              <caret line="86" column="24" selection-start-line="86" selection-start-column="24" selection-end-line="86" selection-end-column="24" />
              <folding>
                <marker date="1702492307000" expanded="true" signature="54:2574" ph="{...}" />
                <marker date="1702492307000" expanded="true" signature="126:2571" ph="{...}" />
                <marker date="1702492307000" expanded="true" signature="221:2539" ph="{...}" />
                <marker date="1702492307000" expanded="true" signature="340:2529" ph="{...}" />
                <marker date="1702492307000" expanded="true" signature="458:560" ph="{...}" />
                <marker date="1702492307000" expanded="true" signature="676:779" ph="{...}" />
                <marker date="1702492307000" expanded="true" signature="895:998" ph="{...}" />
                <marker date="1702492307000" expanded="true" signature="1096:1198" ph="{...}" />
                <marker date="1702492307000" expanded="true" signature="1316:1431" ph="{...}" />
                <marker date="1702492307000" expanded="true" signature="1533:1637" ph="{...}" />
                <marker date="1702492307000" expanded="true" signature="1771:1890" ph="{...}" />
                <marker date="1702492307000" expanded="true" signature="1942:2051" ph="{...}" />
                <marker date="1702492307000" expanded="true" signature="2098:2214" ph="{...}" />
                <marker date="1702492307000" expanded="true" signature="2256:2367" ph="{...}" />
                <marker date="1702492307000" expanded="true" signature="2411:2515" ph="{...}" />
              </folding>
            </state>
          </provider>
        </entry>
      </file>
      <file current-in-tab="false">
        <entry file="file://$PROJECT_DIR$/Smurfket/Fundamentals/Shop.cs">
          <provider selected="true" editor-type-id="text-editor">
            <state relative-caret-position="3101">
              <caret line="141" column="69" selection-start-line="141" selection-start-column="66" selection-end-line="141" selection-end-column="69" />
              <folding>
                <marker date="1702492511000" expanded="true" signature="51:4784" ph="{...}" />
                <marker date="1702492511000" expanded="true" signature="251:402" ph="{...}" />
                <marker date="1702492511000" expanded="true" signature="295:396" ph="{...}" />
                <marker date="1702492511000" expanded="true" signature="421:612" ph="{...}" />
                <marker date="1702492511000" expanded="true" signature="654:797" ph="{...}" />
                <marker date="1702492511000" expanded="true" signature="847:1028" ph="{...}" />
                <marker date="1702492511000" expanded="true" signature="924:1002" ph="{...}" />
                <marker date="1702492511000" expanded="true" signature="1079:1238" ph="{...}" />
                <marker date="1702492511000" expanded="true" signature="1296:4777" ph="{...}" />
                <marker date="1702492511000" expanded="true" signature="1405:2176" ph="{...}" />
                <marker date="1702492511000" expanded="true" signature="1646:2166" ph="{...}" />
                <marker date="1702492511000" expanded="true" signature="1721:1998" ph="{...}" />
                <marker date="1702492511000" expanded="true" signature="1807:1980" ph="{...}" />
                <marker date="1702492511000" expanded="true" signature="2233:4762" ph="{...}" />
                <marker date="1702492511000" expanded="true" signature="2267:3283" ph="..." />
                <marker date="1702492511000" expanded="true" signature="2284:3260" ph="..." />
                <marker date="1702492511000" expanded="true" signature="2348:3185" ph="{...}" />
                <marker date="1702492511000" expanded="true" signature="2403:2501" ph="..." />
                <marker date="1702492511000" expanded="true" signature="2540:2638" ph="..." />
                <marker date="1702492511000" expanded="true" signature="2675:2771" ph="..." />
                <marker date="1702492511000" expanded="true" signature="2812:2913" ph="..." />
                <marker date="1702492511000" expanded="true" signature="2948:3043" ph="..." />
                <marker date="1702492511000" expanded="true" signature="3072:3167" ph="..." />
                <marker date="1702492511000" expanded="true" signature="3309:3964" ph="..." />
                <marker date="1702492511000" expanded="true" signature="3326:3941" ph="..." />
                <marker date="1702492511000" expanded="true" signature="3374:3905" ph="{...}" />
                <marker date="1702492511000" expanded="true" signature="3432:3514" ph="..." />
                <marker date="1702492511000" expanded="true" signature="3555:3638" ph="..." />
                <marker date="1702492511000" expanded="true" signature="3680:3764" ph="..." />
                <marker date="1702492511000" expanded="true" signature="3793:3887" ph="..." />
                <marker date="1702492511000" expanded="true" signature="3989:4645" ph="..." />
                <marker date="1702492511000" expanded="true" signature="4006:4622" ph="..." />
                <marker date="1702492511000" expanded="true" signature="4058:4586" ph="{...}" />
                <marker date="1702492511000" expanded="true" signature="4116:4197" ph="..." />
                <marker date="1702492511000" expanded="true" signature="4238:4320" ph="..." />
                <marker date="1702492511000" expanded="true" signature="4362:4445" ph="..." />
                <marker date="1702492511000" expanded="true" signature="4474:4568" ph="..." />
                <marker date="1702492511000" expanded="true" signature="4666:4752" ph="..." />
              </folding>
            </state>
          </provider>
        </entry>
      </file>
      <file current-in-tab="false">
        <entry file="file://$PROJECT_DIR$/Smurfket/Proficiencies/Motorcycle.cs">
          <provider selected="true" editor-type-id="text-editor">
            <state relative-caret-position="220">
              <caret line="8" column="26" selection-start-line="8" selection-start-column="26" selection-end-line="8" selection-end-column="26" />
              <folding>
                <marker date="1702489461000" expanded="true" signature="68:439" ph="{...}" />
                <marker date="1702489461000" expanded="true" signature="124:163" ph="{...}" />
                <marker date="1702489461000" expanded="true" signature="266:310" ph="{...}" />
                <marker date="1702489461000" expanded="true" signature="353:436" ph="{...}" />
              </folding>
            </state>
          </provider>
        </entry>
      </file>
    </leaf>
  </component>
  <component name="FileTypeUsageLocalSummary">
    <fileType name="C#">
      <summary usageCount="120" lastUsed="1703088238752" />
    </fileType>
  </component>
  <component name="FindInProjectRecents">
    <findStrings>
      <find>item</find>
      <find>conso</find>
      <find>con</find>
      <find>//</find>
      <find>isin</find>
      <find>is</find>
    </findStrings>
  </component>
  <component name="IdeDocumentHistory">
    <changedPaths>
      <option value="$PROJECT_DIR$/Tests/UnitTest1.cs" />
      <option value="$PROJECT_DIR$/Smurfket/Fundamentals/Employee.cs" />
      <option value="$PROJECT_DIR$/Smurfket/Fundamentals/Factory.cs" />
      <option value="$PROJECT_DIR$/Smurfket/Fundamentals/Ingredient.cs" />
      <option value="$PROJECT_DIR$/Smurfket/Fundamentals/PotionType.cs" />
      <option value="$PROJECT_DIR$/Smurfket/Fundamentals/HealPotion.cs" />
      <option value="$PROJECT_DIR$/Smurfket/Fundamentals/BeautyPotion.cs" />
      <option value="$PROJECT_DIR$/Smurfket/Fundamentals/CupidPotion.cs" />
      <option value="$PROJECT_DIR$/Smurfket/Fundamentals/SmurfEat.cs" />
      <option value="$PROJECT_DIR$/Smurfket/Fundamentals/IngredientType.cs" />
      <option value="$PROJECT_DIR$/Smurfket/Enhancements/Person.cs" />
      <option value="$PROJECT_DIR$/Smurfket/Enhancements/Employee.cs" />
      <option value="$PROJECT_DIR$/Smurfket/Enhancements/ShortWorker.cs" />
      <option value="$PROJECT_DIR$/Smurfket/Enhancements/Supervisor.cs" />
      <option value="$PROJECT_DIR$/Smurfket/Enhancements/HatWorker.cs" />
      <option value="$PROJECT_DIR$/Smurfket/Enhancements/Factory.cs" />
      <option value="$PROJECT_DIR$/Smurfket/Proficiencies/Vehicle.cs" />
      <option value="$PROJECT_DIR$/Smurfket/Fundamentals/Potion.cs" />
      <option value="$PROJECT_DIR$/Smurfket/Proficiencies/Car.cs" />
      <option value="$PROJECT_DIR$/Smurfket/Proficiencies/Motorcycle.cs" />
      <option value="$PROJECT_DIR$/Smurfket/Proficiencies/Truck.cs" />
      <option value="$PROJECT_DIR$/Smurfket/Proficiencies/FleetManager.cs" />
      <option value="$PROJECT_DIR$/Smurfket/Program.cs" />
      <option value="$PROJECT_DIR$/Smurfket/Proficiencies/Parser.cs" />
      <option value="$PROJECT_DIR$/Smurfket/Fundamentals/Shop.cs" />
    </changedPaths>
  </component>
  <component name="IgnoredFileRootStore">
    <option name="generatedRoots">
      <set>
        <option value="$PROJECT_DIR$/.idea/.idea.Smurfket/.idea" />
      </set>
    </option>
  </component>
  <component name="LanguageUsageStatistics">
    <language id="C#">
      <summary usageCount="120" lastUsage="1703088238753" />
    </language>
  </component>
  <component name="ProjectView">
    <navigator currentView="SolutionExplorer" proportions="0.9" version="1" />
    <panes>
      <pane id="AssemblyExplorer" />
      <pane id="FileSystemExplorer" />
      <pane id="SolutionExplorer">
        <subPane>
          <expand>
            <path>
              <item name="Project" type="784c90a0:SolutionExplorerRootNode" />
              <item name="Smurfket" type="24d0babc:SolutionExplorerModelNode" />
            </path>
            <path>
              <item name="Project" type="784c90a0:SolutionExplorerRootNode" />
              <item name="Smurfket" type="24d0babc:SolutionExplorerModelNode" />
              <item name="Smurfket" type="24d0babc:SolutionExplorerModelNode" />
            </path>
            <path>
              <item name="Project" type="784c90a0:SolutionExplorerRootNode" />
              <item name="Smurfket" type="24d0babc:SolutionExplorerModelNode" />
              <item name="Smurfket" type="24d0babc:SolutionExplorerModelNode" />
              <item name="Fundamentals" type="24d0babc:SolutionExplorerModelNode" />
            </path>
            <path>
              <item name="Project" type="784c90a0:SolutionExplorerRootNode" />
              <item name="Smurfket" type="24d0babc:SolutionExplorerModelNode" />
              <item name="Smurfket" type="24d0babc:SolutionExplorerModelNode" />
              <item name="Proficiencies" type="24d0babc:SolutionExplorerModelNode" />
            </path>
          </expand>
          <select>
            <path>
              <item name="Project" type="784c90a0:SolutionExplorerRootNode" />
              <item name="Smurfket" type="24d0babc:SolutionExplorerModelNode" />
              <item name="Smurfket" type="24d0babc:SolutionExplorerModelNode" />
              <item name="Proficiencies" type="24d0babc:SolutionExplorerModelNode" />
              <item name="Vehicle.cs" type="24d0babc:SolutionExplorerModelNode" />
            </path>
          </select>
        </subPane>
        <option name="show-all-files" value="false" />
        <option name="show-project-imports" value="true" />
        <option name="autoscroll-all" value="false" />
        <option name="show-scratches" value="true" />
        <option name="search-dependencies" value="false" />
        <option name="show-unreal-project-files" value="true" />
      </pane>
    </panes>
  </component>
  <component name="RiderPerAppToolWindowOpenedTWKeeper">
    <option name="map">
      <map>
        <entry key="Bookmarks">
          <value>
            <window_info id="Bookmarks" side_tool="true" />
          </value>
        </entry>
        <entry key="Build">
          <value>
            <window_info anchor="bottom" id="Build" order="4" weight="0.3303187" />
          </value>
        </entry>
        <entry key="Commit">
          <value>
            <window_info id="Commit" />
          </value>
        </entry>
        <entry key="Database">
          <value>
            <window_info anchor="right" id="Database" order="0" />
          </value>
        </entry>
        <entry key="Database Changes">
          <value>
            <window_info anchor="bottom" id="Database Changes" show_stripe_button="false" />
          </value>
        </entry>
        <entry key="Debug">
          <value>
            <window_info anchor="bottom" id="Debug" order="3" weight="0.40008613" />
          </value>
        </entry>
        <entry key="Dynamic Program Analysis">
          <value>
            <window_info anchor="bottom" id="Dynamic Program Analysis" />
          </value>
        </entry>
        <entry key="Endpoints">
          <value>
            <window_info anchor="right" id="Endpoints" order="0" show_stripe_button="false" />
          </value>
        </entry>
        <entry key="File Transfer">
          <value>
            <window_info anchor="bottom" id="File Transfer" />
          </value>
        </entry>
        <entry key="Find">
          <value>
            <window_info anchor="bottom" id="Find" order="1" />
          </value>
        </entry>
        <entry key="IL Viewer">
          <value>
            <window_info anchor="right" id="IL Viewer" />
          </value>
        </entry>
        <entry key="Inspection">
          <value>
            <window_info anchor="bottom" id="Inspection" order="4" weight="0.4" />
          </value>
        </entry>
        <entry key="Notifications">
          <value>
            <window_info anchor="right" id="Notifications" order="0" weight="0.25" />
          </value>
        </entry>
        <entry key="NuGet">
          <value>
            <window_info anchor="bottom" id="NuGet" order="4" />
          </value>
        </entry>
        <entry key="Problems View">
          <value>
            <window_info anchor="bottom" id="Problems View" order="4" weight="0.3303187" />
          </value>
        </entry>
        <entry key="Project">
          <value>
            <window_info active="true" content_ui="combo" id="Project" order="0" visible="true" weight="0.21372652" />
          </value>
        </entry>
        <entry key="Pull Requests">
          <value>
            <window_info id="Pull Requests" />
          </value>
        </entry>
        <entry key="Run">
          <value>
            <window_info anchor="bottom" id="Run" order="2" visible="true" weight="0.24677002" />
          </value>
        </entry>
        <entry key="Services">
          <value>
            <window_info anchor="bottom" id="Services" order="4" show_stripe_button="false" />
          </value>
        </entry>
        <entry key="Space Code Reviews">
          <value>
            <window_info id="Space Code Reviews" />
          </value>
        </entry>
        <entry key="Structure">
          <value>
            <window_info id="Structure" order="0" side_tool="true" />
          </value>
        </entry>
        <entry key="TODO">
          <value>
            <window_info anchor="bottom" id="TODO" />
          </value>
        </entry>
        <entry key="Terminal">
          <value>
            <window_info anchor="bottom" id="Terminal" order="4" />
          </value>
        </entry>
        <entry key="TypeScript">
          <value>
            <window_info anchor="bottom" id="TypeScript" />
          </value>
        </entry>
        <entry key="Unit Tests">
          <value>
            <window_info anchor="bottom" id="Unit Tests" weight="0.3299712" />
          </value>
        </entry>
        <entry key="Unit Tests Coverage">
          <value>
            <window_info anchor="right" id="Unit Tests Coverage" />
          </value>
        </entry>
        <entry key="Version Control">
          <value>
            <window_info anchor="bottom" id="Version Control" order="0" weight="0.3303187" />
          </value>
        </entry>
        <entry key="documentation.v2">
          <value>
            <window_info anchor="right" id="documentation.v2" side_tool="true" />
          </value>
        </entry>
        <entry key="dotMemory Profiler">
          <value>
            <window_info anchor="bottom" id="dotMemory Profiler" />
          </value>
        </entry>
        <entry key="dotTrace Profiler">
          <value>
            <window_info anchor="bottom" id="dotTrace Profiler" />
          </value>
        </entry>
      </map>
    </option>
  </component>
  <component name="RunConfigurationStartHistory">
    <history>
      <element setting=".NET Project.Smurfket" />
    </history>
  </component>
  <component name="RunToolbarSettings">
    <option name="slotOrder">
      <option value="5a0197d4-7dbf-4af3-9906-056da7ef4406" />
    </option>
    <slots>
      <entry key="5a0197d4-7dbf-4af3-9906-056da7ef4406" value=".NET Project.Smurfket" />
    </slots>
  </component>
  <component name="TimeTrackingManager">
    <option name="totallyTimeSpent" value="29289000" />
  </component>
  <component name="TodoView">
    <todo-panel id="selected-file">
      <is-autoscroll-to-source value="true" />
    </todo-panel>
    <todo-panel id="all">
      <are-packages-shown value="true" />
      <is-autoscroll-to-source value="true" />
    </todo-panel>
  </component>
  <component name="ToolWindowManager">
    <layout>
      <window_info id="Space Code Reviews" />
      <window_info id="Bookmarks" side_tool="true" />
      <window_info id="Pull Requests" />
      <window_info id="Commit" />
      <window_info id="Structure" order="0" side_tool="true" />
      <window_info active="true" content_ui="combo" id="Project" order="0" visible="true" weight="0.21372652" />
      <window_info anchor="bottom" id="Database Changes" show_stripe_button="false" />
      <window_info anchor="bottom" id="TypeScript" />
      <window_info anchor="bottom" id="Dynamic Program Analysis" />
      <window_info anchor="bottom" id="TODO" />
      <window_info anchor="bottom" id="Unit Tests" weight="0.3299712" />
      <window_info anchor="bottom" id="dotTrace Profiler" />
      <window_info anchor="bottom" id="File Transfer" />
      <window_info anchor="bottom" id="dotMemory Profiler" />
      <window_info anchor="bottom" id="Version Control" order="0" weight="0.3303187" />
      <window_info anchor="bottom" id="Find" order="1" />
      <window_info anchor="bottom" id="Run" order="2" visible="true" weight="0.24677002" />
      <window_info anchor="bottom" id="Debug" order="3" weight="0.40008613" />
      <window_info anchor="bottom" id="Build" order="4" weight="0.3303187" />
      <window_info anchor="bottom" id="Inspection" order="4" weight="0.4" />
      <window_info anchor="bottom" id="Problems View" order="4" weight="0.3303187" />
      <window_info anchor="bottom" id="Terminal" order="4" />
      <window_info anchor="bottom" id="NuGet" order="4" />
      <window_info anchor="bottom" id="Services" order="4" show_stripe_button="false" />
      <window_info anchor="right" id="Unit Tests Coverage" />
      <window_info anchor="right" id="IL Viewer" />
      <window_info anchor="right" id="documentation.v2" side_tool="true" />
      <window_info anchor="right" id="Endpoints" order="0" show_stripe_button="false" />
      <window_info anchor="right" id="Database" order="0" />
      <window_info anchor="right" id="Notifications" order="0" weight="0.25" />
      <unified_weights bottom="0.40008613" left="0.21372652" />
    </layout>
    <recentWindows>
      <value>Project</value>
    </recentWindows>
  </component>
  <component name="WindowStateProjectService">
    <state width="1874" height="258" key="GridCell.Tab.0.bottom" timestamp="1702490814477">
      <screen x="0" y="0" width="1920" height="1200" />
    </state>
    <state width="1874" height="228" key="GridCell.Tab.0.bottom/0.0.1920.1080@0.0.1920.1080" timestamp="1702405865195" />
    <state width="1874" height="258" key="GridCell.Tab.0.bottom/0.0.1920.1200@0.0.1920.1200" timestamp="1702490814477" />
    <state width="1874" height="258" key="GridCell.Tab.0.center" timestamp="1702490814477">
      <screen x="0" y="0" width="1920" height="1200" />
    </state>
    <state width="1874" height="228" key="GridCell.Tab.0.center/0.0.1920.1080@0.0.1920.1080" timestamp="1702405865195" />
    <state width="1874" height="258" key="GridCell.Tab.0.center/0.0.1920.1200@0.0.1920.1200" timestamp="1702490814477" />
    <state width="1874" height="258" key="GridCell.Tab.0.left" timestamp="1702490814477">
      <screen x="0" y="0" width="1920" height="1200" />
    </state>
    <state width="1874" height="228" key="GridCell.Tab.0.left/0.0.1920.1080@0.0.1920.1080" timestamp="1702405865195" />
    <state width="1874" height="258" key="GridCell.Tab.0.left/0.0.1920.1200@0.0.1920.1200" timestamp="1702490814477" />
    <state width="1874" height="258" key="GridCell.Tab.0.right" timestamp="1702490814477">
      <screen x="0" y="0" width="1920" height="1200" />
    </state>
    <state width="1874" height="228" key="GridCell.Tab.0.right/0.0.1920.1080@0.0.1920.1080" timestamp="1702405865195" />
    <state width="1874" height="258" key="GridCell.Tab.0.right/0.0.1920.1200@0.0.1920.1200" timestamp="1702490814477" />
    <state x="555" y="265" width="804" height="520" key="Rider.ProjectTemplateDialog.Size" timestamp="1702374183433">
      <screen x="0" y="0" width="1920" height="1080" />
    </state>
    <state x="555" y="265" width="804" height="520" key="Rider.ProjectTemplateDialog.Size/0.0.1920.1080@0.0.1920.1080" timestamp="1702374183433" />
    <state x="622" y="272" key="run.anything.popup" timestamp="1702482327573">
      <screen x="0" y="0" width="1920" height="1200" />
    </state>
    <state x="622" y="245" key="run.anything.popup/0.0.1920.1080@0.0.1920.1080" timestamp="1702404948334" />
    <state x="622" y="272" key="run.anything.popup/0.0.1920.1200@0.0.1920.1200" timestamp="1702482327573" />
  </component>
  <component name="editorHistoryManager">
    <entry file="file://$PROJECT_DIR$/Smurfket/Fundamentals/Employee.cs" />
    <entry file="file://$PROJECT_DIR$/Smurfket/Fundamentals/Factory.cs" />
    <entry file="file://$PROJECT_DIR$/Tests/UnitTest1.cs">
      <provider selected="true" editor-type-id="text-editor">
        <state>
          <folding>
            <marker date="1702374183000" expanded="true" signature="77:89" ph="{...}" />
          </folding>
        </state>
      </provider>
    </entry>
    <entry file="file://$PROJECT_DIR$/Smurfket/Fundamentals/IngredientType.cs">
      <provider selected="true" editor-type-id="text-editor">
        <state relative-caret-position="-9">
          <caret line="4" column="4" selection-start-line="4" selection-start-column="4" selection-end-line="8" selection-end-column="15" />
        </state>
      </provider>
    </entry>
    <entry file="file://$PROJECT_DIR$/Smurfket/Fundamentals/PotionType.cs">
      <provider selected="true" editor-type-id="text-editor">
        <state relative-caret-position="126">
          <caret line="5" column="10" selection-start-line="5" selection-start-column="4" selection-end-line="5" selection-end-column="10" />
        </state>
      </provider>
    </entry>
    <entry file="file://$PROJECT_DIR$/Smurfket/Fundamentals/SmurfEat.cs">
      <provider selected="true" editor-type-id="text-editor">
        <state relative-caret-position="198">
          <caret line="7" column="45" selection-start-line="7" selection-start-column="44" selection-end-line="7" selection-end-column="45" />
          <folding>
            <marker date="1702401613000" expanded="true" signature="55:244" ph="{...}" />
            <marker date="1702401613000" expanded="true" signature="145:241" ph="{...}" />
          </folding>
        </state>
      </provider>
    </entry>
    <entry file="file://$PROJECT_DIR$/Smurfket/Enhancements/Supervisor.cs">
      <provider selected="true" editor-type-id="text-editor">
        <state relative-caret-position="462">
          <caret line="17" lean-forward="true" selection-start-line="17" selection-end-line="17" />
          <folding>
            <marker date="1702484258000" expanded="true" signature="68:328" ph="{...}" />
            <marker date="1702484258000" expanded="true" signature="118:130" ph="{...}" />
            <marker date="1702484258000" expanded="true" signature="165:228" ph="{...}" />
            <marker date="1702484258000" expanded="true" signature="259:319" ph="{...}" />
          </folding>
        </state>
      </provider>
    </entry>
    <entry file="file://$PROJECT_DIR$/Smurfket/Enhancements/HatWorker.cs">
      <provider selected="true" editor-type-id="text-editor">
        <state relative-caret-position="418">
          <caret line="15" column="27" selection-start-line="15" selection-start-column="18" selection-end-line="15" selection-end-column="27" />
          <folding>
            <marker date="1702484085000" expanded="true" signature="107:345" ph="{...}" />
            <marker date="1702484085000" expanded="true" signature="156:168" ph="{...}" />
            <marker date="1702484085000" expanded="true" signature="197:252" ph="{...}" />
            <marker date="1702484085000" expanded="true" signature="283:341" ph="{...}" />
          </folding>
        </state>
      </provider>
    </entry>
    <entry file="file://$PROJECT_DIR$/Smurfket/Enhancements/ShortWorker.cs">
      <provider selected="true" editor-type-id="text-editor">
        <state relative-caret-position="374">
          <caret line="13" column="29" lean-forward="true" selection-start-line="13" selection-start-column="29" selection-end-line="13" selection-end-column="29" />
          <folding>
            <marker date="1702484170000" expanded="true" signature="69:315" ph="{...}" />
            <marker date="1702484170000" expanded="true" signature="120:132" ph="{...}" />
            <marker date="1702484170000" expanded="true" signature="163:220" ph="{...}" />
            <marker date="1702484170000" expanded="true" signature="251:311" ph="{...}" />
          </folding>
        </state>
      </provider>
    </entry>
    <entry file="file://$PROJECT_DIR$/Smurfket/Enhancements/Person.cs">
      <provider selected="true" editor-type-id="text-editor">
        <state relative-caret-position="528">
          <caret line="20" column="5" lean-forward="true" selection-start-line="20" selection-start-column="5" selection-end-line="20" selection-end-column="5" />
          <folding>
            <marker date="1702483566000" expanded="true" signature="53:319" ph="{...}" />
            <marker date="1702483566000" expanded="true" signature="105:169" ph="{...}" />
            <marker date="1702483566000" expanded="true" signature="201:235" ph="{...}" />
            <marker date="1702483566000" expanded="true" signature="272:316" ph="{...}" />
          </folding>
        </state>
      </provider>
    </entry>
    <entry file="file://$PROJECT_DIR$/Smurfket/Enhancements/Employee.cs">
      <provider selected="true" editor-type-id="text-editor">
        <state relative-caret-position="286">
          <caret line="10" column="37" selection-start-line="10" selection-start-column="37" selection-end-line="10" selection-end-column="37" />
          <folding>
            <marker date="1702483873000" expanded="true" signature="64:203" ph="{...}" />
            <marker date="1702483873000" expanded="true" signature="112:124" ph="{...}" />
            <marker date="1702483873000" expanded="true" signature="150:200" ph="{...}" />
          </folding>
        </state>
      </provider>
    </entry>
    <entry file="file://$PROJECT_DIR$/Smurfket/Enhancements/Factory.cs">
      <provider selected="true" editor-type-id="text-editor">
        <state relative-caret-position="401">
          <caret line="83" column="56" selection-start-line="83" selection-start-column="41" selection-end-line="83" selection-end-column="56" />
          <folding>
            <marker date="1702486794000" expanded="true" signature="54:2257" ph="{...}" />
            <marker date="1702486794000" expanded="true" signature="132:171" ph="{...}" />
            <marker date="1702486794000" expanded="true" signature="193:248" ph="{...}" />
            <marker date="1702486794000" expanded="true" signature="297:343" ph="{...}" />
            <marker date="1702486794000" expanded="true" signature="378:1125" ph="{...}" />
            <marker date="1702486794000" expanded="true" signature="484:1095" ph="{...}" />
            <marker date="1702486794000" expanded="true" signature="599:670" ph="{...}" />
            <marker date="1702486794000" expanded="true" signature="732:813" ph="{...}" />
            <marker date="1702486794000" expanded="true" signature="866:943" ph="{...}" />
            <marker date="1702486794000" expanded="true" signature="960:1085" ph="{...}" />
            <marker date="1702486794000" expanded="true" signature="1171:1404" ph="{...}" />
            <marker date="1702486794000" expanded="true" signature="1284:1367" ph="{...}" />
            <marker date="1702486794000" expanded="true" signature="1454:2252" ph="{...}" />
            <marker date="1702486794000" expanded="true" signature="1567:2215" ph="{...}" />
            <marker date="1702486794000" expanded="true" signature="1682:1762" ph="{...}" />
            <marker date="1702486794000" expanded="true" signature="1824:1912" ph="{...}" />
            <marker date="1702486794000" expanded="true" signature="1965:2045" ph="{...}" />
            <marker date="1702486794000" expanded="true" signature="2062:2205" ph="{...}" />
          </folding>
        </state>
      </provider>
    </entry>
    <entry file="file://$PROJECT_DIR$/Smurfket/Program.cs">
      <provider selected="true" editor-type-id="text-editor">
        <state relative-caret-position="2266">
          <caret line="105" column="2" selection-start-line="105" selection-start-column="2" selection-end-line="105" selection-end-column="2" />
          <folding>
            <element signature="e#0#87#0" expanded="true" />
            <marker date="1702490838000" expanded="true" signature="90:645" ph="/* List&lt;Ingredient&gt; testPotion = new List&lt;Ingredient&gt;() { new Ingredient(IngredientType.MUSHROOM, 2) }; ... */" />
            <marker date="1702490838000" expanded="true" signature="647:984" ph="/* Shop smurfShop = new Shop(); ... */" />
            <marker date="1702490838000" expanded="true" signature="986:1356" ph="/* Shop smurfShop = new Shop(); ... */" />
            <marker date="1702490838000" expanded="true" signature="1358:1888" ph="/* Shop smurfShop = new Shop(); ... */" />
            <marker date="1702490838000" expanded="true" signature="1889:2270" ph="/* Shop smurfShop = new Shop(); ... */" />
            <marker date="1702490838000" expanded="true" signature="2272:2921" ph="/* HatWorker hatWorker = new HatWorker(&quot;Vendredi&quot;); ... */" />
          </folding>
        </state>
      </provider>
    </entry>
    <entry file="file://$PROJECT_DIR$/Smurfket/Fundamentals/Potion.cs">
      <provider selected="true" editor-type-id="text-editor">
        <state relative-caret-position="836">
          <caret line="38" column="27" selection-start-line="38" selection-start-column="27" selection-end-line="38" selection-end-column="27" />
        </state>
      </provider>
    </entry>
    <entry file="file://$PROJECT_DIR$/Smurfket/Fundamentals/BeautyPotion.cs">
      <provider selected="true" editor-type-id="text-editor">
        <state relative-caret-position="88">
          <caret line="4" column="22" selection-start-line="4" selection-start-column="22" selection-end-line="4" selection-end-column="22" />
          <folding>
            <marker date="1702401239000" expanded="true" signature="68:430" ph="{...}" />
            <marker date="1702401239000" expanded="true" signature="155:319" ph="{...}" />
            <marker date="1702401239000" expanded="true" signature="376:422" ph="{...}" />
          </folding>
        </state>
      </provider>
    </entry>
    <entry file="file://$PROJECT_DIR$/Smurfket/Fundamentals/CupidPotion.cs">
      <provider selected="true" editor-type-id="text-editor">
        <state relative-caret-position="176">
          <caret line="8" column="54" selection-start-line="8" selection-start-column="54" selection-end-line="8" selection-end-column="54" />
          <folding>
            <marker date="1702401339000" expanded="true" signature="67:425" ph="{...}" />
            <marker date="1702401339000" expanded="true" signature="154:322" ph="{...}" />
            <marker date="1702401339000" expanded="true" signature="378:423" ph="{...}" />
          </folding>
        </state>
      </provider>
    </entry>
    <entry file="file://$PROJECT_DIR$/Smurfket/Fundamentals/Ingredient.cs">
      <provider selected="true" editor-type-id="text-editor">
        <state relative-caret-position="710">
          <caret line="33" column="20" selection-start-line="33" selection-start-column="20" selection-end-line="33" selection-end-column="20" />
          <folding>
            <marker date="1702374973000" expanded="true" signature="57:613" ph="{...}" />
            <marker date="1702374973000" expanded="true" signature="142:181" ph="{...}" />
            <marker date="1702374973000" expanded="true" signature="213:247" ph="{...}" />
            <marker date="1702374973000" expanded="true" signature="272:310" ph="{...}" />
            <marker date="1702374973000" expanded="true" signature="368:432" ph="{...}" />
            <marker date="1702374973000" expanded="true" signature="478:606" ph="{...}" />
          </folding>
        </state>
      </provider>
    </entry>
    <entry file="file://$PROJECT_DIR$/Smurfket/Fundamentals/HealPotion.cs">
      <provider selected="true" editor-type-id="text-editor">
        <state relative-caret-position="110">
          <caret line="5" column="5" selection-start-line="5" selection-start-column="5" selection-end-line="5" selection-end-column="5" />
          <folding>
            <marker date="1702400951000" expanded="true" signature="66:418" ph="{...}" />
            <marker date="1702400951000" expanded="true" signature="153:264" ph="{...}" />
            <marker date="1702400951000" expanded="true" signature="320:415" ph="{...}" />
          </folding>
        </state>
      </provider>
    </entry>
    <entry file="file://$PROJECT_DIR$/Smurfket/Fundamentals/Shop.cs">
      <provider selected="true" editor-type-id="text-editor">
        <state relative-caret-position="3101">
          <caret line="141" column="69" selection-start-line="141" selection-start-column="66" selection-end-line="141" selection-end-column="69" />
          <folding>
            <marker date="1702492511000" expanded="true" signature="51:4784" ph="{...}" />
            <marker date="1702492511000" expanded="true" signature="251:402" ph="{...}" />
            <marker date="1702492511000" expanded="true" signature="295:396" ph="{...}" />
            <marker date="1702492511000" expanded="true" signature="421:612" ph="{...}" />
            <marker date="1702492511000" expanded="true" signature="654:797" ph="{...}" />
            <marker date="1702492511000" expanded="true" signature="847:1028" ph="{...}" />
            <marker date="1702492511000" expanded="true" signature="924:1002" ph="{...}" />
            <marker date="1702492511000" expanded="true" signature="1079:1238" ph="{...}" />
            <marker date="1702492511000" expanded="true" signature="1296:4777" ph="{...}" />
            <marker date="1702492511000" expanded="true" signature="1405:2176" ph="{...}" />
            <marker date="1702492511000" expanded="true" signature="1646:2166" ph="{...}" />
            <marker date="1702492511000" expanded="true" signature="1721:1998" ph="{...}" />
            <marker date="1702492511000" expanded="true" signature="1807:1980" ph="{...}" />
            <marker date="1702492511000" expanded="true" signature="2233:4762" ph="{...}" />
            <marker date="1702492511000" expanded="true" signature="2267:3283" ph="..." />
            <marker date="1702492511000" expanded="true" signature="2284:3260" ph="..." />
            <marker date="1702492511000" expanded="true" signature="2348:3185" ph="{...}" />
            <marker date="1702492511000" expanded="true" signature="2403:2501" ph="..." />
            <marker date="1702492511000" expanded="true" signature="2540:2638" ph="..." />
            <marker date="1702492511000" expanded="true" signature="2675:2771" ph="..." />
            <marker date="1702492511000" expanded="true" signature="2812:2913" ph="..." />
            <marker date="1702492511000" expanded="true" signature="2948:3043" ph="..." />
            <marker date="1702492511000" expanded="true" signature="3072:3167" ph="..." />
            <marker date="1702492511000" expanded="true" signature="3309:3964" ph="..." />
            <marker date="1702492511000" expanded="true" signature="3326:3941" ph="..." />
            <marker date="1702492511000" expanded="true" signature="3374:3905" ph="{...}" />
            <marker date="1702492511000" expanded="true" signature="3432:3514" ph="..." />
            <marker date="1702492511000" expanded="true" signature="3555:3638" ph="..." />
            <marker date="1702492511000" expanded="true" signature="3680:3764" ph="..." />
            <marker date="1702492511000" expanded="true" signature="3793:3887" ph="..." />
            <marker date="1702492511000" expanded="true" signature="3989:4645" ph="..." />
            <marker date="1702492511000" expanded="true" signature="4006:4622" ph="..." />
            <marker date="1702492511000" expanded="true" signature="4058:4586" ph="{...}" />
            <marker date="1702492511000" expanded="true" signature="4116:4197" ph="..." />
            <marker date="1702492511000" expanded="true" signature="4238:4320" ph="..." />
            <marker date="1702492511000" expanded="true" signature="4362:4445" ph="..." />
            <marker date="1702492511000" expanded="true" signature="4474:4568" ph="..." />
            <marker date="1702492511000" expanded="true" signature="4666:4752" ph="..." />
          </folding>
        </state>
      </provider>
    </entry>
    <entry file="file://$PROJECT_DIR$/Smurfket/Proficiencies/Motorcycle.cs">
      <provider selected="true" editor-type-id="text-editor">
        <state relative-caret-position="220">
          <caret line="8" column="26" selection-start-line="8" selection-start-column="26" selection-end-line="8" selection-end-column="26" />
          <folding>
            <marker date="1702489461000" expanded="true" signature="68:439" ph="{...}" />
            <marker date="1702489461000" expanded="true" signature="124:163" ph="{...}" />
            <marker date="1702489461000" expanded="true" signature="266:310" ph="{...}" />
            <marker date="1702489461000" expanded="true" signature="353:436" ph="{...}" />
          </folding>
        </state>
      </provider>
    </entry>
    <entry file="file://$PROJECT_DIR$/Smurfket/Proficiencies/FleetManager.cs">
      <provider selected="true" editor-type-id="text-editor">
        <state relative-caret-position="616">
          <caret line="28" column="57" selection-start-line="28" selection-start-column="57" selection-end-line="28" selection-end-column="57" />
          <folding>
            <marker date="1702492781000" expanded="true" signature="60:1097" ph="{...}" />
            <marker date="1702492781000" expanded="true" signature="132:191" ph="{...}" />
            <marker date="1702492781000" expanded="true" signature="240:293" ph="{...}" />
            <marker date="1702492781000" expanded="true" signature="330:383" ph="{...}" />
            <marker date="1702492781000" expanded="true" signature="421:1091" ph="{...}" />
            <marker date="1702492781000" expanded="true" signature="500:1057" ph="{...}" />
            <marker date="1702492781000" expanded="true" signature="540:626" ph="{...}" />
            <marker date="1702492781000" expanded="true" signature="675:775" ph="{...}" />
            <marker date="1702492781000" expanded="true" signature="814:904" ph="{...}" />
            <marker date="1702492781000" expanded="true" signature="947:1034" ph="{...}" />
          </folding>
        </state>
      </provider>
    </entry>
    <entry file="file://$PROJECT_DIR$/Smurfket/Proficiencies/Parser.cs">
      <provider selected="true" editor-type-id="text-editor">
        <state relative-caret-position="1195">
          <caret line="86" column="24" selection-start-line="86" selection-start-column="24" selection-end-line="86" selection-end-column="24" />
          <folding>
            <marker date="1702492307000" expanded="true" signature="54:2574" ph="{...}" />
            <marker date="1702492307000" expanded="true" signature="126:2571" ph="{...}" />
            <marker date="1702492307000" expanded="true" signature="221:2539" ph="{...}" />
            <marker date="1702492307000" expanded="true" signature="340:2529" ph="{...}" />
            <marker date="1702492307000" expanded="true" signature="458:560" ph="{...}" />
            <marker date="1702492307000" expanded="true" signature="676:779" ph="{...}" />
            <marker date="1702492307000" expanded="true" signature="895:998" ph="{...}" />
            <marker date="1702492307000" expanded="true" signature="1096:1198" ph="{...}" />
            <marker date="1702492307000" expanded="true" signature="1316:1431" ph="{...}" />
            <marker date="1702492307000" expanded="true" signature="1533:1637" ph="{...}" />
            <marker date="1702492307000" expanded="true" signature="1771:1890" ph="{...}" />
            <marker date="1702492307000" expanded="true" signature="1942:2051" ph="{...}" />
            <marker date="1702492307000" expanded="true" signature="2098:2214" ph="{...}" />
            <marker date="1702492307000" expanded="true" signature="2256:2367" ph="{...}" />
            <marker date="1702492307000" expanded="true" signature="2411:2515" ph="{...}" />
          </folding>
        </state>
      </provider>
    </entry>
    <entry file="file://$PROJECT_DIR$/Smurfket/Proficiencies/Truck.cs">
      <provider selected="true" editor-type-id="text-editor">
        <state relative-caret-position="176">
          <caret line="7" column="5" selection-start-line="7" selection-start-column="5" selection-end-line="7" selection-end-column="5" />
          <folding>
            <marker date="1702492552000" expanded="true" signature="63:435" ph="{...}" />
            <marker date="1702492552000" expanded="true" signature="123:164" ph="{...}" />
            <marker date="1702492552000" expanded="true" signature="264:312" ph="{...}" />
            <marker date="1702492552000" expanded="true" signature="350:432" ph="{...}" />
          </folding>
        </state>
      </provider>
    </entry>
    <entry file="file://$PROJECT_DIR$/Smurfket/Proficiencies/Car.cs">
      <provider selected="true" editor-type-id="text-editor">
        <state relative-caret-position="550">
          <caret line="22" column="1" lean-forward="true" selection-start-line="22" selection-start-column="1" selection-end-line="22" selection-end-column="1" />
          <folding>
            <marker date="1702487846000" expanded="true" signature="61:412" ph="{...}" />
            <marker date="1702487846000" expanded="true" signature="115:153" ph="{...}" />
            <marker date="1702487846000" expanded="true" signature="249:291" ph="{...}" />
            <marker date="1702487846000" expanded="true" signature="327:409" ph="{...}" />
          </folding>
        </state>
      </provider>
    </entry>
    <entry file="file://$PROJECT_DIR$/Smurfket/Proficiencies/Vehicle.cs">
      <provider selected="true" editor-type-id="text-editor">
        <state relative-caret-position="330">
          <caret line="13" column="5" selection-start-line="13" selection-start-column="5" selection-end-line="13" selection-end-column="5" />
          <folding>
            <marker date="1702487124000" expanded="true" signature="55:388" ph="{...}" />
            <marker date="1702487124000" expanded="true" signature="192:274" ph="{...}" />
            <marker date="1702487124000" expanded="true" signature="307:386" ph="{...}" />
          </folding>
        </state>
      </provider>
    </entry>
  </component>
</project>